question,answer,tag,context
কীভাবে স্তন্যপান করানো একটি দক্ষতা হিসাবে গড়ে ওঠে এবং প্রাথমিক পর্যায়ে একজন নতুন মায়ের কী আশা করা উচিত? এই শিক্ষার সময়কালে কোন সহায়তার পরামর্শ দেওয়া হয়?,"বুকের দুধ খাওয়ানো একটি দক্ষতা যার জন্য অনুশীলনের প্রয়োজন, এবং মা এবং শিশু উভয়েরই আরামদায়ক হতে সময় লাগে। প্রাথমিকভাবে, আপনি তত্ত্বটি শিখবেন, কিন্তু এটিকে বাস্তবে প্রয়োগ করা অপ্রত্যাশিত চ্যালেঞ্জ নিয়ে আসতে পারে। কিছু মহিলার বুকের দুধ খাওয়ানোর সাথে সম্পূর্ণ স্বাচ্ছন্দ্য বোধ করতে চার থেকে ছয় সপ্তাহ সময় লাগতে পারে, অন্যরা আরও দ্রুত সামঞ্জস্য করতে পারে। এই শেখার পর্যায়ে, আপনি এবং আপনার সঙ্গী আপনার উভয়ের জন্য কোনটি সবচেয়ে ভাল কাজ করে তা নির্ধারণ করতে একটি দল হিসাবে একসাথে কাজ করবেন। অসুবিধার মুহুর্তগুলির মুখোমুখি হওয়া স্বাভাবিক, এবং পরিবার, বন্ধুবান্ধব বা বুকের দুধ খাওয়ানোর সংস্থানগুলির কাছ থেকে সহায়তা চাওয়াকে উৎসাহিত করা হয়। অনুশীলনের সাথে, বুকের দুধ খাওয়ানো শেষ পর্যন্ত আরও স্বাভাবিক এবং উপভোগ্য হয়ে উঠবে।",বুকের দুধ খাওয়ানোর একটি শেখা দক্ষতা,"প্রাথমিক পর্যায়ে একটি শেখার প্রক্রিয়া, চ্যালেঞ্জ এবং সহায়তা হিসাবে বুকের দুধ খাওয়ানো।"
আপনি কিভাবে অম্বল এবং অন্যান্য পেট ব্যথা মধ্যে পার্থক্য বলতে পারেন? অম্বল উপসর্গ কি?,"অম্বল উপরের পেটে ব্যথা এবং অতিরিক্ত পেট অ্যাসিডের কারণে জ্বলন্ত সংবেদন দ্বারা চিহ্নিত করা হয়। অন্যান্য ধরণের পেটে ব্যথার মতো নয়, বিশেষত অ্যাসিড রিফ্লাক্সের কারণে অম্বল হয়, যেখানে পেটের অ্যাসিড খাদ্যনালীতে জ্বালা করে। অন্যান্য পেটের ব্যথায় জ্বলন্ত সংবেদন জড়িত নাও হতে পারে এবং বিভিন্ন অবস্থার কারণে হতে পারে।",পেটে ব্যথা এবং অম্বল,বুক জ্বালাপোড়ার লক্ষণ এবং এর কারণ
সক্রিয় শ্রমের সময় কি ঘটে? এই পর্যায়ে সংকোচন কিভাবে পরিবর্তন হয়? আবেগের মতো শ্রমের দ্বিতীয় পর্যায় কী এবং আপনি কীভাবে এটি মোকাবেলা করতে পারেন?,"সক্রিয় প্রসবের সময়, সংকোচনগুলি আরও বেদনাদায়ক, একসাথে কাছাকাছি এবং দীর্ঘতর হয়ে ওঠে, যা ইঙ্গিত দেয় যে জরায়ুটি পাতলা হয়ে গেছে এবং প্রায় 3 থেকে 5 সেন্টিমিটার পর্যন্ত প্রসারিত হয়েছে। জরায়ুর মুখ 10 সেন্টিমিটার খোলার সাথে সাথে সংকোচনের তীব্রতা ধীরে ধীরে বৃদ্ধি পায়। সবচেয়ে বেদনাদায়ক সংকোচন সম্পূর্ণ প্রসারণের ঠিক আগে ঘটে। দ্বিতীয় পর্যায়, বংশদ্ভুত হিসাবে পরিচিত, তীব্র এবং আবেগপূর্ণ অনুভব করতে পারে, প্রায়ই একটি ঝড়ের সাথে তুলনা করা হয়। আপনি শক্তিশালী আবেগ অনুভব করতে পারেন, শব্দ করার তাগিদ অনুভব করতে পারেন বা নিয়ন্ত্রণ হারাতে পারেন, যা স্বাভাবিক। মোকাবেলা করতে, শ্বাস-প্রশ্বাসের উপর ফোকাস করুন, আপনার শিশুকে নিচের দিকে নিয়ে যাওয়ার কল্পনা করুন এবং প্রক্রিয়াটির সাথে সংযুক্ত থাকুন।",সক্রিয় শ্রম এবং বংশদ্ভুত,"সক্রিয় শ্রম, সংকোচনের তীব্রতা, সার্ভিক্স প্রসারণ, দ্বিতীয় পর্যায়, মানসিক অভিজ্ঞতা"
প্রসব বেদনা পরিচালনার জন্য অন্য কোন কৌশলগুলি পাওয়া যায় এবং অ-মাদক পদ্ধতি আর কাজ না করলে আপনার কী করা উচিত?,"প্রসবকালীন ব্যথা নিয়ন্ত্রণের অতিরিক্ত কৌশলগুলির মধ্যে রয়েছে ত্বকের নিচে জীবাণুমুক্ত জলের ইনজেকশন এবং বেদনাদায়ক এলাকায় বৈদ্যুতিক উদ্দীপনার জন্য TENS মেশিন; আপনি আপনার স্বাস্থ্যসেবা প্রদানকারীর কাছ থেকে এই বিকল্পগুলি সম্পর্কে জিজ্ঞাসা করতে পারেন। যদি অ-ড্রাগ পদ্ধতি আর কার্যকর না হয়, তাহলে ওষুধের মাধ্যমে ব্যথা উপশম বিবেচনা করার একটি কার্যকর বিকল্প।",অতিরিক্ত ব্যথা উপশম কৌশল,"জীবাণুমুক্ত জলের ইনজেকশন, TENS মেশিন এবং বিকল্প হিসাবে ব্যথার ওষুধ"
"প্রশ্ন যেমন ""গর্ভবতী মহিলারা কি বিমানে ভ্রমণ করতে পারেন?"" বা ""গর্ভবতী অবস্থায় উড়তে কোন বিধিনিষেধ আছে?"" প্রায়ই গর্ভবতী মায়েরা ভ্রমণের পরিকল্পনা করে।","গর্ভবতী মহিলারা সাধারণত কোনো সমস্যা ছাড়াই বিমানে ভ্রমণ করতে পারেন, কারণ তাদের উড়তে নিষেধ করে এমন কোনো সার্বজনীন নিয়ম নেই। যাইহোক, এয়ারলাইন্সের নিজস্ব নির্দিষ্ট নিয়ম থাকতে পারে, বিশেষ করে গর্ভাবস্থার পরবর্তী পর্যায়ে মহিলাদের জন্য। আপনার টিকিট বুক করার আগে এয়ারলাইনের নীতিগুলি নিশ্চিত করা বাঞ্ছনীয়৷ আপনার স্বাস্থ্য পেশাদারের কাছ থেকে একটি স্বাক্ষরিত নোট বহন করুন যাতে আপনার নির্ধারিত তারিখ এবং আপনার স্বাস্থ্যের অবস্থার সারসংক্ষেপ নির্দেশ করে, কারণ এটি বিমানবন্দরে প্রয়োজন হতে পারে।",গর্ভাবস্থায় বিমান ভ্রমণ,এয়ারলাইন-নির্দিষ্ট নিয়ম এবং স্বাস্থ্য সতর্কতা সহ বিমান ভ্রমণ বিবেচনা করে গর্ভবতী মহিলাদের জন্য নির্দেশিকা।
আমি কি গর্ভাবস্থায় অ্যালকোহল পান করতে পারি?,"গর্ভাবস্থায় অ্যালকোহল পান করার পরামর্শ দেওয়া হয় না, যার মধ্যে হুইস্কির মতো শক্তিশালী স্পিরিট এবং দ্বিপাক্ষিক মদ্যপানের মতো কার্যকলাপ এড়ানো সহ। এমনকি বিয়ার সম্ভাব্য ঝুঁকির কারণে এড়ানো উচিত।",গর্ভাবস্থায় অ্যালকোহল সেবন,গর্ভাবস্থায় অ্যালকোহল খাওয়ার পরামর্শ
গর্ভবতী অবস্থায় অ্যালকোহল সেবন করা কি নিরাপদ?,"গর্ভাবস্থায় অ্যালকোহল পান করার পরামর্শ দেওয়া হয় না, যার মধ্যে হুইস্কির মতো শক্তিশালী স্পিরিট এবং দ্বিপাক্ষিক মদ্যপানের মতো কার্যকলাপ এড়ানো সহ। এমনকি বিয়ার সম্ভাব্য ঝুঁকির কারণে এড়ানো উচিত।",গর্ভাবস্থায় অ্যালকোহল সেবন,গর্ভাবস্থায় অ্যালকোহল খাওয়ার পরামর্শ
গর্ভাবস্থায় আমার কি অ্যালকোহল এড়ানো উচিত?,"গর্ভাবস্থায় অ্যালকোহল পান করার পরামর্শ দেওয়া হয় না, যার মধ্যে হুইস্কির মতো শক্তিশালী স্পিরিট এবং দ্বিপাক্ষিক মদ্যপানের মতো কার্যকলাপ এড়ানো সহ। এমনকি বিয়ার সম্ভাব্য ঝুঁকির কারণে এড়ানো উচিত।",গর্ভাবস্থায় অ্যালকোহল সেবন,গর্ভাবস্থায় অ্যালকোহল খাওয়ার পরামর্শ
গর্ভাবস্থায় অ্যালকোহল পান করার ঝুঁকিগুলি কী কী?,"গর্ভাবস্থায় অ্যালকোহল পান করার পরামর্শ দেওয়া হয় না, যার মধ্যে হুইস্কির মতো শক্তিশালী স্পিরিট এবং দ্বিপাক্ষিক মদ্যপানের মতো কার্যকলাপ এড়ানো সহ। এমনকি বিয়ার সম্ভাব্য ঝুঁকির কারণে এড়ানো উচিত।",গর্ভাবস্থায় অ্যালকোহল সেবন,গর্ভাবস্থায় অ্যালকোহল খাওয়ার পরামর্শ
"গর্ভবতী মহিলাদের অ্যালকোহল পান না করার পরামর্শ দেওয়া হয়, কারণ অল্প পরিমাণে শিশুর ক্ষতি করতে পারে।","গর্ভবতী মহিলাদের গর্ভাবস্থায় কোনও সময়ে অ্যালকোহল সেবন না করার পরামর্শ দেওয়া হয়। এমনকি অল্প পরিমাণে অ্যালকোহলও ক্ষতিকারক প্রভাব ফেলতে পারে এবং যত বেশি অ্যালকোহল গ্রহণ করা হয়, বিকাশমান শিশুর সম্ভাব্য ক্ষতি তত বেশি হয়। এর মধ্যে সব ধরনের অ্যালকোহল রয়েছে, যেমন বিয়ার, ওয়াইন এবং স্পিরিট। দ্বিধাহীন মদ্যপান এবং নিয়মিত সেবন বিশেষত ক্ষতিকর।",গর্ভাবস্থায় অ্যালকোহল,গর্ভাবস্থায় অ্যালকোহল সেবনের ঝুঁকি।
কোন প্রাণী-ভিত্তিক খাবারগুলি আয়রনের ভাল উত্স? গর্ভাবস্থায় লিভার সেবন সংক্রান্ত সতর্কতা কি?,"পশু-ভিত্তিক খাবার যেমন মাংস (গরুর মাংস, ভেড়ার মাংস, শুয়োরের মাংস, বাছুর, খেলা), হাঁস (মুরগির মাংস, টার্কি), মাছ (সার্ডিন, সালমন, ট্রাউট, হ্যালিবাট, হ্যাডক), সামুদ্রিক খাবার (চিংড়ি, ঝিনুক, ঝিনুক, ক্লাম) এবং অন্যান্য প্রাণী যেমন সিল, বন্য হাঁস এবং ক্যারোনোস, মোরোজ, রিচ ইন। ব্লাড সসেজও আয়রনের ভালো উৎস। যাইহোক, লিভারে প্রচুর পরিমাণে আয়রন থাকা সত্ত্বেও, গর্ভবতী মহিলাদের জন্য এটির অত্যধিক ভিটামিন A সামগ্রীর কারণে সুপারিশ করা হয় না, যা শিশুর জন্য ঝুঁকি তৈরি করতে পারে।",পশু-ভিত্তিক খাবার,প্রাণী-ভিত্তিক খাবার থেকে আয়রনের উৎস।
আপনি প্রসবপূর্ব যত্ন ব্যাখ্যা করতে পারেন?,"প্রসবপূর্ব যত্ন, যা প্রসবপূর্ব যত্ন নামেও পরিচিত, গর্ভবতী মহিলাদের গর্ভাবস্থায় তাদের দেওয়া স্বাস্থ্যসেবা।",প্রসবপূর্ব যত্ন সংজ্ঞা,প্রসবপূর্ব যত্নের সংজ্ঞা এবং ব্যাখ্যা
প্রসবপূর্ব যত্নের সংজ্ঞা দাও।,"প্রসবপূর্ব যত্ন, যা প্রসবপূর্ব যত্ন নামেও পরিচিত, গর্ভবতী মহিলাদের গর্ভাবস্থায় তাদের দেওয়া স্বাস্থ্যসেবা।",প্রসবপূর্ব যত্ন সংজ্ঞা,প্রসবপূর্ব যত্নের সংজ্ঞা এবং ব্যাখ্যা
প্রসবপূর্ব যত্নের সাথে কী জড়িত?,"প্রসবপূর্ব যত্ন, যা প্রসবপূর্ব যত্ন নামেও পরিচিত, গর্ভবতী মহিলাদের গর্ভাবস্থায় তাদের দেওয়া স্বাস্থ্যসেবা।",প্রসবপূর্ব যত্ন সংজ্ঞা,প্রসবপূর্ব যত্নের সংজ্ঞা এবং ব্যাখ্যা
প্রসবপূর্ব যত্ন কি?,"প্রসবপূর্ব যত্ন, যা প্রসবপূর্ব যত্ন নামেও পরিচিত, গর্ভবতী মহিলাদের গর্ভাবস্থায় তাদের দেওয়া স্বাস্থ্যসেবা।",প্রসবপূর্ব যত্ন সংজ্ঞা,প্রসবপূর্ব যত্নের সংজ্ঞা এবং ব্যাখ্যা
গর্ভাবস্থায় আমার কতটি প্রসবপূর্ব অ্যাপয়েন্টমেন্টের লক্ষ্য রাখা উচিত?,"আপনার গর্ভাবস্থায় প্রতি মাসে প্রায় 8টি ভিজিট করে, প্রসবপূর্ব ভিজিটগুলিতে যোগদান করার পরামর্শ দেওয়া হয়।",প্রসবপূর্ব ভিজিট ফ্রিকোয়েন্সি,গর্ভাবস্থায় প্রসবপূর্ব পরিদর্শনের প্রস্তাবিত সংখ্যা স্পষ্ট করা।
গর্ভাবস্থায় আমার কত ঘন ঘন প্রসবপূর্ব পরিদর্শন করা উচিত?,"আপনার গর্ভাবস্থায় প্রতি মাসে প্রায় 8টি ভিজিট করে, প্রসবপূর্ব ভিজিটগুলিতে যোগদান করার পরামর্শ দেওয়া হয়।",প্রসবপূর্ব ভিজিট ফ্রিকোয়েন্সি,গর্ভাবস্থায় প্রসবপূর্ব পরিদর্শনের প্রস্তাবিত সংখ্যা স্পষ্ট করা।
প্রসবপূর্ব পরিদর্শনের প্রস্তাবিত ফ্রিকোয়েন্সি কী?,আপনার গর্ভাবস্থায় প্রতি মাসে প্রায় 8টি ভিজিট করে প্রসবপূর্ব ভিজিটে যোগদান করার পরামর্শ দেওয়া হয়।,প্রসবপূর্ব ভিজিট ফ্রিকোয়েন্সি,গর্ভাবস্থায় প্রসবপূর্ব পরিদর্শনের প্রস্তাবিত সংখ্যা স্পষ্ট করা।
কেন মাসিক প্রসবপূর্ব পরিদর্শন গুরুত্বপূর্ণ?,আপনার গর্ভাবস্থায় প্রতি মাসে প্রায় 8টি ভিজিট করে প্রসবপূর্ব ভিজিটে যোগদান করার পরামর্শ দেওয়া হয়।,প্রসবপূর্ব ভিজিট ফ্রিকোয়েন্সি,গর্ভাবস্থায় প্রসবপূর্ব পরিদর্শনের প্রস্তাবিত সংখ্যা স্পষ্ট করা।
"গর্ভবতী মহিলারা প্রায়ই জিজ্ঞাসা করেন, ""গর্ভাবস্থায় আমার ক্ষুধা এত পরিবর্তিত হয় কেন?"" অথবা ""একদিন ক্ষুধার্ত বোধ করা কি স্বাভাবিক এবং পরের দিন নয়?""","গর্ভাবস্থায় আপনার ক্ষুধা ওঠানামা করা সম্পূর্ণ স্বাভাবিক, কারণ প্রতিটি গর্ভাবস্থাই অনন্য। প্রাথমিক পর্যায়ে হরমোনের পরিবর্তন আপনার ক্ষুধা বাড়িয়ে দিতে পারে, যদিও আপনার পুষ্টির চাহিদা একই থাকে। আপনার গর্ভাবস্থার অগ্রগতির সাথে সাথে, ক্রমবর্ধমান জরায়ুর মতো শারীরিক পরিবর্তনগুলি আপনার পেটে চাপ দিতে পারে, যা হজমকে ধীর করে দিতে পারে এবং ক্ষুধা কমাতে পারে। উপরন্তু, সাধারণ গর্ভাবস্থার অস্বস্তি, যেমন বমি বমি ভাব বা বুকজ্বালা, আপনি কতটা বা কতটা কম খেতে চান তাও প্রভাবিত করতে পারে। আপনার শরীরের কথা শোনা এবং প্রয়োজন অনুযায়ী আপনার খাদ্যাভ্যাস সামঞ্জস্য করা গুরুত্বপূর্ণ।",গর্ভাবস্থায় ক্ষুধা,গর্ভাবস্থায় শারীরিক এবং হরমোনের পরিবর্তনের কারণে ক্ষুধার পরিবর্তন।
একটি areola কি,স্তনের চারপাশে স্তনের গাঢ় এলাকা।,আরিওলা,আরিওলা সংজ্ঞা
গর্ভাবস্থায় কৃত্রিম মিষ্টি খাওয়া কি নিরাপদ?,"হেলথ কানাডা কৃত্রিম মিষ্টিকে বিবেচনা করে, যেমন অ্যাসপার্টাম, সুক্রলোজ এবং সরবিটল, গর্ভাবস্থায় সেবনের জন্য নিরাপদ, প্রক্রিয়াজাত খাবার সহ বা রান্নার জন্য ব্যবহার করা হয়। অনেক ""ডায়েট"" খাবার এবং পানীয়তে এই সুইটনার থাকে, যেমন নির্দিষ্ট দই, পানীয়, জ্যাম এবং চুইংগাম। যাইহোক, সুগার টুইন-এর মতো পণ্যে পাওয়া সাইক্ল্যামেট, ডাক্তারের পরামর্শ ছাড়া ব্যবহার করা উচিত নয়। আপনি যদি চিনি খাওয়া কমাতে পছন্দ করেন তবে এই মিষ্টিগুলিকে সাধারণত গর্ভাবস্থায় নিরাপদ বিকল্প হিসাবে বিবেচনা করা হয়।",কৃত্রিম সুইটেনার্স,গর্ভাবস্থায় কৃত্রিম মিষ্টির নিরাপত্তা।
গর্ভাবস্থায় আমার ব্যবহার করা উচিত নয় এমন কিছু আছে কি?,"গর্ভাবস্থায়, আপনার শিশুর স্বাস্থ্য রক্ষার জন্য অ্যালকোহল, ড্রাগস এবং সিগারেটের মতো পদার্থগুলি এড়িয়ে চলা অত্যন্ত গুরুত্বপূর্ণ।",গর্ভাবস্থায় এড়িয়ে চলা,গর্ভাবস্থায় কিছু পদার্থ এড়িয়ে চলার গুরুত্ব
"গর্ভাবস্থায় আমার কি অ্যালকোহল, ড্রাগস এবং সিগারেট এড়ানো উচিত?","গর্ভাবস্থায়, আপনার শিশুর স্বাস্থ্য রক্ষার জন্য অ্যালকোহল, ড্রাগস এবং সিগারেটের মতো পদার্থগুলি এড়িয়ে চলা অত্যন্ত গুরুত্বপূর্ণ।",গর্ভাবস্থায় এড়িয়ে চলা,গর্ভাবস্থায় কিছু পদার্থ এড়িয়ে চলার গুরুত্ব
গর্ভাবস্থায় আমার কী এড়ানো উচিত?,"গর্ভাবস্থায়, আপনার শিশুর স্বাস্থ্য রক্ষার জন্য অ্যালকোহল, ড্রাগস এবং সিগারেটের মতো পদার্থগুলি এড়িয়ে চলা অত্যন্ত গুরুত্বপূর্ণ।",গর্ভাবস্থায় এড়িয়ে চলা,গর্ভাবস্থায় কিছু পদার্থ এড়িয়ে চলার গুরুত্ব
গর্ভাবস্থায় কোন পদার্থ ক্ষতিকর?,"গর্ভাবস্থায়, আপনার শিশুর স্বাস্থ্য রক্ষার জন্য অ্যালকোহল, ড্রাগস এবং সিগারেটের মতো পদার্থগুলি এড়িয়ে চলা অত্যন্ত গুরুত্বপূর্ণ।",গর্ভাবস্থায় এড়িয়ে চলা,গর্ভাবস্থায় কিছু পদার্থ এড়িয়ে চলার গুরুত্ব
4 মাসে একটি শিশুর কত ঘুম প্রয়োজন? এই বয়সে আপনার শিশুকে কি রাতে খাওয়ানোর প্রয়োজন হবে?,"4 মাসে, শিশুরা সাধারণত প্রতিদিন 14 থেকে 15 ঘন্টা ঘুমায় এবং সারা রাত বেশি ঘুমাতে শুরু করে। এই সময়ে, তারা আরও অনুমানযোগ্য রুটিন তৈরি করতে শুরু করে এবং তাদের হাত চুষে নিজেকে সান্ত্বনা দিতে শেখে। কিছু শিশুর 4 থেকে 6 মাসের মধ্যে রাতে খাওয়ানোর প্রয়োজন বন্ধ হতে পারে, অন্যদের এখনও রাতে খাওয়ানোর প্রয়োজন হতে পারে।","শিশুর ঘুম, 4-মাসের ঘুমের ধরণ, স্ব-শান্তকারী","ঘুমের সময়কাল, স্ব-শান্তিদায়ক, খাওয়ানোর অভ্যাস"
প্রথম সপ্তাহে নবজাতকের ঘুমের ধরণ কী? উত্তেজিত ঘুমের সময় আপনার বাচ্চাকে জাগানো উচিত?,"প্রথম সপ্তাহে, একটি নবজাতকের ঘুমের প্যাটার্নের মধ্যে রয়েছে তন্দ্রা, শান্ত ঘুম এবং উত্তেজিত ঘুম। উত্তেজিত ঘুমের সময়, শিশুরা চোষা, ভ্রুকুটি বা এমনকি কান্নার মতো নড়াচড়া প্রদর্শন করতে পারে। এটি স্বাভাবিক, এবং তাদের খাওয়ানোর জন্য উত্সাহের প্রয়োজন না হলে তাদের জাগানোর দরকার নেই। সপ্তাহ পেরিয়ে গেলে, শিশুরা দীর্ঘ সময়ের জন্য জেগে থাকবে।","শিশুর ঘুম, ঘুমের চক্র, নবজাতকের ঘুমের ধরণ","ঘুমের চক্র, উত্তেজিত ঘুম, খাওয়ানোর উৎসাহ"
আপনার শিশু যদি মাঝরাতে জেগে ওঠে এবং আবার ঘুমাতে সাহায্যের প্রয়োজন হয় তবে আপনার কী করা উচিত? কিভাবে আপনি আপনার শিশুকে নিজে থেকে ঘুমাতে যেতে শিখতে সাহায্য করতে পারেন? আপনার শিশু রাতে খুব কান্না করলে আপনার কি করা উচিত?,"যদি আপনার শিশুর মাঝরাতে জেগে ওঠে এবং তার আবার ঘুমাতে সাহায্যের প্রয়োজন হয়, তাহলে তার সম্ভবত একই আরামের প্রয়োজন হবে যা তাকে প্রাথমিকভাবে ঘুমিয়ে পড়ার জন্য প্রয়োজন, যেমন বুকের দুধ খাওয়ানো, বোতল খাওয়ানো বা রক করা। তাকে নিজে থেকে ঘুমাতে শিখতে সাহায্য করার জন্য, আপনি তাকে প্রতি রাতে তার সাথে থাকার পরিমাণ ধীরে ধীরে হ্রাস করে ঘুমের সময় স্বাধীনভাবে ঘুমাতে শেখান। যদি আপনার শিশু রাতে ঘন ঘন কান্নাকাটি করে, তাহলে জ্বরের মতো স্বাস্থ্য সমস্যাগুলি পরীক্ষা করুন এবং যদি এটি একটি বারবার উদ্বেগ হয় তবে আপনার ডাক্তারের সাথে পরামর্শ করুন। যদি কোনও স্বাস্থ্য সমস্যা না থাকে, তবে আরও ভাল ঘুমকে উত্সাহিত করতে তার শয়নকালের রুটিন সামঞ্জস্য করার কথা বিবেচনা করুন।","শিশুর ঘুম, ঘুমের প্রশিক্ষণ, রাত জাগরণ, শয়নকালের রুটিন","ঘুমোতে ফিরে যাওয়া, ঘুমের প্রশিক্ষণের পদ্ধতি, স্বাস্থ্য পরীক্ষা, ঘুমানোর রুটিন উন্নত করা"
আপনার শিশুর কান্নার অর্থ কী এবং আপনার কীভাবে প্রতিক্রিয়া জানানো উচিত?,"কান্না একটি শিশুর বিকাশের একটি স্বাভাবিক অংশ এবং তাদের চাহিদা প্রকাশ করার উপায়। শিশুরা ক্ষুধার্ত, ক্লান্তি, ফুসকুড়ির প্রয়োজন, স্নেহ চাওয়া বা নোংরা ডায়াপার থাকার মতো কারণে কাঁদতে পারে। কান্না জীবনের দ্বিতীয় সপ্তাহ থেকে বাড়তে থাকে, ষষ্ঠ সপ্তাহের কাছাকাছি সময়ে শীর্ষে ওঠে এবং সাধারণত তৃতীয় বা চতুর্থ মাসে কমে যায়। যদিও আপনার শিশু কেন কাঁদছে তা বোঝা কঠিন হতে পারে, আপনি ধীরে ধীরে কান্নার পিছনে বিভিন্ন অর্থ চিনতে শিখবেন। কখনও কখনও, আপনার সর্বোত্তম প্রচেষ্টা সত্ত্বেও, আপনি কারণটি জানেন না। এই মুহুর্তে, শান্ত থাকা এবং আপনার শিশুকে সান্ত্বনা দেওয়া তাদের আপনাকে বিশ্বাস করতে শেখায়। দ্রুত সাড়া দেওয়া গুরুত্বপূর্ণ, কারণ প্রথম কয়েক মাসে বাচ্চাদের সময় থাকে না। আপনার শিশুকে সান্ত্বনা দেওয়া তাদের নষ্ট করবে না; এটি তাদের দেখায় যে তাদের চাহিদা পূরণ হচ্ছে এবং তাদের ভালবাসা অনুভব করতে সাহায্য করে। আপনার যদি বিরতির প্রয়োজন হয়, আপনার নিজের জন্য কিছু সময় নেওয়ার সময় আপনার শিশুকে নিরাপদ স্থানে রাখা ঠিক আছে।",বাচ্চা কাঁদছে,আপনার শিশুর কান্না বোঝা এবং শান্ত করা
কীভাবে আপনার নবজাতকের মাথার যত্ন নেওয়া উচিত এবং জন্মের পরে মাথার খুলি এবং ফন্টানেলগুলিতে কী পরিবর্তন ঘটে?,"একটি নবজাতকের ঘাড় সূক্ষ্ম কিন্তু সহজ নড়াচড়া করা উচিত; যদি কঠোরতা দেখা দেয়, পরামর্শ নিন। প্রসবের সময় চাপ অস্থায়ীভাবে শিশুর মাথা বিকৃত করতে পারে, কিন্তু কয়েক সপ্তাহের মধ্যে এটি একটি গোলাকার আকারে ফিরে আসবে। মাথার খুলির হাড়গুলি সম্পূর্ণভাবে সংযুক্ত নয় এবং মাথায় ফন্টানেল নরম দাগ দ্বারা পৃথক করা হয়। সামনের ফন্টানেল, মাথার উপরে অবস্থিত, নমনীয় এবং দৃশ্যত হৃদস্পন্দনের সাথে বীট হতে পারে। আরেকটি ছোট ত্রিভুজাকার ফন্ট্যানেল পিছনে রয়েছে। এই ফন্টানেলগুলি ভঙ্গুর কিন্তু স্পর্শ এবং ধোয়া নিরাপদ। মাথার খুলিটি 9 থেকে 18 মাসের মধ্যে একসাথে বুনা হবে এবং ফন্টানেলগুলি অদৃশ্য হয়ে যাবে।",শিশুর মাথার বিকাশ,"ঘাড়, মাথার খুলি, ফন্টানেল এবং মাথার আকৃতি"
কীভাবে আপনার নবজাতকের মাথার যত্ন নেওয়া উচিত এবং জন্মের পরে মাথার খুলি এবং ফন্টানেলগুলিতে কী পরিবর্তন ঘটে?,"একটি নবজাতকের ঘাড় সূক্ষ্ম কিন্তু সহজ নড়াচড়া করা উচিত; যদি কঠোরতা দেখা দেয়, পরামর্শ নিন। প্রসবের সময় চাপ অস্থায়ীভাবে শিশুর মাথা বিকৃত করতে পারে, কিন্তু কয়েক সপ্তাহের মধ্যে এটি একটি গোলাকার আকারে ফিরে আসবে। মাথার খুলির হাড়গুলি সম্পূর্ণভাবে সংযুক্ত নয় এবং ফন্টানেল দ্বারা আলাদা করা হয় - মাথায় নরম দাগ। সামনের ফন্টানেল, মাথার উপরে অবস্থিত, নমনীয় এবং দৃশ্যত হৃদস্পন্দনের সাথে বীট হতে পারে। আরেকটি ছোট ত্রিভুজাকার ফন্ট্যানেল পিছনে রয়েছে। এই ফন্টানেলগুলি ভঙ্গুর কিন্তু স্পর্শ এবং ধোয়া নিরাপদ। মাথার খুলিটি 9 থেকে 18 মাসের মধ্যে একসাথে বুনা হবে এবং ফন্টানেলগুলি অদৃশ্য হয়ে যাবে।",শিশুর মাথার বিকাশ,"ঘাড়, মাথার খুলি, ফন্টানেল এবং মাথার আকৃতি"
কেন বাচ্চাদের হেঁচকি হয় এবং এটি কি উদ্বেগের কারণ?,"বাচ্চাদের হেঁচকি উঠা সাধারণ ব্যাপার, বিশেষ করে খাওয়ানোর পরে। এটি একটি গুরুতর সমস্যা নয় এবং আপনার শিশুর ক্ষতি করবে না। হেঁচকি সাধারণত কয়েক মিনিটের মধ্যে নিজেই বন্ধ হয়ে যায়। যদি তারা অবিরত থাকে, তাহলে আপনার শিশুকে স্তনে ফিরিয়ে দিলে তা বন্ধ করতে সাহায্য করতে পারে।",শিশুর হেঁচকি,"খাওয়ানোর পরে হেঁচকি, নিরীহ"
একটি শিশুর ম্যাসেজ দেওয়ার পদক্ষেপগুলি কী কী এবং এটি আপনার শিশুর জন্য আরামদায়ক তা নিশ্চিত করতে আপনার কী মনে রাখা উচিত? কিভাবে আপনি একটি শিশুর ম্যাসেজের জন্য প্রস্তুত করতে পারেন এবং আপনার এবং আপনার শিশু উভয়ের জন্যই অভিজ্ঞতাটিকে উপভোগ্য করে তুলতে পারেন?,"আপনার শিশুকে প্রশান্তিদায়ক ম্যাসেজ দিতে, প্রথমে এমন একটি সময় বেছে নিন যখন সে জেগে থাকে এবং গ্রহণ করে, কিন্তু খাওয়ানোর খুব কাছাকাছি নয়। নিশ্চিত করুন যে ঘরটি উষ্ণ এবং আরামদায়ক, এবং প্রবেশের সুবিধার জন্য মেঝেতে বসুন। সুড়সুড়ি এড়াতে আপনার পুরো হাত দিয়ে একটি দৃঢ় অথচ মৃদু স্পর্শ ব্যবহার করুন এবং কোনো অ্যালার্জির প্রতিক্রিয়া পরীক্ষা করার জন্য তার ত্বকের একটি ছোট অংশে পরীক্ষা করার পরে অল্প পরিমাণে উষ্ণ উদ্ভিজ্জ তেল, যেমন সূর্যমুখী তেল প্রয়োগ করুন। নিশ্চিন্ত এবং মনোযোগী থাকুন, আপনার শিশুর প্রতিক্রিয়াগুলি পর্যবেক্ষণ করে সে সবচেয়ে বেশি কী উপভোগ করে তা খুঁজে বের করুন৷ এই পদ্ধতি একটি শান্ত এবং বন্ধন অভিজ্ঞতা তৈরি করতে সাহায্য করবে.","শিশুর ম্যাসেজ, কৌশল, প্রশান্তিদায়ক","শিশুর ম্যাসেজ, আরাম, নিরাপত্তা সতর্কতার জন্য পদক্ষেপ"
একটি শিশুর ম্যাসেজ দেওয়ার পদক্ষেপগুলি কী কী এবং এটি আপনার শিশুর জন্য আরামদায়ক তা নিশ্চিত করার জন্য আপনার কী মনে রাখা উচিত? কিভাবে আপনি একটি শিশুর ম্যাসেজের জন্য প্রস্তুত করতে পারেন এবং আপনার এবং আপনার শিশু উভয়ের জন্যই অভিজ্ঞতাটিকে উপভোগ্য করে তুলতে পারেন?,"আপনার শিশুকে প্রশান্তিদায়ক ম্যাসেজ দিতে, প্রথমে এমন একটি সময় বেছে নিন যখন সে জেগে থাকে এবং গ্রহণ করে, কিন্তু খাওয়ানোর খুব কাছাকাছি নয়। নিশ্চিত করুন যে ঘরটি উষ্ণ এবং আরামদায়ক, এবং প্রবেশের সুবিধার জন্য মেঝেতে বসুন। সুড়সুড়ি এড়াতে আপনার পুরো হাত দিয়ে একটি দৃঢ় অথচ মৃদু স্পর্শ ব্যবহার করুন এবং কোনো অ্যালার্জির প্রতিক্রিয়া পরীক্ষা করার জন্য তার ত্বকের একটি ছোট অংশে পরীক্ষা করার পরে অল্প পরিমাণে উষ্ণ উদ্ভিজ্জ তেল, যেমন সূর্যমুখী তেল প্রয়োগ করুন। শিথিল এবং মনোযোগী থাকুন, আপনার শিশুর প্রতিক্রিয়া পর্যবেক্ষণ করে সে সবচেয়ে বেশি কী উপভোগ করে তা খুঁজে বের করুন। এই পদ্ধতি একটি শান্ত এবং বন্ধন অভিজ্ঞতা তৈরি করতে সাহায্য করবে.","শিশুর ম্যাসেজ, কৌশল, প্রশান্তিদায়ক","শিশুর ম্যাসেজ, আরাম, নিরাপত্তা সতর্কতার জন্য পদক্ষেপ"
আপনি যদি 26 সপ্তাহের পরে শিশুর নড়াচড়ার হ্রাস বা অভাব লক্ষ্য করেন তবে আপনার কী করা উচিত? কিভাবে আপনি আন্দোলন নিরীক্ষণ করা উচিত?,"26 সপ্তাহ পরে, আপনি যদি আপনার শিশুর থেকে কম বা কোন নড়াচড়া লক্ষ্য করেন, বিশ্রাম করার চেষ্টা করুন এবং দেখুন নড়াচড়া ফিরে আসে কিনা। আপনি যদি দুই ঘন্টার মধ্যে ছয়টিরও কম স্বতন্ত্র নড়াচড়া গণনা করেন তবে অবিলম্বে আপনার জন্মদান সুবিধা বা স্বাস্থ্য পেশাদারের সাথে যোগাযোগ করুন বা হাসপাতালে যান। মনে রাখবেন যে আপনার শিশু বিভিন্ন সময়ে আরও সক্রিয় হতে পারে এবং আপনি সবসময় প্রতিটি নড়াচড়া অনুভব করতে পারেন না। আপনি যদি অনিশ্চিত হন, পরামর্শের জন্য আপনার হাসপাতালের প্রসূতি বিভাগ বা জন্মদান কেন্দ্রের সাথে যোগাযোগ করতে দ্বিধা করবেন না।",গর্ভাবস্থায় শিশুর নড়াচড়া,26 সপ্তাহের পরে শিশুর নড়াচড়া হ্রাস বা অভাব
একটি পূর্ণ-মেয়াদী শিশুর গড় আকার এবং ওজন কত এবং কেন জন্মের পরে একটি শিশুর ওজন হ্রাস পায়?,"একটি পূর্ণ-মেয়াদী শিশু, 37 এবং 42 সপ্তাহের মধ্যে জন্মগ্রহণ করে, সাধারণত 45 থেকে 55 সেমি (18 থেকে 21 ইঞ্চি) এবং ওজন 2,500 থেকে 4,300 গ্রাম (5.5 থেকে 9.5 পাউন্ড) এর মধ্যে হয়। মেকোনিয়াম বাদ দেওয়া, গর্ভে থাকা থেকে জল কমে যাওয়া এবং অল্প পরিমাণে দুধ খাওয়ার কারণে প্রথম কয়েক দিনে একটি শিশুর জন্মের ওজনের 10% পর্যন্ত হ্রাস হওয়া স্বাভাবিক। জন্মের 10 থেকে 14 দিনের মধ্যে, একটি সুস্থ পূর্ণ-মেয়াদী শিশু সাধারণত তাদের জন্মের ওজন ফিরে পায়।",শিশুর আকার এবং ওজন,"পূর্ণমেয়াদী শিশুর ওজন, জন্মের পর ওজন হ্রাস"
নবজাতকের জন্য সবচেয়ে নিরাপদ ঘুমের অবস্থান কী এবং ঘুমের পরিবেশের কী অবস্থা পূরণ করা উচিত? আপনার শিশুর ঘুমের সময় সঠিকভাবে ঢেকে রাখা হয়েছে তা আপনি কীভাবে নিশ্চিত করবেন?,"নবজাতকের সবসময় তাদের পিঠে ঘুমানো উচিত। একবার তারা নিজেরাই ঘুরে আসতে পারলে, তারা ঝুঁকি ছাড়াই তাদের পছন্দের অবস্থানে ঘুমাতে পারে। ঘুমের পরিবেশে একটি খাঁটি, দোলনা বা বেসিনেটে একটি দৃঢ় গদি অন্তর্ভুক্ত করা উচিত যা কানাডিয়ান নিরাপত্তা মান পূরণ করে। বালিশ, আরামদায়ক, বা বাম্পার প্যাডের মতো যে কোনও জিনিস খামারে রাখা এড়িয়ে চলুন। যদি আপনার শিশুর আচ্ছাদনের প্রয়োজন হয়, তাহলে নিরাপদ ঘুমের জন্য একটি হালকা কম্বল বা ঘুমের বস্তা ব্যবহার করুন।","শিশুর ঘুমের নিরাপত্তা, ঘুমানোর অবস্থান, নিরাপদ ঘুমের পরিবেশ","সঠিক ঘুমের অবস্থান, নিরাপদ ঘুমের অভ্যাস, ক্রিব নিরাপত্তা"
কেন নবজাতক হাঁচি দেয় এবং পিতামাতার উদ্বিগ্ন হওয়া উচিত?,"নবজাতকের জন্য ঘন ঘন হাঁচি দেওয়া স্বাভাবিক, প্রায়ই দিনে 12 বার পর্যন্ত। এর কারণ হল তাদের নাকের ভেতরের লোম সম্পূর্ণরূপে বিকশিত হয়নি এবং হাঁচি তাদের শ্বাস-প্রশ্বাসে হস্তক্ষেপ করতে পারে এমন ক্ষরণ পরিষ্কার করতে সাহায্য করে। হাঁচি আপনার শিশুর সর্দিতে আক্রান্ত হওয়ার লক্ষণ নয়।",শিশুর হাঁচি,"স্বাভাবিক হাঁচি, নাকের বিকাশ এবং শ্বাস প্রশ্বাস"
আপনার শিশুর মল থেকে আপনার কী আশা করা উচিত এবং কখন আপনার উদ্বিগ্ন হওয়া উচিত?,"প্রথম 2 থেকে 3 দিনের মধ্যে, আপনার শিশু মেকোনিয়াম পাস করবে, যা অন্ধকার এবং আঠালো। এর পরে, মল হলুদ, সবুজ বা বাদামী হয়ে যাবে এবং আপনার শিশু পর্যাপ্ত দুধ পান করলে নরম বা তরল হওয়া উচিত। প্রথম 4 থেকে 6 সপ্তাহের মধ্যে, আপনার শিশুর প্রতিদিন 3 থেকে 10টি মলত্যাগ হতে পারে। যদি প্রতিদিন একটির কম মলত্যাগ হয়, তাহলে এর অর্থ হতে পারে আপনার শিশু পর্যাপ্ত দুধ পাচ্ছে না। 4 থেকে 6 সপ্তাহের পর, বুকের দুধ খাওয়ানো শিশুদের কম মলত্যাগ হতে পারে (যেমন, প্রতি 3 থেকে 7 দিনে একটি), এবং যতক্ষণ না মল নরম থাকে ততক্ষণ এটি স্বাভাবিক। আপনার শিশুর খাদ্যের উপর ভিত্তি করে মলের রঙ, ফ্রিকোয়েন্সি এবং সামঞ্জস্য পরিবর্তন হতে পারে। যদি আপনার শিশুর মল স্বাভাবিকের চেয়ে বেশি তরল হয়ে যায়, তবে এটি একটি অস্থায়ী সমস্যা নির্দেশ করতে পারে, কিন্তু যদি আপনার শিশু সুস্থ থাকে তবে স্বাভাবিকভাবে খাওয়ানো চালিয়ে যান। আপনি উদ্বিগ্ন হলে, একজন স্বাস্থ্য পেশাদারের সাথে যোগাযোগ করুন।",শিশুর মল,"মল ফ্রিকোয়েন্সি, রঙ, এবং সামঞ্জস্য"
আপনি কিভাবে আপনার শিশুর মেজাজ বুঝতে পারেন? মেজাজের উপর ভিত্তি করে বিভিন্ন ধরনের শিশু কি কি? একটি সংবেদনশীল শিশু বা যে আরও সতর্ক হয় তাকে কীভাবে পরিচালনা করা উচিত? একটি শিশুকে ফোকাস করতে এবং শিখতে সাহায্য করার জন্য আপনার কী করা উচিত?,"আপনার শিশুর মেজাজ বোঝার জন্য তাদের অনন্য চরিত্র এবং আচরণগুলি পর্যবেক্ষণ করা জড়িত, যেমন তাদের শক্তির মাত্রা, নতুন অভিজ্ঞতার প্রতিক্রিয়া এবং আলো, শব্দ এবং টেক্সচারের প্রতি সংবেদনশীলতা। শিশুদের ""সহজ,"" ""সংবেদনশীল"" বা ""সতর্ক"" হিসাবে শ্রেণীবদ্ধ করা যেতে পারে। ""সহজ"" শিশুরা একটি নিয়মিত রুটিন অনুসরণ করে এবং পরিবর্তনের সাথে ভালোভাবে খাপ খায়। ""সংবেদনশীল"" শিশুরা অনেক কান্নাকাটি করতে পারে এবং তাদের আরও যত্ন এবং ধৈর্যের প্রয়োজন, কারণ তারা সহজে নতুন জিনিসের সাথে খাপ খায় না। ""সতর্ক"" শিশুরা শান্ত হয়, সামঞ্জস্য করতে সময় নেয় এবং আরও স্বাধীন বলে মনে হয়। তাদের মেজাজ যাই হোক না কেন, আপনার সন্তানের সাথে তাদের গতিতে সামঞ্জস্যপূর্ণ যত্ন প্রদান করা এবং তার সাথে জড়িত হওয়া অপরিহার্য, এর অর্থ তাদের শান্ত কার্যকলাপে ফোকাস করতে সহায়তা করা বা শারীরিক খেলার মাধ্যমে তাদের অন্বেষণকে উত্সাহিত করা।",শিশুর স্বভাব এবং স্বতন্ত্র পার্থক্য,"শিশুর চরিত্র, প্রতিক্রিয়া, মেজাজ, শক্তি, অভিযোজনযোগ্যতা, সংবেদনশীলতা"
কিভাবে আপনি আপনার শিশুর মেজাজ বুঝতে পারেন? মেজাজের উপর ভিত্তি করে বিভিন্ন ধরনের শিশু কি কি? একটি সংবেদনশীল শিশু বা যে আরও সতর্ক হয় তাকে কীভাবে পরিচালনা করা উচিত? একটি শিশুকে ফোকাস করতে এবং শিখতে সাহায্য করার জন্য আপনার কী করা উচিত?,"আপনার শিশুর মেজাজ বোঝার জন্য তাদের অনন্য চরিত্র এবং আচরণগুলি পর্যবেক্ষণ করা জড়িত, যেমন তাদের শক্তির মাত্রা, নতুন অভিজ্ঞতার প্রতিক্রিয়া এবং আলো, শব্দ এবং টেক্সচারের প্রতি সংবেদনশীলতা। শিশুদের ""সহজ,"" ""সংবেদনশীল"" বা ""সতর্ক"" হিসাবে শ্রেণীবদ্ধ করা যেতে পারে। ""সহজ"" শিশুরা একটি নিয়মিত রুটিন অনুসরণ করে এবং পরিবর্তনের সাথে ভালোভাবে খাপ খায়। ""সংবেদনশীল"" শিশুরা অনেক কান্নাকাটি করতে পারে এবং তাদের আরও যত্ন এবং ধৈর্যের প্রয়োজন, কারণ তারা সহজে নতুন জিনিসের সাথে খাপ খায় না। ""সতর্ক"" শিশুরা শান্ত হয়, সামঞ্জস্য করতে সময় নেয় এবং আরও স্বাধীন বলে মনে হয়। তাদের মেজাজ যাই হোক না কেন, আপনার সন্তানের সাথে তাদের গতিতে সামঞ্জস্যপূর্ণ যত্ন প্রদান করা এবং তার সাথে জড়িত হওয়া অপরিহার্য, এর অর্থ তাদের শান্ত কার্যকলাপে ফোকাস করতে সাহায্য করা বা শারীরিক খেলার মাধ্যমে তাদের অন্বেষণকে উত্সাহিত করা।",শিশুর স্বভাব এবং স্বতন্ত্র পার্থক্য,"শিশুর চরিত্র, প্রতিক্রিয়া, মেজাজ, শক্তি, অভিযোজনযোগ্যতা, সংবেদনশীলতা"
স্পর্শ কীভাবে আপনার শিশুর উপকার করে এবং এটি কার্যকরভাবে ব্যবহার করার কিছু উপায় কী কী? আপনার শিশুকে ম্যাসেজ করার সুবিধা কী এবং আপনি কীভাবে এটি আপনার রুটিনে অন্তর্ভুক্ত করতে পারেন?,"স্পর্শ নবজাতকদের জন্য যোগাযোগের একটি অত্যাবশ্যক রূপ, আরাম এবং আশ্বাস প্রদান করে এবং তাদের ভালবাসা অনুভব করতে সহায়তা করে। আপনার শিশুকে কাছে রাখা, দোলা দেওয়া এবং তাকে আদর করা তাকে শান্ত করতে পারে এবং নিরাপত্তার অনুভূতি জাগাতে পারে। আপনার শিশুকে ম্যাসেজ করা তার শারীরিক এবং মানসিক সুস্থতার বন্ধন এবং প্রচার করার একটি দুর্দান্ত উপায়। তার মন্দির বা পায়ের তলায় ম্যাসেজ করে শুরু করুন, মৃদু গতি ব্যবহার করে যা সে উপভোগ করে। ক্রিম বা লোশন দিয়ে স্নানের সময় ম্যাসাজ করা অভিজ্ঞতা বাড়াতে এবং শিথিলতাকে উত্সাহিত করতে পারে। শিশুর ম্যাসেজ স্বাস্থ্যকর বৃদ্ধি এবং বিকাশকেও সমর্থন করে।","শিশুর স্পর্শ, যোগাযোগ, ম্যাসেজ","স্পর্শের গুরুত্ব, শিশুর ম্যাসেজ, প্রশান্তিদায়ক কৌশল"
আপনার শিশু পর্যাপ্ত দুধ পান করছে কিনা তা আপনি কীভাবে বলতে পারেন এবং আপনি যদি কমলা রঙের দাগ বা প্রস্রাবের পরিবর্তন লক্ষ্য করেন তবে আপনার কী করা উচিত?,"একটি শিশু যে পর্যাপ্ত দুধ পান করে সে নিয়মিত প্রস্রাব করবে, ফ্যাকাশে হলুদ প্রস্রাব হবে এবং কোনো শনাক্তযোগ্য গন্ধ থাকবে না। 5 তম দিনের মধ্যে, তাদের দিনে কমপক্ষে 6 টি ডায়াপার ভিজানো উচিত। প্রথম কয়েক দিনের মধ্যে ডায়াপারে কমলা দাগ (ইউরেট ক্রিস্টাল) স্বাভাবিক, কিন্তু যদি সেগুলি দুই দিন ধরে চলতে থাকে, তাহলে এটি ইঙ্গিত দিতে পারে যে আপনার শিশু পর্যাপ্ত পরিমাণে পান করছে না। যদি এক সপ্তাহ পরেও এটি চলতে থাকে তবে একজন ডাক্তারের সাথে পরামর্শ করুন। যদি আপনার শিশুর প্রস্রাব কম ঘন ঘন হয়, বা প্রস্রাব গাঢ় দেখায় এবং আলাদা গন্ধ হয়, তাহলে এটি ডিহাইড্রেশনের লক্ষণ হতে পারে, সম্ভবত অতিরিক্ত গরম বা অতিরিক্ত পোশাক পরার কারণে।",শিশুর প্রস্রাব,"প্রস্রাবের রঙ, ফ্রিকোয়েন্সি, হাইড্রেশন"
কীভাবে আপনি নিশ্চিত করবেন যে আপনার নবজাতক অতিরিক্ত গরম না করে উষ্ণ এবং আদর্শ ঘরের তাপমাত্রা কত?,"নবজাতকের উষ্ণতা প্রয়োজন, তবে এটি অতিরিক্ত না করা গুরুত্বপূর্ণ। তাদের ঘাম হওয়া উচিত নয়, এবং ঘরের তাপমাত্রা যদি আপনার জন্য আরামদায়ক হয়, তাহলে আপনার শিশুর জন্যও এটি আরামদায়ক হবে। আদর্শ তাপমাত্রা হল 20°C (68°F) এবং 22°C (72°F) এর মধ্যে। হালকা কম্বল ব্যবহার করুন এবং ঘরের তাপমাত্রার উপর ভিত্তি করে এগুলি সামঞ্জস্য করুন, নিশ্চিত করুন যে আপনার শিশুটি খুব বেশি আবৃত না হয়।",শিশুর উষ্ণতা,"ঘরের তাপমাত্রা, আরাম এবং কম্বল"
কোন বয়সে একটি শিশু আলো এবং রঙের পার্থক্য করতে শুরু করে এবং কখন তার দৃষ্টি ক্ষেত্রটি প্রাপ্তবয়স্ক পর্যায়ে প্রসারিত হয়? কীভাবে দৃষ্টিশক্তি শিশুর যোগাযোগে অবদান রাখে এবং কিছু জিনিস কী সে জন্ম থেকেই দেখতে পায়?,"1 মাসে, একটি শিশু খুব উজ্জ্বল নয় এমন আলো দেখতে এবং প্রতিক্রিয়া জানাতে পারে। 2 মাসের মধ্যে, সে রঙগুলিকে আলাদা করতে পারে এবং ধীর গতিতে চলমান বস্তু বা তার চোখ দিয়ে লোকেদের অনুসরণ করতে পারে। প্রায় 1 বছর, তার দৃষ্টি ক্ষেত্রটি একজন প্রাপ্তবয়স্কের সাথে মেলে। জন্ম থেকেই, একটি শিশু মুখ এবং জ্যামিতিক আকারের পছন্দের সাথে মুখ, আকার এবং রং দেখতে পারে, যা দৃষ্টিশক্তিকে তার যোগাযোগের জন্য একটি গুরুত্বপূর্ণ উপায় করে তোলে।","শিশুর দৃষ্টিশক্তি, দৃষ্টিশক্তি বিকাশ, দৃষ্টিশক্তির মাধ্যমে যোগাযোগ","শিশুর দেখার ক্ষমতা, চাক্ষুষ পছন্দ, বিকাশের মাইলফলক"
একটি শিশু জন্মের সময় কীভাবে শুনতে পায় এবং পরিচিত কণ্ঠ বা উচ্চ শব্দে সে কীভাবে প্রতিক্রিয়া দেখায়? তাদের শিশুর শ্রবণ সমস্যা সন্দেহ হলে পিতামাতার কী করা উচিত এবং কখন পেশাদার সাহায্য নেওয়া প্রয়োজন?,"নবজাতকরা জন্ম থেকেই শুনতে পায় এবং বিশেষ করে তাদের মা ও বাবার কণ্ঠের প্রতি সংবেদনশীল, কারণ তারা গর্ভ থেকে আসা এই শব্দগুলির সাথে পরিচিত। পরিচিত কণ্ঠ প্রায়ই শিশুকে শান্ত করে, যখন উচ্চস্বরে বা আকস্মিক শব্দ তাকে চমকে দিতে পারে এবং বিরক্ত করতে পারে। কুইবেকের বেশিরভাগ শিশুর শ্রবণশক্তি স্বাভাবিক, তবে প্রায় 1,000 জনের মধ্যে ছয়জন শ্রবণ সমস্যা অনুভব করতে পারে। সাধারণত 6 থেকে 9 মাসের মধ্যে তাদের শিশু কুকুরের ঘেউ ঘেউ বা ডোরবেল বাজানোর মতো শব্দে সাড়া দেয় কিনা তা অভিভাবকরা লক্ষ্য করতে পারেন। যদি কোন প্রতিক্রিয়া না হয়, তাহলে আরও মূল্যায়নের জন্য একজন ডাক্তারের সাথে পরামর্শ করার পরামর্শ দেওয়া হয়। নবজাতকেরও কান থাকতে পারে যা আটকে যায়, তবে এটি সাধারণত সময়ের সাথে সাথে সমাধান হয়ে যায়।","শিশুর শ্রবণশক্তি, শব্দ সংবেদনশীলতা, শ্রবণশক্তি পরীক্ষা","নবজাতকের শোনার ক্ষমতা, পরিচিত শব্দের প্রতি সংবেদনশীলতা, শ্রবণশক্তির মূল্যায়ন"
নবজাতকরা কীভাবে স্বাদ এবং গন্ধ অনুভব করে এবং কীভাবে এই ইন্দ্রিয়গুলি পিতামাতার সাথে তাদের বন্ধনে অবদান রাখে? কিভাবে একটি শিশু তাদের মা বা বাবাকে ঘ্রাণের মাধ্যমে চিনতে পারে এবং এটি তাদের সুস্থতার উপর কিভাবে প্রভাব ফেলে?,"নবজাতকদের অল্প বয়স থেকেই স্বাদ এবং গন্ধের একটি উন্নত অনুভূতি থাকে। তারা তাদের মাকে তার ঘ্রাণ দ্বারা চিনতে পারে, যা তাদের খাওয়ানো, আরাম এবং তৃপ্তি প্রদানের জন্য স্তনবৃন্ত খুঁজে পেতে সহায়তা করে। মায়ের খাদ্যের উপর ভিত্তি করে বুকের দুধের স্বাদ পরিবর্তন হতে পারে। উপরন্তু, বাবা যখন প্রথমবার শিশুটিকে ধরেন, তখন শিশুটিও বাবার ঘ্রাণকে চিনতে পারবে, প্রাথমিক বন্ধনকে উন্নীত করবে। জন্মের পর প্রথম ঘন্টায় বাবা এবং সন্তানের মধ্যে ত্বকের সাথে ত্বকের যোগাযোগ এই সংযোগকে বাড়িয়ে তোলে।","শিশুর ইন্দ্রিয়, স্বাদ, গন্ধ, বন্ধন","নবজাতকের মধ্যে গন্ধ এবং স্বাদের অনুভূতি, ঘ্রাণের মাধ্যমে বন্ধন"
গর্ভাবস্থা কীভাবে পিঠের ব্যথায় অবদান রাখে?,"গর্ভাবস্থায় পিঠে ব্যথা বা পিঠে ব্যথা অনুভব করা খুবই সাধারণ, বিশেষ করে প্রাথমিক পর্যায়ে। এটি আপনার শরীরের লিগামেন্টের স্বাভাবিক নরম হওয়া এবং প্রসারিত হওয়ার কারণে এটি প্রসবের জন্য প্রস্তুত হয়, যা আপনার নীচের শরীরের জয়েন্টগুলিতে চাপ দিতে পারে।",গর্ভাবস্থায় পিঠে ব্যথা,গর্ভাবস্থায় পিঠে ব্যথার কারণ ও প্রতিকার
গর্ভাবস্থায় পিঠে ব্যথা অনুভব করার কারণগুলি কী কী?,"গর্ভাবস্থায় পিঠে ব্যথা বা পিঠে ব্যথা অনুভব করা খুবই সাধারণ, বিশেষ করে প্রাথমিক পর্যায়ে। এটি আপনার শরীরের লিগামেন্টের স্বাভাবিক নরম হওয়া এবং প্রসারিত হওয়ার কারণে এটি প্রসবের জন্য প্রস্তুত হয়, যা আপনার নীচের শরীরের জয়েন্টগুলিতে চাপ দিতে পারে।",গর্ভাবস্থায় পিঠে ব্যথা,গর্ভাবস্থায় পিঠে ব্যথার কারণ ও প্রতিকার
গর্ভাবস্থায় আমার পিঠে ব্যথার কারণ কী হতে পারে?,"গর্ভাবস্থায় পিঠে ব্যথা বা পিঠে ব্যথা অনুভব করা খুবই সাধারণ, বিশেষ করে প্রাথমিক পর্যায়ে। এটি আপনার শরীরের লিগামেন্টের স্বাভাবিক নরম হওয়া এবং প্রসারিত হওয়ার কারণে এটি প্রসবের জন্য প্রস্তুত হয়, যা আপনার নীচের শরীরের জয়েন্টগুলিতে চাপ দিতে পারে।",গর্ভাবস্থায় পিঠে ব্যথা,গর্ভাবস্থায় পিঠে ব্যথার কারণ ও প্রতিকার
আমার পিঠে ব্যথা কেন?,"গর্ভাবস্থায় পিঠে ব্যথা বা পিঠে ব্যথা অনুভব করা খুবই সাধারণ, বিশেষ করে প্রাথমিক পর্যায়ে। এটি আপনার শরীরের লিগামেন্টের স্বাভাবিক নরম হওয়া এবং প্রসারিত হওয়ার কারণে এটি প্রসবের জন্য প্রস্তুত হয়, যা আপনার নীচের শরীরের জয়েন্টগুলিতে চাপ দিতে পারে।",গর্ভাবস্থায় পিঠে ব্যথা,গর্ভাবস্থায় পিঠে ব্যথার কারণ ও প্রতিকার
গর্ভাবস্থায় পিঠে ব্যথার কারণ কী এবং কীভাবে এটি পরিচালনা করা যায়? আপনি কখন চিকিৎসা সাহায্য চাইতে হবে?,"গর্ভাবস্থায় পিঠে ব্যথা, প্রায় 50% মহিলাকে প্রভাবিত করে, প্রায়শই লর্ডোসিস (পেটের ওজনের কারণে মেরুদণ্ডের সামনের খিলান) এবং লিগামেন্টাস হাইপারল্যাক্সিটি (আলগা লিগামেন্ট) দ্বারা সৃষ্ট হয়। ব্যথা পরিচালনা করতে, নিয়মিত শারীরিক ক্রিয়াকলাপে নিযুক্ত হন, যেমন সাঁতার, অ্যাকুয়াফিটনেস বা যোগব্যায়াম। উপরন্তু, সহায়ক জুতা পরা, ভাল ভঙ্গি বজায় রাখা, এবং আপনার হাঁটুর মধ্যে একটি বালিশ রেখে আপনার পাশে ঘুমানো সাহায্য করতে পারে। যদি ব্যথা অব্যাহত থাকে, খারাপ হয় বা পায়ে বিকিরণ হয়, অথবা আপনি যদি ব্যথা অনুভব করেন যা আপনার পেটে ছড়িয়ে পড়ে তবে একজন স্বাস্থ্যসেবা পেশাদারের সাথে পরামর্শ করুন কারণ এটি প্রাথমিক সংকোচনের ইঙ্গিত দিতে পারে।",পিঠে ব্যথা,"কারণ, ত্রাণ কৌশল, কখন চিকিৎসার পরামর্শ নিতে হবে"
কিভাবে আপনি আপনার শিশুর জন্য একটি শয়নকালীন রুটিন স্থাপন করতে পারেন? আপনি কি আপনার শিশুকে ঘুমিয়ে পড়তে সাহায্য করবেন নাকি তাকে নিজে থেকে ঘুমিয়ে পড়তে শিখতে দেবেন?,"গরম স্নান, একটি শান্ত খেলা, একটি গল্প এবং মৃদু সঙ্গীতের মতো ধারাবাহিক ক্রিয়াগুলির সাথে একটি ঘুমানোর সময় রুটিন স্থাপন করা আপনার শিশুকে বুঝতে সাহায্য করে যে এটি কখন ঘুমানোর সময় হয়েছে৷ এটি করার কোন সঠিক উপায় নেই, তবে একটি রুটিনে লেগে থাকা ঘুমের সময়কে সহজ করে তুলতে পারে। আপনি আপনার শিশুকে ঘুমানোর জন্য বাছাই করতে পারেন অথবা তাকে নিজে থেকে ঘুমিয়ে পড়তে দিতে পারেন। চাবিকাঠি হল রুটিনের সাথে স্বাচ্ছন্দ্য বোধ করা, এবং একবার আপনার শিশু নিজে থেকে ঘুমিয়ে পড়তে শিখে গেলে, যদি সে রাতে জেগে ওঠে তবে সে নিজেকে শান্ত করতে সক্ষম হবে।","বেডটাইম রুটিন, শিশুর ঘুম, স্ব-সুথিং","শয়নকালের ক্রিয়া, একটি রুটিন প্রতিষ্ঠা করা, স্ব-প্রশান্তিদায়ক"
"অল্প পরিমাণে শারীরিক কার্যকলাপ, ধীরে ধীরে বৃদ্ধি, প্রতি সপ্তাহে 150 মিনিট, মাঝারি তীব্রতা।","শারীরিক কার্যকলাপ, এমনকি অল্প পরিমাণে, আপনার গর্ভাবস্থার জন্য ভাল! আপনি যদি আপনার দৈনন্দিন জীবনে সক্রিয় থাকতে অভ্যস্ত না হন তবে ধীরে ধীরে শুরু করুন এবং ধীরে ধীরে আরও যোগ করুন। পায়ে হেঁটে ঘুরে বেড়ানো, হাঁটতে যাওয়া এবং আপনার বাচ্চাদের সাথে খেলা করা এমন কিছু ক্রিয়াকলাপ যা আপনি আপনার দৈনন্দিন রুটিনে কাজ করতে পারেন। গর্ভবতী মহিলারা প্রতি সপ্তাহে মোট 150 মিনিটের মাঝারি তীব্র শারীরিক ক্রিয়াকলাপের লক্ষ্য রাখতে পারেন, যা বেশ কয়েক দিন ধরে ছড়িয়ে পড়ে। মাঝারি তীব্রতা মানে ব্যায়াম করার সময় আপনি কথা বলতে পারেন, কিন্তু আপনি গান গাইতে পারবেন না।",দিন দিন সক্রিয় হচ্ছে,গর্ভাবস্থায় দৈনন্দিন রুটিনে শারীরিক কার্যকলাপ অন্তর্ভুক্ত করা।
"জৈব রাসায়নিক পরীক্ষা কি জড়িত, এবং trisomies জন্য স্ক্রীনিং এর উদ্দেশ্য কি? পরীক্ষায় ট্রাইসোমি 21 বা 18 এর উচ্চ সম্ভাবনা দেখালে কী হবে?","জৈব রাসায়নিক পরীক্ষায় গর্ভাবস্থায় আপনার শিশুর ট্রাইসোমি 21, 18 বা 13 হওয়ার সম্ভাবনার মূল্যায়ন করার জন্য আপনার রক্ত ​​পরীক্ষা করা জড়িত। ফলাফল, আপনার বয়স সহ, সম্ভাব্যতা কম বা বেশি কিনা তা নির্ধারণ করতে সহায়তা করে। যদি পরীক্ষাটি ট্রাইসোমি 21 বা 18 এর উচ্চ সম্ভাবনা নির্দেশ করে, তাহলে আপনাকে একটি জিনোমিক (ভ্রূণের ডিএনএ) পরীক্ষার প্রস্তাব দেওয়া হবে। কিছু ক্ষেত্রে, ফলাফলগুলি বিশেষভাবে উদ্বেগজনক হলে, একটি ডায়াগনস্টিক পরীক্ষা অবিলম্বে দেওয়া যেতে পারে।","জৈব রাসায়নিক পরীক্ষা, ট্রাইসোমি স্ক্রীনিং","রক্ত পরীক্ষা, ট্রাইসোমি সম্ভাব্যতা, ফলো-আপ পরীক্ষা"
একটি জন্মনিয়ন্ত্রণ পদ্ধতি নির্বাচন করার সময় আপনার কোন বিষয়গুলি বিবেচনা করা উচিত? কোন পদ্ধতি সবচেয়ে কার্যকর? জন্ম নিয়ন্ত্রণ পদ্ধতি পরিবর্তন করার সময় আপনার কী সতর্কতা অবলম্বন করা উচিত?,"একটি জন্ম নিয়ন্ত্রণ পদ্ধতি বেছে নেওয়ার সময়, আপনার ব্যক্তিগত পছন্দ এবং পরিস্থিতি বিবেচনা করা গুরুত্বপূর্ণ, যা গর্ভাবস্থার শেষে বা হাসপাতাল ছাড়ার আগে একজন স্বাস্থ্যসেবা পেশাদারের সাথে মূল্যায়ন করা উচিত। সবচেয়ে কার্যকর জন্মনিয়ন্ত্রণ পদ্ধতির মধ্যে রয়েছে গর্ভনিরোধক ইমপ্লান্ট, IUD, গর্ভনিরোধক ইনজেকশন, শুধুমাত্র প্রোজেস্টিন পিল এবং সম্মিলিত হরমোন গর্ভনিরোধক। পদ্ধতিগুলি পরিবর্তন করার সময়, অন্যটি শুরু করার আগে আপনার বর্তমান জন্ম নিয়ন্ত্রণ পদ্ধতি বন্ধ করবেন না এবং অরক্ষিত যৌনতা এড়াতে কনডমগুলিকে হাতে রাখুন। প্রত্যাহার পদ্ধতি এবং ক্যালেন্ডার পদ্ধতির মতো পদ্ধতিগুলি জন্ম নিয়ন্ত্রণের কার্যকর রূপ নয়।",জন্ম নিয়ন্ত্রণ পদ্ধতি,"গর্ভনিরোধক বিকল্প, স্বাস্থ্যসেবা পেশাদারের সাথে মূল্যায়ন, কার্যকারিতা"
জন্মের জন্য আপনার কীভাবে প্রস্তুতি নেওয়া উচিত এবং কেন একটি জন্ম পরিকল্পনা সহায়ক? একটি তৈরি করার সময় কিছু বিষয় কী বিবেচনা করা উচিত এবং আপনি কীভাবে এটি আপনার স্বাস্থ্যসেবা প্রদানকারীদের সাথে ভাগ করতে পারেন?,"জন্মের জন্য প্রস্তুতির মধ্যে রয়েছে আপনার ইচ্ছা এবং উদ্বেগগুলি চিহ্নিত করা, সেগুলি আপনার সঙ্গী, পরিবার এবং বন্ধুদের সাথে ভাগ করা, এবং আপনাকে সহায়তা করবে এমন স্বাস্থ্যসেবা পেশাদারদের জানানো। একটি জন্ম পরিকল্পনা হল একটি সহায়ক টুল যা আপনাকে আপনার পছন্দগুলি, লিখিত বা মৌখিক যাই হোক না কেন, জন্মের সাথে জড়িত প্রত্যেকের সাথে যোগাযোগ করতে দেয়। এটি নিশ্চিত করে যে আপনার মান এবং পছন্দ বোঝা যাচ্ছে। আপনার জন্মদানের সুবিধায় উপলব্ধ পরিষেবাগুলি সম্পর্কে খুঁজে বের করতে ভুলবেন না এবং নমুনা জন্ম পরিকল্পনা খোঁজার কথা বিবেচনা করুন, যা অনলাইনে, প্রসবপূর্ব ক্লাসে বা আপনার স্বাস্থ্যসেবা প্রদানকারীর মাধ্যমে পাওয়া যেতে পারে।",জন্ম পরিকল্পনা,"একটি জন্ম পরিকল্পনা প্রস্তুত করা, যোগাযোগের পছন্দ, হাসপাতালের বৈশিষ্ট্য"
"সমর্থন, ব্যথা ব্যবস্থাপনা, এবং জন্মের পরিবেশ সম্পর্কে আপনার জন্ম পরিকল্পনা প্রস্তুত করার সময় আপনার কী চিন্তা করা উচিত? আপনি কীভাবে নির্দিষ্ট পদ্ধতি, কৌশল এবং অবস্থানের জন্য পরিকল্পনা করতে পারেন?","আপনার জন্ম পরিকল্পনা প্রস্তুত করার সময়, প্রসব এবং জন্মের সময় আপনি আপনার সাথে কাকে চান এবং আপনি সাহায্য করার জন্য ডুলা চান কিনা তা বিবেচনা করুন। কোন চিকিৎসা কর্মীরা উপস্থিত থাকবেন তা আগে থেকে জেনে রাখাও সহায়ক৷ ব্যথা ব্যবস্থাপনার বিষয়ে, আপনি যে পদ্ধতিগুলি ব্যবহার করতে চান, আপনি যে ধরনের পরিবেশ পছন্দ করবেন এবং আপনি উপশমের জন্য নির্দিষ্ট কৌশল বা ওষুধ ব্যবহার করতে চান কিনা সে সম্পর্কে চিন্তা করুন। এছাড়াও, শ্রম এবং প্রসবের সময় আপনি যে অবস্থানগুলি চেষ্টা করতে চান, সেইসাথে আপনার জন্মদানের সুবিধায় উপলব্ধ সরঞ্জাম এবং আনুষাঙ্গিকগুলি বিবেচনা করুন।",জন্ম পরিকল্পনা বিবেচনা,"জন্মের সময় সমর্থন, ব্যথা মোকাবেলা, পরিবেশ, কৌশল, অবস্থান"
একটি জন্মগত ত্রুটি কি,"জন্মের সময় বিদ্যমান অস্বাভাবিকতা কিন্তু তা বিকশিত হয় 
গর্ভাবস্থায়",জন্মগত ত্রুটি,জন্মগত ত্রুটির সংজ্ঞা
গর্ভনিরোধক ইমপ্লান্ট পাওয়ার পরে আমি কীভাবে রক্তপাত পরিচালনা করতে পারি?,আপনাকে একটি স্বাস্থ্য কেন্দ্রে যেতে হবে এবং এটিকে চিকিৎসা পদ্ধতিতে পরিচালনা করতে হবে। চিকিৎসা কর্মীদের পরামর্শ না দেওয়া পর্যন্ত আপনাকে ইমপ্লান্ট অপসারণ করতে হবে না।,ইমপ্লান্টের পরে রক্তপাত,ইমপ্লান্ট করার পরে রক্তপাত নিয়ন্ত্রণের পরামর্শ
কিভাবে একটি ইমপ্লান্ট পরে অত্যধিক রক্তপাত পরিচালনা করবেন?,আপনাকে একটি স্বাস্থ্য কেন্দ্রে যেতে হবে এবং এটিকে চিকিৎসা পদ্ধতিতে পরিচালনা করতে হবে। চিকিৎসা কর্মীদের পরামর্শ না দেওয়া পর্যন্ত আপনাকে ইমপ্লান্ট অপসারণ করতে হবে না।,ইমপ্লান্টের পরে রক্তপাত,ইমপ্লান্ট করার পরে রক্তপাত নিয়ন্ত্রণের পরামর্শ
"ইমপ্লান্ট করার পরে আমি ভারী রক্তপাত অনুভব করছি, আমার কী করা উচিত?",আপনাকে একটি স্বাস্থ্য কেন্দ্রে যেতে হবে এবং এটিকে চিকিৎসা পদ্ধতিতে পরিচালনা করতে হবে। চিকিৎসা কর্মীদের পরামর্শ না দেওয়া পর্যন্ত আপনাকে ইমপ্লান্ট অপসারণ করতে হবে না।,ইমপ্লান্টের পরে রক্তপাত,ইমপ্লান্ট করার পরে রক্তপাত নিয়ন্ত্রণের পরামর্শ
ইমপ্লান্ট করার পরে আমার যদি অতিরিক্ত রক্তপাত হয় তবে আমার কী করা উচিত?,আপনাকে একটি স্বাস্থ্য কেন্দ্রে যেতে হবে এবং এটিকে চিকিৎসা পদ্ধতিতে পরিচালনা করতে হবে। চিকিৎসা কর্মীদের পরামর্শ না দেওয়া পর্যন্ত আপনাকে ইমপ্লান্ট অপসারণ করতে হবে না।,ইমপ্লান্টের পরে রক্তপাত,ইমপ্লান্ট করার পরে রক্তপাত নিয়ন্ত্রণের পরামর্শ
গর্ভাবস্থায় রক্তপাত কি স্বাভাবিক?,"গর্ভাবস্থার প্রথম দিকে, আপনি ক্ষতিকারক হালকা রক্তপাত অনুভব করতে পারেন, যা ""স্পটিং"" নামে পরিচিত। এটি ঘটে যখন ভ্রূণ নিজেকে জরায়ুর প্রাচীরের মধ্যে ইমপ্লান্ট করে, প্রায়শই আপনার পিরিয়ডের নির্ধারিত সময়ের কাছাকাছি।",গর্ভাবস্থায় রক্তপাত,গর্ভাবস্থায় রক্তপাতের কারণ ও প্রভাব বোঝা
গর্ভাবস্থায় রক্তপাত হওয়া কি সাধারণ?,গর্ভাবস্থায় রক্তপাত স্বাভাবিক নয় এবং এটি গর্ভপাতের মতো গুরুতর সমস্যা নির্দেশ করতে পারে। অবিলম্বে চিকিৎসার সাহায্য নেওয়া গুরুত্বপূর্ণ।,গর্ভাবস্থায় রক্তপাত,গর্ভাবস্থায় রক্তপাত এবং এর প্রভাব সম্পর্কে উদ্বেগের সমাধান করা।
গর্ভাবস্থায় রক্তপাত হলে কি আমার উদ্বিগ্ন হওয়া উচিত?,গর্ভাবস্থায় রক্তপাত স্বাভাবিক নয় এবং এটি গর্ভপাতের মতো গুরুতর সমস্যা নির্দেশ করতে পারে। অবিলম্বে চিকিৎসার সাহায্য নেওয়া গুরুত্বপূর্ণ।,গর্ভাবস্থায় রক্তপাত,গর্ভাবস্থায় রক্তপাত এবং এর প্রভাব সম্পর্কে উদ্বেগের সমাধান করা।
গর্ভাবস্থায় রক্তপাতের কারণ কী?,"গর্ভাবস্থার প্রথম দিকে, আপনি ক্ষতিকারক হালকা রক্তপাত অনুভব করতে পারেন, যা ""স্পটিং"" নামে পরিচিত। এটি ঘটে যখন ভ্রূণ নিজেকে জরায়ুর প্রাচীরের মধ্যে ইমপ্লান্ট করে, প্রায়শই আপনার পিরিয়ডের নির্ধারিত সময়ের কাছাকাছি।",গর্ভাবস্থায় রক্তপাত,গর্ভাবস্থায় রক্তপাতের কারণ ও প্রভাব বোঝা
গর্ভাবস্থায় রক্তপাত মানে কি?,"গর্ভাবস্থার প্রথম দিকে, আপনি ক্ষতিকারক হালকা রক্তপাত অনুভব করতে পারেন, যা ""স্পটিং"" নামে পরিচিত। এটি ঘটে যখন ভ্রূণ নিজেকে জরায়ুর প্রাচীরের মধ্যে ইমপ্লান্ট করে, প্রায়শই আপনার পিরিয়ডের নির্ধারিত সময়ের কাছাকাছি।",গর্ভাবস্থায় রক্তপাত,গর্ভাবস্থায় রক্তপাতের কারণ ও প্রভাব বোঝা
আমি গর্ভবতী অবস্থায় রক্তপাত লক্ষ্য করলে এর অর্থ কী?,গর্ভাবস্থায় রক্তপাত স্বাভাবিক নয় এবং এটি গর্ভপাতের মতো গুরুতর সমস্যা নির্দেশ করতে পারে। অবিলম্বে চিকিৎসার সাহায্য নেওয়া গুরুত্বপূর্ণ।,গর্ভাবস্থায় রক্তপাত,গর্ভাবস্থায় রক্তপাত এবং এর প্রভাব সম্পর্কে উদ্বেগের সমাধান করা।
গর্ভাবস্থায় রক্তপাত হলে আমার কী করা উচিত?,গর্ভাবস্থায় রক্তপাত স্বাভাবিক নয় এবং এটি গর্ভপাতের মতো গুরুতর সমস্যা নির্দেশ করতে পারে। অবিলম্বে চিকিৎসার সাহায্য নেওয়া গুরুত্বপূর্ণ।,গর্ভাবস্থায় রক্তপাত,গর্ভাবস্থায় রক্তপাত এবং এর প্রভাব সম্পর্কে উদ্বেগের সমাধান করা।
কেন আমি গর্ভাবস্থায় রক্তপাত অনুভব করছি?,"গর্ভাবস্থার প্রথম দিকে, আপনি ক্ষতিকারক হালকা রক্তপাত অনুভব করতে পারেন, যা ""স্পটিং"" নামে পরিচিত। এটি ঘটে যখন ভ্রূণ নিজেকে জরায়ুর প্রাচীরের মধ্যে ইমপ্লান্ট করে, প্রায়শই আপনার পিরিয়ডের নির্ধারিত সময়ের কাছাকাছি।",গর্ভাবস্থায় রক্তপাত,গর্ভাবস্থায় রক্তপাতের কারণ ও প্রভাব বোঝা
গর্ভাবস্থার শেষের দিকে রক্তপাত কতটা গুরুতর?,"গর্ভাবস্থার শেষের দিকে রক্তপাত বিভিন্ন অবস্থার ইঙ্গিত দিতে পারে যেমন প্ল্যাসেন্টাল জটিলতা, যোনি বা সার্ভিকাল ইনফেকশন বা অকাল প্রসব। পরিস্থিতি মূল্যায়ন করার জন্য যদি আপনি রক্তপাত অনুভব করেন তবে অবিলম্বে চিকিত্সার পরামর্শ নেওয়া গুরুত্বপূর্ণ।",দেরী গর্ভাবস্থায় রক্তপাত,গর্ভাবস্থার শেষের দিকে রক্তপাতের কারণ ও প্রভাব বোঝা
গর্ভাবস্থার শেষের দিকে রক্তপাত কি স্বাভাবিক?,"গর্ভাবস্থার শেষের দিকে রক্তপাত বিভিন্ন অবস্থার ইঙ্গিত দিতে পারে যেমন প্ল্যাসেন্টাল জটিলতা, যোনি বা সার্ভিকাল ইনফেকশন বা অকাল প্রসব। পরিস্থিতি মূল্যায়ন করার জন্য যদি আপনি রক্তপাত অনুভব করেন তবে অবিলম্বে চিকিত্সার পরামর্শ নেওয়া গুরুত্বপূর্ণ।",দেরী গর্ভাবস্থায় রক্তপাত,গর্ভাবস্থার শেষের দিকে রক্তপাতের কারণ ও প্রভাব বোঝা
গর্ভাবস্থার শেষের দিকে রক্তপাত কী নির্দেশ করে?,"গর্ভাবস্থার শেষের দিকে রক্তপাত বিভিন্ন অবস্থার ইঙ্গিত দিতে পারে যেমন প্ল্যাসেন্টাল জটিলতা, যোনি বা সার্ভিকাল ইনফেকশন বা অকাল প্রসব। পরিস্থিতি মূল্যায়ন করার জন্য যদি আপনি রক্তপাত অনুভব করেন তবে অবিলম্বে চিকিত্সার পরামর্শ নেওয়া গুরুত্বপূর্ণ।",দেরী গর্ভাবস্থায় রক্তপাত,গর্ভাবস্থার শেষের দিকে রক্তপাতের কারণ ও প্রভাব বোঝা
কেন আমি গর্ভাবস্থার শেষের দিকে রক্তপাত অনুভব করছি?,"গর্ভাবস্থার শেষের দিকে রক্তপাত বিভিন্ন অবস্থার ইঙ্গিত দিতে পারে যেমন প্ল্যাসেন্টাল জটিলতা, যোনি বা সার্ভিকাল ইনফেকশন বা অকাল প্রসব। পরিস্থিতি মূল্যায়ন করার জন্য যদি আপনি রক্তপাত অনুভব করেন তবে অবিলম্বে চিকিত্সার পরামর্শ নেওয়া গুরুত্বপূর্ণ।",দেরী গর্ভাবস্থায় রক্তপাত,গর্ভাবস্থার শেষের দিকে রক্তপাতের কারণ ও প্রভাব বোঝা
গর্ভাবস্থায় কি রক্ত ​​​​পরীক্ষা এবং প্রস্রাব বিশ্লেষণ নির্ধারণ করা যেতে পারে? তারা কি নির্ধারণ করতে ব্যবহৃত হয়?,"আপনার প্রসবপূর্ব অ্যাপয়েন্টমেন্টের সময়, রক্ত ​​পরীক্ষা এবং প্রস্রাব বিশ্লেষণগুলি রক্তাল্পতা পরীক্ষা করার জন্য, আপনার রক্তে শর্করার মাত্রা নিরীক্ষণ, সিফিলিস, এইচআইভি/এইডস এবং হেপাটাইটিস বি-এর মতো রোগগুলির জন্য স্ক্রীন এবং আপনার রক্তের ধরন এবং রিসাস (Rh) ফ্যাক্টর নির্ধারণের জন্য নির্ধারিত হতে পারে। আপনি যদি আরএইচ নেগেটিভ হন, তবে অ্যান্টি-আরএইচ ইমিউনোগ্লোবুলিন পরিচালনার মতো সতর্কতা নেওয়া যেতে পারে। পরীক্ষাগুলি আপনার প্রস্রাবে রুবেলা অ্যান্টিবডি, ব্যাকটেরিয়া বা প্রোটিন এবং 24 থেকে 28 সপ্তাহের মধ্যে গর্ভকালীন ডায়াবেটিসের জন্য স্ক্রিনও পরীক্ষা করবে। আপনার অবস্থার উপর নির্ভর করে অতিরিক্ত পরীক্ষার পরামর্শ দেওয়া হতে পারে।",রক্ত পরীক্ষা এবং প্রস্রাব বিশ্লেষণ,"রক্তের গ্লুকোজ, অ্যানিমিয়া, রোগের স্ক্রীনিং, আরএইচ ফ্যাক্টর, রুবেলা অ্যান্টিবডি"
আপনার জল ভেঙ্গে গেলে এর অর্থ কী এবং এটি কীভাবে শ্রম শুরু হওয়ার সংকেত দেয়? কতটা তরল নির্গত হয় এবং যখন এটি ঘটে তখন আপনার কী করা উচিত?,"জলের ভাঙ্গা, বা অ্যামনিওটিক ঝিল্লি ফেটে যাওয়া, কিছু মহিলাদের জন্য প্রসবের শুরুর সংকেত দিতে পারে। অ্যামনিওটিক থলি আপনার শিশুর চারপাশে তরল ধারণ করে, এবং যখন এটি ফেটে যায়, তখন অ্যামনিওটিক তরলটি বেরিয়ে যায়, যা স্পষ্ট বা সামান্য রক্তে আবদ্ধ হতে পারে। তরলের পরিমাণ পরিবর্তিত হতে পারে, কয়েক ফোঁটা থেকে আপনার কাপড় ভিজা বা এমনকি মেঝেতে ফোঁটা পর্যন্ত যথেষ্ট। শ্রম সাধারণত জল বিরতির কয়েক ঘন্টার মধ্যে শুরু হয়, কিন্তু যদি সংকোচন শুরু না হয় বা আপনি যদি গ্রুপ B স্ট্রেপ্টোকক্কাস (GBS) এর বাহক হন, তাহলে শ্রম প্ররোচিত করার প্রয়োজন হতে পারে। সংকোচন শুরু হয়েছে কিনা তা বিবেচনা না করেই, আপনাকে হাসপাতাল বা জন্মদান কেন্দ্রে যেতে হবে, যেখানে কর্মীরা আপনার শিশুর উভয়ের সুস্থতা পরীক্ষা করবে এবং নিশ্চিত করবে যে আপনার জল আসলেই ভেঙ্গে গেছে বা এটি শুধুমাত্র যোনি স্রাব কিনা।",ব্রেকিং অফ দ্য ওয়াটারস,"অ্যামনিওটিক ঝিল্লি ফেটে যাওয়া, শ্রমের সূত্রপাত"
গর্ভাবস্থায় আমার স্তনের বোঁটা থেকে তরল বের হওয়া কি স্বাস্থ্যকর?,গর্ভাবস্থায় আপনার স্তন থেকে দুধের মতো স্রাব হওয়া স্বাভাবিক এবং প্রত্যাশিত। উদ্বিগ্ন হওয়ার দরকার নেই; এটি একটি প্রাকৃতিক প্রক্রিয়া।,গর্ভাবস্থায় স্তন স্রাব,গর্ভাবস্থায় স্তন থেকে দুধের মতো স্রাব সম্পর্কিত ব্যাখ্যা
আমার স্তন থেকে দুধের মত তরল বের হওয়া কি স্বাভাবিক?,গর্ভাবস্থায় আপনার স্তন থেকে দুধের মতো স্রাব হওয়া স্বাভাবিক এবং প্রত্যাশিত। উদ্বিগ্ন হওয়ার দরকার নেই; এটি একটি প্রাকৃতিক প্রক্রিয়া।,গর্ভাবস্থায় স্তন স্রাব,গর্ভাবস্থায় স্তন থেকে দুধের মতো স্রাব সম্পর্কিত ব্যাখ্যা
আমার স্তন থেকে দুধের মত স্রাব সম্পর্কে উদ্বিগ্ন হওয়া উচিত?,গর্ভাবস্থায় আপনার স্তন থেকে দুধের মতো স্রাব হওয়া স্বাভাবিক এবং প্রত্যাশিত। উদ্বিগ্ন হওয়ার দরকার নেই; এটি একটি প্রাকৃতিক প্রক্রিয়া।,গর্ভাবস্থায় স্তন স্রাব,গর্ভাবস্থায় স্তন থেকে দুধের মতো স্রাব সম্পর্কিত ব্যাখ্যা
আমার স্তন থেকে দুধের মতো পদার্থ বের হলে এর অর্থ কী?,গর্ভাবস্থায় আপনার স্তন থেকে দুধের মতো স্রাব হওয়া স্বাভাবিক এবং প্রত্যাশিত। উদ্বিগ্ন হওয়ার দরকার নেই; এটি একটি প্রাকৃতিক প্রক্রিয়া।,গর্ভাবস্থায় স্তন স্রাব,গর্ভাবস্থায় স্তন থেকে দুধের মতো স্রাব সম্পর্কিত ব্যাখ্যা
কিভাবে ঘন ঘন বুকের দুধ খাওয়ানো বা স্তনের উদ্দীপনা দুধ উৎপাদনকে সমর্থন করে?,"প্রতি 24 ঘন্টা অন্তত 8 বার দুধ খাওয়ানোর মাধ্যমে স্তনকে উদ্দীপিত করা ভাল দুধের সরবরাহ স্থাপনের জন্য অপরিহার্য। এই ঘন ঘন নার্সিং স্তন জমে থাকা প্রতিরোধে সাহায্য করে এবং দুধ উৎপাদনের প্রাথমিক পর্যায়ে সমর্থন করে। যদি আপনার শিশু দুধ খাওয়ানোর জন্য প্রস্তুত না হয়, তবে আপনি ম্যানুয়ালি দুধ প্রকাশ করে বা স্তন পাম্প ব্যবহার করে দুধ উৎপাদনকে উদ্দীপিত করতে পারেন। নিয়মিত স্তন উদ্দীপনা আপনার দুধের সরবরাহ পর্যাপ্ত তা নিশ্চিত করার জন্য এবং বুকের দুধ খাওয়ানোর এই প্রাথমিক সময়কালে আপনার স্তনকে আরামদায়ক রাখতে চাবিকাঠি।",স্তন উদ্দীপনা,দুধ উৎপাদন এবং প্রবৃত্তি প্রতিরোধের জন্য স্তন উদ্দীপনার গুরুত্ব।
বুকের দুধ খাওয়ানোর জিনিসপত্র নির্বাচন করার জন্য ব্যবহারিক পরামর্শ।,"ব্রেস্ট পাম্প, নার্সিং ব্রা, বালিশ এবং প্যাডের মতো অনেক স্তন্যপান করানোর আনুষাঙ্গিক পাওয়া যায়, কিন্তু সফলভাবে বুকের দুধ খাওয়ানোর জন্য কোনোটিই অপরিহার্য নয়। নার্সিং প্যাডপুনঃব্যবহারযোগ্য বা নিষ্পত্তিযোগ্যআপনার স্তন থেকে দুধ বের হলে সহায়ক হতে পারে। যদিও একটি নার্সিং ব্রা একটি প্রয়োজনীয়তা নয়, এটি আরাম এবং সুবিধার জন্য ব্যবহারিক হতে পারে। এটি আপনার পরিবর্তনশীল স্তনের আকারের সাথে খাপ খায় তা নিশ্চিত করার জন্য গর্ভাবস্থার পরে একটি ক্রয় করা ভাল। নির্দিষ্ট সুপারিশের জন্য, কমিউনিটি গ্রুপ এবং সহায়তা নেটওয়ার্কগুলি ব্রেস্ট পাম্পের মতো জিনিসপত্র নির্বাচন করার সময় দরকারী পরামর্শ দিতে পারে।",বুকের দুধ খাওয়ানোর জিনিসপত্র,ঐচ্ছিক স্তন্যপান আনুষাঙ্গিক এবং তাদের উপযোগিতা ওভারভিউ.
বুকের দুধ খাওয়ানো শিশু এবং মা উভয়ের জন্য কোন স্বাস্থ্য সুবিধা প্রদান করে? অসুস্থ হলে একজন মায়ের কীভাবে বুকের দুধ খাওয়ানোর ব্যবস্থা করা উচিত এবং তার কী সতর্কতা অবলম্বন করা উচিত?,"বুকের দুধ খাওয়ানো শিশু এবং মা উভয়ের জন্য অনেক স্বাস্থ্য সুবিধা দেয়। শিশুর জন্য, বুকের দুধ অ্যান্টিবডি এবং অন্যান্য সুরক্ষামূলক উপাদান সরবরাহ করে যা রোগ প্রতিরোধ ক্ষমতা বাড়ায় এবং ডায়রিয়া, কানের সংক্রমণ এবং সর্দি-কাশির মতো অসুস্থতার ঝুঁকি কমায়। এটি আকস্মিক শিশু মৃত্যুর সিন্ড্রোম এবং স্থূলতা এবং ডায়াবেটিসের মতো দীর্ঘস্থায়ী রোগের ঝুঁকিও কমায়। মায়েদের জন্য, বুকের দুধ খাওয়ালে মাসিক ফিরে আসতে বিলম্ব হয়, রক্তস্বল্পতার ঝুঁকি কমায় এবং ডায়াবেটিস বা নির্দিষ্ট কিছু ক্যান্সার হওয়ার সম্ভাবনা কমায়। যদি একজন মা ওষুধ গ্রহণ করেন, তবে বুকের দুধ খাওয়ানোর সাথে সামঞ্জস্যতা নিশ্চিত করার জন্য এটি একটি স্বাস্থ্যসেবা প্রদানকারীর সাথে আলোচনা করা গুরুত্বপূর্ণ। এমনকি যদি মা অসুস্থ হন, তবুও বুকের দুধ খাওয়ানোর পরামর্শ দেওয়া হয়, তবে তাকে সতর্কতা অবলম্বন করা উচিত যেমন একটি মেডিকেল মাস্ক পরা এবং জীবাণুর সংক্রমণ রোধ করার জন্য খাওয়ানোর আগে তার হাত ধোয়া।",বুকের দুধ খাওয়ানো এবং স্বাস্থ্য,"শিশু এবং মায়ের জন্য বুকের দুধ খাওয়ানোর সুবিধা, অসুস্থতার সতর্কতা, ওষুধের নিরাপত্তা।"
শিশুর ক্ষুধার সংকেত বোঝা এবং সাড়া দেওয়া এবং পর্যাপ্ত দুধ খাওয়া নিশ্চিত করা।,"বুকের দুধ খাওয়ানোর ফ্রিকোয়েন্সি এবং সময়কাল শিশুদের মধ্যে পরিবর্তিত হতে পারে, বিশেষ করে জীবনের প্রথম কয়েক দিনে। একটি নবজাতকের জন্য ক্লাস্টারড ফিডিং সহ ঘন ঘন দুধ খাওয়ানো স্বাভাবিক। এটি শুধুমাত্র দুধ উৎপাদনকে উদ্দীপিত করতে সাহায্য করে না বরং গুরুত্বপূর্ণ প্রাথমিক দিনগুলিতে শিশুকে আশ্বস্ত করে। প্রতি 24 ঘন্টা অন্তত 8 বার নার্স করার আশা করুন, এবং সম্ভবত আরও বেশি। কিছু শিশু স্পষ্ট ক্ষুধার সংকেত দেয়, অন্যরা নাও পারে। যদি আপনার শিশুর ক্ষুধার লক্ষণ না দেখায়, তাহলে সে পর্যাপ্ত দুধ পায় তা নিশ্চিত করার জন্য আপনাকে তাকে আস্তে আস্তে জাগানোর প্রয়োজন হতে পারে।",চাহিদা অনুযায়ী স্তন্যপান করানো বা শিশুর চাহিদা মেটাতে প্রায়ই যথেষ্ট,স্তন্যপান করানোর সেশনের ফ্রিকোয়েন্সি এবং সময়কাল সম্বোধন করা।
দম আটকে রাখার মন্ত্র কী এবং কখন এটি ঘটতে পারে? আপনার শিশুর শ্বাস-প্রশ্বাস আটকে থাকা স্পেল অনুভব করলে আপনার প্রতিক্রিয়া কেমন হওয়া উচিত? কখন আপনার ডাক্তারের সাথে পরামর্শ করা উচিত?,"একটি শ্বাস-প্রশ্বাস আটকে থাকা স্পেল হল যখন একটি শিশু কয়েক সেকেন্ডের জন্য শ্বাস বন্ধ না করা পর্যন্ত কাঁদে এবং সংক্ষিপ্তভাবে চেতনা হারায়, প্রায়শই নীল বা ফ্যাকাশে হয়ে যায়। এটি সাধারণত 6 মাস বয়সের কাছাকাছি ঘটে এবং সাধারণত ক্ষতিকারক নয়। যদি এটি ঘটে তবে শান্ত থাকুন, আপনার শিশুর সাথে থাকুন এবং তাকে আশ্বস্ত করুন কারণ সে নিজেই আবার শ্বাস নিতে শুরু করবে। যাইহোক, যদি বানানটি 6 মাস বয়সের আগে ঘটে বা এক মিনিটের বেশি স্থায়ী হয়, তাহলে একজন ডাক্তারের সাথে পরামর্শ করা গুরুত্বপূর্ণ।",শ্বাস-প্রশ্বাসের মন্ত্র,"শ্বাস-প্রশ্বাসের মন্ত্র, নীল হয়ে যাওয়া, আশ্বাস"
আপনার বাচ্চা ব্রীচ পজিশনে থাকলে কি হবে এবং ডেলিভারির জন্য কি কি বিকল্প আছে? আপনার ডাক্তার কি শিশুকে ঘুরিয়ে দিতে সাহায্য করতে পারেন এবং যোনিপথে জন্ম সম্ভব না হলে কি হবে?,"যদি আপনার শিশুর ব্রীচ পজিশনে থাকে, তাহলে আপনার ডাক্তার বা মিডওয়াইফ 36 বা 37 সপ্তাহের মধ্যে ভার্সন নামক একটি পদ্ধতি ব্যবহার করে শিশুটিকে মাথার নিচের দিকে পরিণত করার চেষ্টা করতে পারেন, যা যোনিপথে জন্মের সম্ভাবনা বাড়ায়। এই পদ্ধতিটি হাসপাতালে সঞ্চালিত হয় এবং শিশু এটি সহ্য করে তা নিশ্চিত করার জন্য পর্যবেক্ষণের মাধ্যমে অনুসরণ করা হয়। যদি বাচ্চাকে ঘুরিয়ে দেওয়া সম্ভব না হয়, তাহলে যোনিপথে ব্রীচ ডেলিভারি বিবেচনা করা যেতে পারে, তবে এটির জন্য নির্দিষ্ট শর্তের প্রয়োজন এবং প্রতিটি হাসপাতালে দেওয়া নাও হতে পারে। বেশিরভাগ ক্ষেত্রে, একটি সিজারিয়ান বিভাগ সুপারিশ করা হবে। সর্বদা আপনার স্বাস্থ্যসেবা প্রদানকারীর সাথে আপনার বিকল্পগুলি নিয়ে আলোচনা করুন।",ব্রীচ উপস্থাপনা,"ব্রীচ বেবি টার্নিং, ব্রীচ বেবিস এর ভ্যাজাইনাল ডেলিভারি, সিজারিয়ান অপশন"
কিভাবে সঠিক ল্যাচিং কৌশল অস্বস্তি প্রতিরোধ করে এবং বুকের দুধ খাওয়ানোর সাফল্যকে সমর্থন করে।,"বুকের দুধ খাওয়ানোর ব্যথা এবং স্তনবৃন্তের আঘাত প্রতিরোধের জন্য একটি ভাল ল্যাচ পাওয়া অত্যন্ত গুরুত্বপূর্ণ। প্রারম্ভিক দিনগুলিতে, আপনি এবং আপনার শিশু উভয়ই শিখবেন কিভাবে একটি আরামদায়ক, কার্যকরী ল্যাচ স্থাপন করতে হয়। আপনি বুঝতে পারবেন যে আপনার শিশুটি কার্যকরভাবে চুষছে যখন আপনি তার বিরতি এবং গিলতে দেখবেন, যদিও আপনার দুধ আসার আগে এই গতি লক্ষ্য করা কঠিন হতে পারে, কারণ সে শুধুমাত্র অল্প পরিমাণে কোলস্ট্রাম গিলে ফেলবে। কিছু প্রাথমিক সংবেদনশীলতা স্বাভাবিক, কিন্তু নার্সিং বেদনাদায়ক হলে, অস্বস্তি এড়াতে এবং সফল স্তন্যপান নিশ্চিত করতে অবিলম্বে সাহায্য নিন।",আপনার শিশুকে বুকের কাছে নিয়ে আসা,কার্যকর বুকের দুধ খাওয়ানো এবং ব্যথা প্রতিরোধের জন্য একটি ভাল ল্যাচ স্থাপন করা।
CLSC গর্ভবতী মহিলা এবং পিতামাতাদের কি পরিষেবা প্রদান করে? কিভাবে একটি CLSC আপনার স্বাস্থ্য এবং সুস্থতার সাথে সাহায্য করতে পারে? জন্মের পর CLSC কি ভূমিকা পালন করে? কিভাবে একটি CLSC অন্যান্য পরিষেবার সাথে সহযোগিতা করে? আপনি কিভাবে আপনার এলাকায় একটি CLSC খুঁজে পেতে পারেন?,"CLSC গর্ভবতী মহিলাদের এবং পিতামাতাদের স্বাস্থ্য এবং সামাজিক পরিষেবাগুলির একটি বিস্তৃত পরিসর প্রদান করে এবং তারা আপনাকে আপনার অঞ্চলে উপলব্ধ পরিষেবাগুলি সম্পর্কেও জানাতে পারে৷ আপনার স্বাস্থ্য সম্পর্কে আপনার কোনো প্রশ্ন থাকলে, আপনার CLSC পরামর্শ দিতে পারে বা আপনাকে উপযুক্ত পরিষেবাতে পাঠাতে পারে। জন্ম দেওয়ার পরে, একজন CLSC নার্স আপনার এবং আপনার শিশুর সুস্থতা পরীক্ষা করার জন্য আপনার সাথে যোগাযোগ করতে পারেন। CLSCs পরিবারগুলিকে সহায়তা করার জন্য চাইল্ড কেয়ার সেন্টার (CPEs) এবং কমিউনিটি সংস্থাগুলির সাথে কাজ করে, আপনাকে প্রয়োজন অনুসারে অতিরিক্ত সংস্থানগুলি উল্লেখ করে। আপনার এলাকায় একটি CLSC খুঁজে পেতে, অফিসিয়াল ওয়েবসাইটে যান।",সিএলএসসি,"CLSCs দ্বারা প্রদত্ত পরিষেবা, চাইল্ড কেয়ার সেন্টারের সাথে সহযোগিতা, জন্ম পরবর্তী ফলোআপ"
সিজারিয়ানের স্বল্পমেয়াদী প্রভাব কি কি? সিজারিয়ান ডেলিভারি থেকে কী কী জটিলতা দেখা দিতে পারে? মায়ের উপর দীর্ঘমেয়াদী প্রভাব কি? কিভাবে একটি সিজারিয়ান শিশুর উপর প্রভাব ফেলতে পারে?,"সিজারিয়ানের স্বল্পমেয়াদী প্রভাবগুলির মধ্যে রয়েছে পেটে এবং শ্রোণীতে ব্যথার জন্য ওষুধের প্রয়োজন, প্রস্রাব করতে অসুবিধা, স্তন্যপান করানোর সম্ভাব্য অসুবিধা, দীর্ঘ সময় হাসপাতালে থাকা এবং যোনিপথে জন্মের তুলনায় দীর্ঘতর পুনরুদ্ধার। জটিলতা দেখা দিতে পারে, যেমন সংক্রমণ, রক্তপাত, থ্রম্বোফ্লেবিটিস এবং অভ্যন্তরীণ অঙ্গে আঘাত, যার জন্য আরও হস্তক্ষেপের প্রয়োজন হতে পারে। দীর্ঘমেয়াদী, একটি সিজারিয়ান ভবিষ্যতের গর্ভাবস্থায় প্ল্যাসেন্টাল রোগের ঝুঁকি এবং যোনিপথে জন্মের সময় জরায়ু ফেটে যাওয়ার বিরল ঝুঁকি বাড়াতে পারে। শিশুদের ক্ষেত্রে, সিজারিয়ান ডেলিভারির ফলে শরীরের তাপমাত্রা কম হতে পারে এবং হালকা শ্বাসকষ্ট হতে পারে, কিন্তু ত্বকের সাথে ত্বকের যোগাযোগ এই সমস্যাগুলি সমাধান করতে সাহায্য করতে পারে।",সিজারিয়ান পরিণতি,"স্বল্পমেয়াদী প্রভাব, দীর্ঘমেয়াদী প্রভাব, জটিলতা, শিশুর স্বাস্থ্য"
সিজারিয়ানের আগে কি হয়? সিজারিয়ানের সময় কোন ধরনের অ্যানেস্থেশিয়া ব্যবহার করা হয়? অপারেশনের সময় কারা উপস্থিত থাকতে পারে? সিজারিয়ানের পরে কীভাবে ত্বক থেকে ত্বকের যোগাযোগ শুরু হয়? অস্ত্রোপচারের সময় কী ঘটে এবং কীভাবে শিশুর জন্ম হয়?,"সিজারিয়ানের আগে, মা একটি শিরায় দ্রবণ (IV) পান এবং একটি মূত্রনালীর ক্যাথেটার লাগানো থাকে। অ্যানেস্থেশিয়া সাধারণত একটি এপিডুরাল বা মেরুদণ্ডের ব্লক জড়িত, যদিও বিরল ক্ষেত্রে একটি সাধারণ চেতনানাশক ব্যবহার করা যেতে পারে। মায়ের সাথে থাকা ব্যক্তি অপারেটিং রুমে প্রবেশ করতে পারে এবং তার কাছে বসতে পারে। প্রসবের পরে, পরিস্থিতির উপর নির্ভর করে অপারেটিং বা পুনরুদ্ধার কক্ষে শিশুর সাথে ত্বক থেকে ত্বকের যোগাযোগ শুরু হতে পারে। প্ল্যাসেন্টা সরানো হয়, এবং ছেদ, সাধারণত অনুভূমিক এবং পিউবিক হেয়ারলাইনের উপরে, সেলাই বা স্ট্যাপল দিয়ে বন্ধ করা হয়। শিশুটিকে মায়ের ত্বকের বিপরীতে রাখা হয় যদি উভয়ই স্থিতিশীল থাকে।",সিজারিয়ান ডেলিভারি,"পদ্ধতি, অ্যানাস্থেসিয়া, ত্বক থেকে ত্বকের যোগাযোগ, ছেদ"
সিজারিয়ান পরিকল্পনা করার কারণ কি? কখন একটি অপরিকল্পিত সিজারিয়ান প্রয়োজন হতে পারে? পরিকল্পিত সিজারিয়ানের জন্য প্রয়োজনীয় চিকিৎসা পরিস্থিতিগুলি কী কী? কি একটি অপরিকল্পিত সিজারিয়ান ট্রিগার করতে পারে?,"মায়ের সাথে চিকিৎসা সংক্রান্ত সমস্যা, প্ল্যাসেন্টা প্রিভিয়া, ব্রীচ প্রেজেন্টেশন, বা যোনিপথে প্রসবের জন্য অনুকূল নয় এমন পরিস্থিতি সহ পূর্ববর্তী সিজারিয়ানের জন্য সিজারিয়ানের পরিকল্পনা করা যেতে পারে। অপরিকল্পিত সিজারিয়ানের প্রয়োজন হতে পারে যখন শিশুটি একটি অনিরাপদ অবস্থানে থাকে, যখন শিশুর স্বাস্থ্য নিয়ে উদ্বেগ থাকে, যদি প্রসবের অগ্রগতি না হয়, অথবা যখন মায়ের গুরুতর চিকিৎসা সমস্যা থাকে।",সিজারিয়ান সেকশন,"পরিকল্পিত এবং অপরিকল্পিত সি-সেকশন, চিকিৎসা কারণ"
প্রসবের জন্য অস্ত্রোপচার পদ্ধতি,"একটি সিজারিয়ান সেকশন (সি-সেকশন) হল একটি অস্ত্রোপচার পদ্ধতি যখন একটি শিশু যোনিপথে প্রসব করা যায় না। এতে শিশুটিকে অপসারণ করার জন্য মায়ের পেট এবং জরায়ুতে একটি ছেদ তৈরি করা জড়িত। কুইবেকে, চারজনের মধ্যে একজন মহিলা সি-সেকশনের মাধ্যমে প্রসব করেন।",সিজারিয়ান সেকশন (সি-সেকশন),"সংজ্ঞা, পদ্ধতি এবং পরিসংখ্যান"
আমি কি গর্ভাবস্থায় কফি বা চা পান করতে পারি?,গর্ভাবস্থায় কফি এবং কিছু প্রক্রিয়াজাত চা-এর মতো ক্যাফেইন-ভারী পানীয়ের ব্যবহার সীমিত করার পরামর্শ দেওয়া হয়।,গর্ভাবস্থায় ক্যাফেইন সেবন,"গর্ভাবস্থায় কফি, চা এবং ক্যাফিনযুক্ত পানীয় খাওয়ার পরামর্শ"
গর্ভাবস্থায় ক্যাফেইন খাওয়া কি নিরাপদ?,গর্ভাবস্থায় কফি এবং কিছু প্রক্রিয়াজাত চা-এর মতো ক্যাফেইন-ভারী পানীয়ের ব্যবহার সীমিত করার পরামর্শ দেওয়া হয়।,গর্ভাবস্থায় ক্যাফেইন সেবন,"গর্ভাবস্থায় কফি, চা এবং ক্যাফিনযুক্ত পানীয় খাওয়ার পরামর্শ"
গর্ভাবস্থায় আমার কি ক্যাফেইন-ভারী পানীয় এড়ানো উচিত?,গর্ভাবস্থায় কফি এবং কিছু প্রক্রিয়াজাত চা-এর মতো ক্যাফেইন-ভারী পানীয়ের ব্যবহার সীমিত করার পরামর্শ দেওয়া হয়।,গর্ভাবস্থায় ক্যাফেইন সেবন,"গর্ভাবস্থায় কফি, চা এবং ক্যাফিনযুক্ত পানীয় খাওয়ার পরামর্শ"
গর্ভাবস্থায় আমার কোন পানীয় সীমাবদ্ধ করা উচিত?,গর্ভাবস্থায় কফি এবং কিছু প্রক্রিয়াজাত চা-এর মতো ক্যাফেইন-ভারী পানীয়ের ব্যবহার সীমিত করার পরামর্শ দেওয়া হয়।,গর্ভাবস্থায় ক্যাফেইন সেবন,"গর্ভাবস্থায় কফি, চা এবং ক্যাফিনযুক্ত পানীয় খাওয়ার পরামর্শ"
গর্ভাবস্থায় ক্যালসিয়াম এবং ভিটামিন ডি এর উৎস কি এবং কেন তারা গুরুত্বপূর্ণ?,"ক্যালসিয়াম আপনার শিশুর হাড় এবং দাঁত তৈরির জন্য অপরিহার্য, যখন ভিটামিন ডি ক্যালসিয়ামের কার্যকর শোষণে সাহায্য করে। ক্যালসিয়াম এবং ভিটামিন ডি উভয়েরই ভাল খাদ্যতালিকাগত উত্সগুলির মধ্যে রয়েছে দুধ, সুরক্ষিত সয়া পানীয় এবং ভিটামিন ডি-ফর্টিফাইড দই। ক্যালসিয়াম সমৃদ্ধ খাবারের মধ্যে রয়েছে দই, পনির, ক্যালসিয়াম সালফেট সহ টোফু, হাড় সহ টিনজাত মাছ (যেমন সার্ডিন এবং সালমন), এবং ক্যালসিয়াম-ফর্টিফাইড খাবার। তৈলাক্ত মাছ (যেমন স্যামন, ম্যাকেরেল এবং হেরিং), ডিম এবং মার্জারিনে ভিটামিন ডি পাওয়া যায়। যদি আপনার ডায়েটে দুগ্ধজাত বা সুরক্ষিত সয়া পানীয়ের অভাব থাকে তবে ক্যালসিয়াম এবং ভিটামিন ডি উভয়ই সমন্বিত একটি মাল্টিভিটামিন সুপারিশ করা হয়।",ক্যালসিয়াম এবং ভিটামিন ডি,গর্ভাবস্থার জন্য ক্যালসিয়াম এবং ভিটামিন ডি এর গুরুত্ব এবং খাদ্যের উৎস।
গর্ভাবস্থায় গাঁজা ব্যবহারের বিরুদ্ধে পরামর্শ।,"গর্ভবতী মহিলাদের দৃঢ়ভাবে গাঁজা ব্যবহার না করার বা সেকেন্ড-হ্যান্ড গাঁজার ধোঁয়ায় নিজেকে উন্মুক্ত করার পরামর্শ দেওয়া হয়। গাঁজা ভ্রূণের বৃদ্ধিতে হস্তক্ষেপ করতে পারে, যার ফলে জন্মের ওজন কম হয় এবং এটি শিশুর মস্তিষ্কের বিকাশকেও প্রভাবিত করতে পারে, যা শৈশব এবং বয়ঃসন্ধিকালে বিকাশের সমস্যা সৃষ্টি করতে পারে। ব্যবহারের পদ্ধতি নির্বিশেষে গাঁজার ক্ষতিকারক প্রভাব উপস্থিত রয়েছেধূমপান করা, বাষ্প করা, খাওয়া বা অন্য যে কোনও আকারে সেবন করা হোক না কেন। যদিও গাঁজা কিছু ব্যক্তির বমি বমি ভাব উপশম করতে পারে, এটি গর্ভবতী মহিলাদের জন্য নিরাপদ সমাধান হিসাবে বিবেচিত হয় না।",গর্ভাবস্থায় গাঁজা ব্যবহার করুন,গর্ভাবস্থায় গাঁজা ব্যবহারের সাথে সম্পর্কিত ঝুঁকি।
34 থেকে 37 সপ্তাহের মধ্যে জন্ম নেওয়া শিশুর কী যত্ন নেওয়া হয়? প্রিটার্ম শিশুর জন্য কোন নির্দিষ্ট চিকিৎসার প্রয়োজন হতে পারে?,"34 থেকে 37 সপ্তাহের মধ্যে জন্মগ্রহণকারী একটি শিশুর অতিরিক্ত যত্নের প্রয়োজন হতে পারে, যদিও আগে জন্ম নেওয়া শিশুদের তুলনায় কম নিবিড়। তারা খাওয়ানোর জন্য সাহায্য পেতে পারে, জন্ডিসের জন্য ফটোথেরাপি, এবং বিরল ক্ষেত্রে, প্রয়োজনে শ্বাস-প্রশ্বাসে সহায়তা পেতে পারে।","দেরী প্রিটার্ম বাচ্চাদের যত্ন, ফিডিং সাপোর্ট, ফটোথেরাপি","দেরী প্রিটার্ম, খাওয়ানোর সাহায্য, জন্ডিস, শ্বাস-প্রশ্বাসে সহায়তা"
গর্ভাবস্থায় বিড়াল থেকে টক্সোপ্লাজমোসিসের ঝুঁকি কমানোর জন্য সুপারিশ।,"যদিও গর্ভাবস্থায় একটি বিড়াল থাকা সাধারণত নিরাপদ, গর্ভবতী মহিলাদের টক্সোপ্লাজমা পরজীবীর সংস্পর্শ এড়াতে সতর্কতা অবলম্বন করা উচিত, যা বিড়াল বহন করতে পারে। পরজীবীটি বিড়ালের মলে পাওয়া যেতে পারে, বিশেষ করে যদি বিড়াল দূষিত মাংস খেয়ে থাকে। ঝুঁকি কমাতে, অন্য কাউকে লিটার বাক্স পরিষ্কার করতে বলুন। যদি তা সম্ভব না হয়, প্লাস্টিকের গ্লাভস পরুন, ব্যবহারের পর ভালো করে ধুয়ে নিন এবং পরে আপনার হাত ভালো করে ধুয়ে নিন। প্রতিদিন লিটার বাক্স পরিষ্কার করুন, কারণ পরজীবীদের সংক্রামক হতে 1 থেকে 5 দিন সময় লাগে।",বিড়াল এবং গর্ভাবস্থা,পোষা বিড়াল সঙ্গে গর্ভবতী মহিলাদের জন্য সতর্কতা.
চিকেনপক্সের সংস্পর্শে এলে গর্ভবতী মহিলাদের কী করা উচিত?,"যদি একজন গর্ভবতী মহিলা চিকেনপক্সের সংস্পর্শে আসেন, তবে শিশুর ঝুঁকি তার টিকা দেওয়ার অবস্থা বা পূর্ববর্তী সংক্রমণের উপর নির্ভর করে। যদি তাকে টিকা দেওয়া হয় বা অতীতে চিকেনপক্স হয়ে থাকে তবে শিশুর সাধারণত ঝুঁকি থাকে না। যাইহোক, যদি তাকে টিকা দেওয়া না হয় এবং কখনও রোগটি না হয় (বা অনিশ্চিত), তাহলে তাকে 48 ঘন্টার মধ্যে একজন ডাক্তারের সাথে দেখা করা উচিত যথাযথ পদক্ষেপের মূল্যায়ন এবং দিকনির্দেশনার জন্য।","চিকেনপক্স, গর্ভাবস্থা, ঝুঁকি, টিকা, এক্সপোজার",গর্ভাবস্থায় চিকেনপক্স
কীভাবে একটি শিশু আত্মবিশ্বাস বিকাশ করে? একটি শিশুর আত্মবিশ্বাস অর্জনে সাহায্য করার কিছু উপায় কী কী? শিশুর সংকেতগুলিতে সাড়া দেওয়া কেন গুরুত্বপূর্ণ? একটি শিশু যখন তাদের যত্নদাতার প্রতি আত্মবিশ্বাসী বোধ করে তখন কী ঘটতে পারে? কীভাবে বিচ্ছেদ একটি শিশুর আত্মবিশ্বাসকে প্রভাবিত করে?,"একটি শিশু যত্নশীলদের সাথে আস্থার বন্ধন তৈরি করে আত্মবিশ্বাসের বিকাশ ঘটায় যারা তাদের প্রয়োজনের প্রতি সংবেদনশীল, সান্ত্বনা এবং আশ্বাস প্রদান করে, বিশেষ করে যখন শিশুটি ভয় পায়। আপনার শিশুকে আত্মবিশ্বাস অর্জনে সহায়তা করার জন্য, তাদের প্রায়ই ধরে রাখা, তাদের সাথে খেলা এবং তাদের ব্যক্তিত্ব শেখা গুরুত্বপূর্ণ। তাদের সংকেতগুলিতে সাড়া দেওয়া, যেমন কান্নাকাটি বা নড়াচড়া, তাত্ক্ষণিক এবং আশ্বস্ত উপায়ে তাদের নিরাপদ বোধ করবে। যখন একটি শিশু তাদের পরিচর্যাকারীর প্রতি আস্থা রাখে, তখন তারা তাদের আশেপাশের অন্বেষণ করতে আরও নিরাপদ বোধ করে। সংবেদনশীল শিশুরা আত্মবিশ্বাসী হতে বেশি সময় নিতে পারে। পিতামাতার কাছ থেকে বিচ্ছেদ উদ্বেগের কারণ হতে পারে, তবে একবার পুনরায় মিলিত হলে, সন্তান তাদের পিতামাতার সাথে সময় কাটানোর পরে আত্মবিশ্বাস ফিরে পাবে।",শিশুর বন্ধন এবং আত্মবিশ্বাস,"বিশ্বাস, সংযুক্তি তৈরি করা, শিশুর প্রয়োজনে সাড়া দেওয়া, আত্মবিশ্বাসের বিকাশ"
কীভাবে একটি শিশু আত্মবিশ্বাস বিকাশ করে? একটি শিশুর আত্মবিশ্বাস অর্জনে সাহায্য করার কিছু উপায় কী কী? একটি শিশুর সংকেত সাড়া কেন গুরুত্বপূর্ণ? একটি শিশু যখন তাদের যত্নদাতার প্রতি আত্মবিশ্বাসী বোধ করে তখন কী ঘটতে পারে? কীভাবে বিচ্ছেদ একটি শিশুর আত্মবিশ্বাসকে প্রভাবিত করে?,"একটি শিশু যত্নশীলদের সাথে আস্থার বন্ধন তৈরি করে আত্মবিশ্বাসের বিকাশ ঘটায় যারা তাদের প্রয়োজনের প্রতি সংবেদনশীল, সান্ত্বনা এবং আশ্বাস প্রদান করে, বিশেষ করে যখন শিশুটি ভয় পায়। আপনার শিশুকে আত্মবিশ্বাস অর্জনে সহায়তা করার জন্য, তাদের প্রায়ই ধরে রাখা, তাদের সাথে খেলা এবং তাদের ব্যক্তিত্ব শেখা গুরুত্বপূর্ণ। তাদের সংকেতগুলিতে সাড়া দেওয়া, যেমন কান্নাকাটি বা নড়াচড়া, তাত্ক্ষণিক এবং আশ্বস্ত উপায়ে তাদের নিরাপদ বোধ করবে। যখন একটি শিশু তাদের পরিচর্যাকারীর প্রতি আস্থা রাখে, তখন তারা তাদের আশেপাশের অন্বেষণ করতে আরও নিরাপদ বোধ করে। সংবেদনশীল শিশুরা আত্মবিশ্বাসী হতে বেশি সময় নিতে পারে। পিতামাতার কাছ থেকে বিচ্ছেদ উদ্বেগের কারণ হতে পারে, তবে একবার পুনরায় মিলিত হলে, সন্তান তাদের পিতামাতার সাথে সময় কাটানোর পরে আত্মবিশ্বাস ফিরে পাবে।",শিশুর বন্ধন এবং আত্মবিশ্বাস,"বিশ্বাস, সংযুক্তি তৈরি করা, শিশুর প্রয়োজনে সাড়া দেওয়া, আত্মবিশ্বাসের বিকাশ"
প্রসব বেদনা মোকাবেলার জন্য কিছু কার্যকরী কৌশল কী এবং প্রসবের সময় অন্যরা কীভাবে আপনাকে সাহায্য করতে পারে?,"প্রসব বেদনা মোকাবেলার কার্যকরী কৌশলগুলির মধ্যে রয়েছে উষ্ণ থাকা, আপনার সহজাত প্রবৃত্তির উপর আস্থা রাখা এবং প্রসবের প্রক্রিয়াটি কল্পনা করা। ঘুরে বেড়ানো, অবস্থান পরিবর্তন করা এবং ঝরনা বা গোসল করা স্বস্তি প্রদান করতে পারে। শিথিলকরণ কৌশল যেমন ধীর শ্বাস নেওয়া, শব্দ করা এবং প্রয়োজনমতো খাওয়া বা পান করাও সাহায্য করতে পারে। মানসিক সমর্থন অত্যাবশ্যক; কেউ আপনাকে উত্সাহিত করা, আপনাকে ম্যাসেজ করা, আপনার হাত ধরে রাখা বা একটি ভেজা কম্প্রেস দিয়ে আপনাকে স্পঞ্জ করা একটি উল্লেখযোগ্য পার্থক্য আনতে পারে। কি আপনাকে ভাল বোধ করবে তা জিজ্ঞাসা করতে দ্বিধা করবেন না৷",প্রসব বেদনা মোকাবেলার কৌশল,"প্রসবের সময় মানসিক সমর্থন, আন্দোলন, শিথিলতা এবং সংবেদনশীল আরাম"
"ফিটনেস স্তর, গর্ভাবস্থার পর্যায় এবং ব্যক্তিগত স্বাচ্ছন্দ্যের উপর ভিত্তি করে অভিযোজন।","আপনার ফিটনেস স্তর এবং আপনি কি করতে চান তার উপর ভিত্তি করে আপনার কার্যকলাপ চয়ন করুন। আপনি গর্ভবতী হওয়ার আগে উপভোগ করা অনেক ক্রিয়াকলাপ চালিয়ে যেতে পারেন। যাইহোক, আপনার গর্ভাবস্থার পর্যায়ের উপর নির্ভর করে আপনাকে তাদের কিছু মানিয়ে নিতে হতে পারে। উদাহরণস্বরূপ, আপনি তীব্রতা কমাতে বা নির্দিষ্ট আন্দোলন পরিবর্তন করতে পারেন। পাওয়ার ওয়াকিং, সাঁতার, অ্যাকুয়াফিটনেস, স্থির বাইক চালানো এবং স্নোশুয়িং এর মতো খেলাধুলাগুলি আপনি করতে পারেন এমন কার্যকলাপের উদাহরণ। আপনি আপনার দৈনন্দিন রুটিনে শক্তি এবং গতিশীলতা ব্যায়াম, যোগব্যায়াম এবং মৃদু স্ট্রেচিং যোগ করতে পারেন। ক্লান্তি এবং গর্ভাবস্থার কিছু অস্বস্তি আপনাকে আপনার পছন্দ মতো সক্রিয় হতে বাধা দিতে পারে, বিশেষ করে আপনার গর্ভাবস্থার শুরুতে এবং শেষে। আপনার শরীরের কথা শুনুন, কম তীব্রভাবে ব্যায়াম করুন, বা কিছুটা বিশ্রাম নিন, তারপরে আপনার জন্য আরামদায়ক হলে শারীরিক কার্যকলাপ আবার শুরু করুন।",কার্যকলাপের পছন্দ,গর্ভাবস্থায় উপযুক্ত শারীরিক কার্যকলাপ নির্বাচন করা।
কিভাবে আপনার শিশুর জন্য একটি প্যাসিফায়ার চয়ন করা উচিত এবং কি নিরাপত্তা সতর্কতা অবলম্বন করা উচিত? আপনার শিশু চিবানোর জন্য প্যাসিফায়ার ব্যবহার করলে আপনার কী করা উচিত?,"আপনার শিশুর জন্য একটি প্যাসিফায়ার নির্বাচন করার সময়, নিশ্চিত করুন যে এটি তার বয়সের জন্য উপযুক্ত। সিলিকন বা ল্যাটেক্স মডেলের জন্য বেছে নিন। যদি আপনার শিশু চিবানোর জন্য প্যাসিফায়ার ব্যবহার করা শুরু করে, তাহলে তার পরিবর্তে দাঁতে আংটি দেওয়া ভালো। সর্বদা নিশ্চিত করুন যে প্যাসিফায়ারের ডিস্কটি তার মুখের বাইরে থাকে, কারণ এটি চিবানোর ফলে এটি ভেঙে যেতে পারে, শ্বাসরোধের ঝুঁকি তৈরি করতে পারে।","একটি প্যাসিফায়ার নির্বাচন করা, নিরাপত্তা","প্যাসিফায়ার নির্বাচন, বয়স-উপযুক্ত, দাঁত উঠানো, নিরাপত্তা উদ্বেগ"
"কিভাবে আপনার শিশুর প্যাসিফায়ার পরিষ্কার এবং বজায় রাখা উচিত, এবং কি নিরাপত্তা সতর্কতা অবলম্বন করা উচিত? প্যাসিফায়ার ক্ষতির লক্ষণ দেখালে আপনার কি করা উচিত?","আপনার শিশুর প্যাসিফায়ার পরিষ্কার করতে, প্রথমবার ব্যবহারের আগে প্রস্তুতকারকের নির্দেশ অনুসারে এটিকে জীবাণুমুক্ত করুন এবং প্রতিবার আপনার শিশু এটি ব্যবহার করার সময় গরম, সাবান জলে ধুয়ে ফেলুন। ক্যাভিটি-সৃষ্টিকারী ব্যাকটেরিয়া স্থানান্তর রোধ করতে এটি আপনার মুখে রাখা এড়িয়ে চলুন। নমনীয়তার জন্য সর্বদা স্তনের বোঁটা পরীক্ষা করুন এবং নিশ্চিত করুন যে ডিস্কটি নিরাপদে সংযুক্ত আছে। যদি স্তনের বোঁটা বিবর্ণ, চটচটে, ফাটল বা আকৃতি পরিবর্তন করে, তাহলে নিরাপত্তা বজায় রাখতে অবিলম্বে তা ফেলে দিন।","ক্লিনিং প্যাসিফায়ার, নিরাপত্তা","প্যাসিফায়ার জীবাণুমুক্তকরণ, নিরাপত্তা পরীক্ষা, পরিধান এবং টিয়ার"
খাদ্য নিরাপত্তার জন্য পরিষ্কার-পরিচ্ছন্নতার মূল অনুশীলনগুলি কী কী? আপনি কিভাবে খাদ্য প্রস্তুতির সরঞ্জাম এবং পৃষ্ঠতল পরিচালনা করা উচিত? কাঁচা মাংসের সাথে যোগাযোগের পরে আপনি কীভাবে উপকরণগুলি জীবাণুমুক্ত করতে পারেন? রান্নাঘরের তোয়ালে কত ঘন ঘন পরিষ্কার করা উচিত?,"খাদ্য নিরাপত্তা নিশ্চিত করতে, খাবার পরিচালনার আগে এবং পরে আপনার হাত সাবান দিয়ে পুঙ্খানুপুঙ্খভাবে ধোয়া গুরুত্বপূর্ণ। সমস্ত খাবার তৈরির সরঞ্জাম যেমন প্লেট, বাসনপত্র, কাটিং বোর্ড এবং পৃষ্ঠগুলি গরম, সাবান জল দিয়ে ধুয়ে ফেলতে হবে। কাঁচা মাংস, মুরগি বা মাছ পরিচালনা করার পরে, বাণিজ্যিক রান্নাঘরের জীবাণুনাশক বা ব্লিচ দ্রবণ দিয়ে উপাদানগুলিকে জীবাণুমুক্ত করুন। নিয়মিত আপনার রেফ্রিজারেটর, পুনঃব্যবহারযোগ্য মুদি ব্যাগ এবং মাংসের জন্য আলাদা ব্যাগ পরিষ্কার করুন। রান্নাঘরের তোয়ালে সপ্তাহে বেশ কয়েকবার ধোয়া উচিত এবং থালা-বাসন স্ক্রাব করার জন্য ধোয়া যায় এমন স্পঞ্জ বা কাপড় ব্যবহার করার পরামর্শ দেওয়া হয়।","পরিচ্ছন্নতা, খাদ্য নিরাপত্তা","হাত ধোয়া, পৃষ্ঠকে জীবাণুমুক্ত করা, রান্নাঘরে স্বাস্থ্যবিধি বজায় রাখা, খাবার পরিচালনা করা"
গর্ভাবস্থায় আপনি কতটা ক্যাফিন নিরাপদে সেবন করতে পারেন এবং কোন পানীয়গুলি এড়ানো উচিত?,"গর্ভাবস্থায়, প্রতিদিন 300 মিলিগ্রামের বেশি ক্যাফিন না খাওয়ার পরামর্শ দেওয়া হয়, যা দুই কাপ কফি (8 oz প্রতিটি) বা তিনটি এসপ্রেসো (1 oz প্রতিটি) এর সমান নয়। চা, আইসড কফি, চকোলেট, কিছু কোমল পানীয় এবং ওষুধেও ক্যাফেইন পাওয়া যায়। এনার্জি ড্রিংক এড়ানো উচিত কারণ এতে উচ্চ মাত্রার ক্যাফেইন এবং জিনসেং এবং টাউরিনের মতো অন্যান্য পদার্থ থাকতে পারে, যা গর্ভবতী মহিলাদের জন্য নিরাপদ বলে প্রমাণিত নয়। অন্যদিকে, ডিক্যাফিনেটেড পণ্যগুলি খাওয়ার জন্য নিরাপদ। আরও বিশদ বিবরণের জন্য, গর্ভাবস্থায় ক্যাফিন সম্পর্কিত সরকারী জনস্বাস্থ্য সংস্থান দেখুন।",কফি এবং ক্যাফিনযুক্ত পানীয়,গর্ভাবস্থায় ক্যাফেইন গ্রহণের নির্দেশিকা।
"আপনি কখন জন্ম দেওয়ার পরে পিল, প্যাচ বা যোনি রিংগুলির মতো সম্মিলিত হরমোন গর্ভনিরোধক শুরু করতে পারেন এবং সময়ের মধ্যে কোন তারতম্য আছে কি?","আপনি জন্ম দেওয়ার ছয় সপ্তাহ পরে সম্মিলিত হরমোন গর্ভনিরোধক (বড়, প্যাচ, বা যোনি রিং) শুরু করতে পারেন। যাইহোক, আপনার ব্যক্তিগত পরিস্থিতির উপর নির্ভর করে, আপনার স্বাস্থ্যসেবা প্রদানকারী তাদের জন্ম দেওয়ার তিন থেকে চার সপ্তাহ পরে শুরু করার সুপারিশ করতে পারেন।",সম্মিলিত হরমোন গর্ভনিরোধক,সম্মিলিত হরমোন গর্ভনিরোধক শুরু করার সময়
সাধারণ বুকের দুধ খাওয়ানোর চ্যালেঞ্জের জন্য আশ্বাস এবং সমাধান।,"বুকের দুধ খাওয়ানোর অনেক সুবিধা থাকা সত্ত্বেও, কিছু মহিলার উদ্বেগ রয়েছে, যেমন বুকের দুধ খাওয়াতে সক্ষম হওয়ার ভয়, পর্যাপ্ত দুধ উৎপাদন না করা, স্তনবৃন্তে ব্যথা অনুভব করা, বা বাবাকে খাওয়ানোতে সাহায্য করার সুযোগ দেওয়ার বিষয়ে উদ্বিগ্ন। এই উদ্বেগগুলি প্রায়ই পৌরাণিক কাহিনীর উপর ভিত্তি করে। যদিও স্তন্যপান করানো শুরুতে চ্যালেঞ্জিং হতে পারে, বেশিরভাগ সমস্যা যেমন এনজার্জমেন্ট, স্তনবৃন্তে ব্যথা বা দুধ উৎপাদন নিয়ে উদ্বেগ, অস্থায়ী এবং সমাধান করা যেতে পারে। যেকোন উদ্বেগকে সমাধান করতে এবং বুকের দুধ খাওয়ানোর জন্য প্রস্তুত করার জন্য একজন প্রশিক্ষিত স্তন্যপান সহায়তাকারী ব্যক্তি বা পরামর্শদাতার সাথে কথা বলা গুরুত্বপূর্ণ। মনে রাখবেন, বুকের দুধ খাওয়ানোর বেশিরভাগ সমস্যাই স্বল্পমেয়াদী এবং সমাধান পাওয়া যায়।",সাধারণ উদ্বেগ এবং সম্ভাব্য সমস্যা,স্তন্যপান করানোর সাথে সম্পর্কিত সাধারণ উদ্বেগ এবং সমস্যার সমাধান করা।
গর্ভাবস্থায় সাধারণ স্বাস্থ্য সমস্যাগুলি পরিচালনা করার পরামর্শ,"গর্ভাবস্থায়, আপনি মাথাব্যথা, সর্দি, গ্যাস্ট্রোএন্টেরাইটিস এবং অন্যান্য সংক্রমণের মতো সাধারণ স্বাস্থ্য সমস্যাগুলির সম্মুখীন হতে পারেন, যা আরও ঘন ঘন বা ঝামেলা হতে পারে। এই সমস্যাগুলির বেশিরভাগই এখনও চিকিত্সা করা যেতে পারে, তবে আপনি এবং আপনার শিশু উভয়ের নিরাপত্তা নিশ্চিত করার জন্য কোনও ওষুধ খাওয়ার আগে ফার্মাসিস্ট বা স্বাস্থ্যসেবা প্রদানকারীর সাথে পরামর্শ করা গুরুত্বপূর্ণ। আপনি যদি আপনার স্বাস্থ্যের পরিবর্তন সম্পর্কে উদ্বিগ্ন হন বা লক্ষণগুলি আপনার দৈনন্দিন কাজকর্মে হস্তক্ষেপ করে তবে পেশাদার পরামর্শ নিতে দ্বিধা করবেন না।",গর্ভাবস্থায় সাধারণ স্বাস্থ্য সমস্যা,স্বাস্থ্য সমস্যা গর্ভাবস্থার সাথে সম্পর্কিত নয়
কীভাবে কম্প্রেস এবং শিথিলকরণ পদ্ধতিগুলি প্রসবের সময় ব্যথা পরিচালনা করতে সাহায্য করতে পারে এবং কোন অনুশীলনগুলি সুপারিশ করা হয়?,"কম্প্রেস, গরম বা ঠাণ্ডা যাই হোক না কেন, বেদনাদায়ক জায়গাগুলোকে প্রশান্তি দিয়ে ব্যথা কমাতে পারে, অন্যদিকে শ্বাস-প্রশ্বাসের কৌশল, ভিজ্যুয়ালাইজেশন, স্ব-সম্মোহন, বা যোগব্যায়ামের মতো শিথিলকরণ পদ্ধতিগুলি গর্ভাবস্থায় মহিলাদের প্রসবের জন্য প্রস্তুত করে। প্রসবের সময়, গান শোনা এবং একটি শান্ত, ব্যক্তিগত পরিবেশ তৈরি করা শিথিলকরণ এবং ব্যথা ব্যবস্থাপনাকে আরও উন্নত করে।",কম্প্রেস এবং শিথিলকরণ পদ্ধতি,প্রসবের সময় কম্প্রেস এবং শিথিলকরণ পদ্ধতি সহ ব্যথা উপশমের কৌশল
"সি-সেকশনের জন্মের পর, অন্য গর্ভধারণের চেষ্টা করার আগে আমার কতক্ষণ অপেক্ষা করা উচিত?",সি-সেকশনের জন্মের পরে আবার গর্ভধারণের চেষ্টা করার আগে দুই বছর অপেক্ষা করার পরামর্শ দেওয়া হয়।,সি-সেকশনের পরে গর্ভধারণ করা,সি-সেকশনের জন্মের পরে আবার গর্ভধারণের প্রস্তাবিত সময়সীমা সম্পর্কে তথ্য
সি-সেকশনের পরে গর্ভবতী হওয়ার জন্য আমার কতক্ষণ অপেক্ষা করা উচিত?,সি-সেকশনের জন্মের পরে আবার গর্ভধারণের চেষ্টা করার আগে দুই বছর অপেক্ষা করার পরামর্শ দেওয়া হয়।,সি-সেকশনের পরে গর্ভধারণ করা,সি-সেকশনের জন্মের পরে আবার গর্ভধারণের প্রস্তাবিত সময়সীমা সম্পর্কে তথ্য
সি-সেকশনের পরে গর্ভবতী হওয়ার জন্য প্রস্তাবিত অপেক্ষার সময়কাল কী?,সি-সেকশনের জন্মের পরে আবার গর্ভধারণের চেষ্টা করার আগে দুই বছর অপেক্ষা করার পরামর্শ দেওয়া হয়।,সি-সেকশনের পরে গর্ভধারণ করা,সি-সেকশনের জন্মের পরে আবার গর্ভধারণের প্রস্তাবিত সময়সীমা সম্পর্কে তথ্য
সি-সেকশনের পরে আমি কখন আবার গর্ভধারণের চেষ্টা করতে পারি?,সি-সেকশনের জন্মের পরে আবার গর্ভধারণের চেষ্টা করার আগে দুই বছর অপেক্ষা করার পরামর্শ দেওয়া হয়।,সি-সেকশনের পরে গর্ভধারণ করা,সি-সেকশনের জন্মের পরে আবার গর্ভধারণের প্রস্তাবিত সময়সীমা সম্পর্কে তথ্য
সন্তান জন্ম দেওয়ার পর আপনি কখন কনডম ব্যবহার শুরু করতে পারেন?,সন্তান জন্ম দেওয়ার পর যৌন সম্পর্কের শুরু থেকেই আপনি কনডম ব্যবহার শুরু করতে পারেন।,কনডম,জন্মের পর কনডম ব্যবহার শুরু করার সময়
গর্ভাবস্থায় কোষ্ঠকাঠিন্যের কারণ কী এবং কীভাবে এটি উপশম করা যায়? আপনি কখন চিকিৎসা সাহায্য চাইতে হবে?,"গর্ভাবস্থার ২য় এবং ৩য় ত্রৈমাসিকের সময় কোষ্ঠকাঠিন্য সাধারণ, যা 40% পর্যন্ত গর্ভবতী মহিলাদের প্রভাবিত করে। হরমোনের পরিবর্তন, আয়রনের পরিপূরক এবং প্রসারিত জরায়ু অন্ত্রের উপর চাপ সৃষ্টি করে এই সমস্যায় অবদান রাখে। কোষ্ঠকাঠিন্য দূর করতে, ধীরে ধীরে আপনার ফাইবার সমৃদ্ধ খাবার যেমন গোটা শস্য, ফল, শাকসবজি, লেবু, বাদাম এবং বীজের পরিমাণ বাড়ান। এছাড়াও, আরও জল পান করুন, নিয়মিত শারীরিক ক্রিয়াকলাপ করুন এবং যাওয়ার তাগিদে অবিলম্বে সাড়া দিন। যদি কোষ্ঠকাঠিন্য চলতে থাকে বা খারাপ হয়, তাহলে একজন স্বাস্থ্যসেবা প্রদানকারীর সাথে পরামর্শ করুন, যিনি ফাইবার বা সাইলিয়াম সাপ্লিমেন্টের পরামর্শ দিতে পারেন এবং হাইড্রেটেড থাকতে ভুলবেন না।",গর্ভাবস্থায় কোষ্ঠকাঠিন্য,"কারণ, ত্রাণ কৌশল, কখন চিকিৎসার পরামর্শ নিতে হবে"
গর্ভাবস্থায় ছোঁয়াচে রোগে আক্রান্ত কারো সংস্পর্শে থাকলে আপনার কী করা উচিত?,"আপনি যদি গর্ভাবস্থায় সংক্রামক রোগে আক্রান্ত এমন কারো সংস্পর্শে থাকেন, তাহলে আপনার এবং আপনার শিশুর ঝুঁকি কমাতে সতর্কতা অবলম্বন করা গুরুত্বপূর্ণ। আপনি যদি অসুস্থ বোধ করেন বা আপনার কোনো রোগে আক্রান্ত হওয়ার উপসর্গ থাকে, তাহলে অবিলম্বে একজন ডাক্তারের সাথে পরামর্শ করুন। আপনি যদি অসুস্থ বোধ না করেন তবে সন্দেহজনক এক্সপোজার, আপনার দেখার আগে স্বাস্থ্যসেবা সুবিধাকে জানান। উপরন্তু, সংক্রমণ প্রতিরোধের পরামর্শ অনুসরণ করুন, যা 638 পৃষ্ঠায় ""সংক্রমণ প্রতিরোধ করা"" বিভাগে বিস্তারিত আছে।","সংক্রামক রোগ, গর্ভাবস্থা, স্বাস্থ্য সতর্কতা",গর্ভাবস্থায় সংক্রামক রোগের সাথে যোগাযোগ
গর্ভাবস্থায় কিছু সংক্রামক রোগের কোন ঝুঁকি আছে কি?,"আপনি যদি গর্ভাবস্থায় রোজাওলা, হাত-পা-মুখের রোগ বা স্কারলেট জ্বরের মতো রোগের সংস্পর্শে আসেন, তবে আপনার গর্ভাবস্থা বা শিশুর জন্য কোনও নির্দিষ্ট ঝুঁকি নেই। যাইহোক, আপনি যদি উদ্বিগ্ন হন বা আশ্বাসের প্রয়োজন হয়, তাহলে আপনার ডাক্তারের সাথে পরামর্শ করা সবসময়ই ভালো। উপরন্তু, আপনি যদি গর্ভাবস্থায় যৌন সংক্রামিত সংক্রমণের (STIs) সম্ভাব্য এক্সপোজার সম্পর্কে চিন্তিত হন, তাহলে STI স্ক্রীনিং সম্পর্কে আপনার স্বাস্থ্য পেশাদারের সাথে কথা বলুন। আপনার স্বাস্থ্য এবং আপনার শিশুর স্বাস্থ্য নিশ্চিত করার জন্য এটি একটি গোপনীয় প্রক্রিয়া।","সংক্রামক রোগ, গর্ভাবস্থা, STI, ঝুঁকি",গর্ভাবস্থায় অন্যান্য সংক্রামক রোগ এবং STI স্ক্রীনিং
আপনি কি ব্যাখ্যা করতে পারেন প্রসবপূর্ব পরীক্ষার সময় কি ঘটে?,"প্রসবপূর্ব যত্নের অ্যাপয়েন্টমেন্টের সময়, মিডওয়াইফ বা ডাক্তার আপনার এবং আপনার শিশু উভয়ের স্বাস্থ্য পরীক্ষা করবেন। তারা পুষ্টি এবং ব্যায়াম সংক্রান্ত নির্দেশিকা সহ একটি সুস্থ গর্ভাবস্থাকে সমর্থন করার জন্য মূল্যবান তথ্য প্রদান করবে। উপরন্তু, তারা গর্ভাবস্থা, প্রসব এবং প্রসবের সময় আপনার যত্নের জন্য আপনার বিকল্প এবং পছন্দগুলি নিয়ে আলোচনা করবে।",প্রসবপূর্ব যত্ন চেক বিষয়বস্তু,প্রসবপূর্ব যত্ন অ্যাপয়েন্টমেন্টের সময় কী ঘটে তার বিবরণ
প্রসবপূর্ব পরিচর্যা পরিদর্শনের সময় কার্যকলাপ বর্ণনা করুন।,"প্রসবপূর্ব যত্নের অ্যাপয়েন্টমেন্টের সময়, মিডওয়াইফ বা ডাক্তার আপনার এবং আপনার শিশু উভয়ের স্বাস্থ্য পরীক্ষা করবেন। তারা পুষ্টি এবং ব্যায়াম সংক্রান্ত নির্দেশিকা সহ একটি সুস্থ গর্ভাবস্থাকে সমর্থন করার জন্য মূল্যবান তথ্য প্রদান করবে। উপরন্তু, তারা গর্ভাবস্থা, প্রসব এবং প্রসবের সময় আপনার যত্নের জন্য আপনার বিকল্প এবং পছন্দগুলি নিয়ে আলোচনা করবে।",প্রসবপূর্ব যত্ন চেক বিষয়বস্তু,প্রসবপূর্ব যত্ন অ্যাপয়েন্টমেন্টের সময় কী ঘটে তার বিবরণ
প্রসবপূর্ব যত্ন অ্যাপয়েন্টমেন্টের সময় কী ঘটে?,"প্রসবপূর্ব যত্নের অ্যাপয়েন্টমেন্টের সময়, মিডওয়াইফ বা ডাক্তার আপনার এবং আপনার শিশু উভয়ের স্বাস্থ্য পরীক্ষা করবেন। তারা পুষ্টি এবং ব্যায়াম সংক্রান্ত নির্দেশিকা সহ একটি সুস্থ গর্ভাবস্থাকে সমর্থন করার জন্য মূল্যবান তথ্য প্রদান করবে। উপরন্তু, তারা গর্ভাবস্থা, প্রসব এবং প্রসবের সময় আপনার যত্নের জন্য আপনার বিকল্প এবং পছন্দগুলি নিয়ে আলোচনা করবে।",প্রসবপূর্ব যত্ন চেক বিষয়বস্তু,প্রসবপূর্ব যত্ন অ্যাপয়েন্টমেন্টের সময় কী ঘটে তার বিবরণ
আমার জন্মপূর্ব অ্যাপয়েন্টমেন্টের সময় আমার কী আশা করা উচিত?,"প্রসবপূর্ব যত্নের অ্যাপয়েন্টমেন্টের সময়, মিডওয়াইফ বা ডাক্তার আপনার এবং আপনার শিশু উভয়ের স্বাস্থ্য পরীক্ষা করবেন। তারা পুষ্টি এবং ব্যায়াম সংক্রান্ত নির্দেশিকা সহ একটি সুস্থ গর্ভাবস্থাকে সমর্থন করার জন্য মূল্যবান তথ্য প্রদান করবে। উপরন্তু, তারা গর্ভাবস্থা, প্রসব এবং প্রসবের সময় আপনার যত্নের জন্য আপনার বিকল্প এবং পছন্দগুলি নিয়ে আলোচনা করবে।",প্রসবপূর্ব যত্ন চেক বিষয়বস্তু,প্রসবপূর্ব যত্ন অ্যাপয়েন্টমেন্টের সময় কী ঘটে তার বিবরণ
কোন contraindication না থাকলে আপনি কখন প্রসবের পরে গর্ভনিরোধক ইমপ্লান্ট ব্যবহার শুরু করতে পারেন?,"আপনি জন্ম দেওয়ার পরে যে কোনও সময় গর্ভনিরোধক ইমপ্লান্ট ব্যবহার করা শুরু করতে পারেন, আপনার স্বাস্থ্যের অবস্থার উপর নির্ভর করে, যতক্ষণ না কোনও contraindication না থাকে।",গর্ভনিরোধক ইমপ্লান্ট,জন্মের পর গর্ভনিরোধক ইমপ্লান্ট শুরু করার সময়
প্রসবের পরে আপনি কখন গর্ভনিরোধক ইনজেকশন ব্যবহার শুরু করতে পারেন এবং কোন বিষয়গুলি বিবেচনা করা উচিত?,আপনি আপনার ডাক্তারের পরামর্শ এবং প্রসবের পরে আপনার স্বাস্থ্যের অবস্থার উপর নির্ভর করে একটি গর্ভনিরোধক ইনজেকশন ব্যবহার করা শুরু করতে পারেন।,গর্ভনিরোধক ইনজেকশন,গর্ভনিরোধক ইনজেকশন শুরু করার সময়
"সংকোচন কি, এবং কিভাবে তারা প্রসব শুরুর সংকেত দেয়? সংকোচনগুলি কেমন অনুভব করে এবং কীভাবে তারা মহিলা থেকে মহিলার মধ্যে পার্থক্য করে?","সংকোচন বেশিরভাগ মহিলাদের জন্য প্রসবের শুরুকে চিহ্নিত করে। সংকোচনের সময়, পেট শক্ত হয়ে যায় এবং ব্যথা অনুভূত হয়, সাধারণত কমপক্ষে 20 সেকেন্ড স্থায়ী হয়। ব্যথা পরিবর্তিত হতে পারে, কিছু মহিলা তলপেটে এবং অন্যরা নীচের পিঠে অনুভব করে, কখনও কখনও সামনের দিকে বিকিরণ করে। কেউ কেউ সংকোচনকে মাসিকের ক্র্যাম্পের মতো কিন্তু আরও তীব্র বলে বর্ণনা করেন। সংকোচনের সাথে প্রতিটি মহিলার অভিজ্ঞতা অনন্য, এবং সংবেদনগুলি এক গর্ভাবস্থা থেকে অন্য গর্ভাবস্থায় আলাদা হতে পারে। শ্রমের অগ্রগতির সাথে সাথে সংকোচন আরও নিয়মিত এবং ক্রমবর্ধমান তীব্র হয়।",সংকোচন এবং শ্রম,"প্রসবের শুরু হিসাবে সংকোচন, ব্যথার তারতম্য"
37 সপ্তাহের আগে আপনি যদি সত্যিকারের সংকোচনের সম্মুখীন হন তবে আপনি কীভাবে বলতে পারেন? আপনি কি জন্য সতর্কতা অবলম্বন করা উচিত?,"37 সপ্তাহের আগে, ব্র্যাক্সটন হিক্সের সংকোচন অনুভব করা স্বাভাবিক, যা অনিয়মিত, কখনও কখনও বেদনাদায়ক, এবং প্রায়ই অবস্থান পরিবর্তন, দীর্ঘ সময় ধরে দাঁড়িয়ে থাকা বা যৌন কার্যকলাপের কারণে শুরু হয়। এগুলি প্রকৃত সংকোচন নয় তবে ক্ষতিকারক। যাইহোক, যদি আপনি বোধ করেন নিয়মিত জরায়ু শক্ত হয়ে যাওয়া ব্যথার সাথে যা কমপক্ষে 20 সেকেন্ড স্থায়ী হয় তবে এটি প্রকৃত সংকোচনের ইঙ্গিত দিতে পারে। যদি ব্যথা নিয়মিত বিরতিতে আসে তবে এটি একটি চিহ্ন হতে পারে যে প্রসব শুরু হচ্ছে। আপনি যদি এই লক্ষণগুলি অনুভব করেন তবে আরও মূল্যায়নের জন্য আপনার স্বাস্থ্য পেশাদারের সাথে যোগাযোগ করা গুরুত্বপূর্ণ।",37 সপ্তাহের আগে সংকোচন,ব্র্যাক্সটন হিকস সংকোচন এবং বাস্তব সংকোচনের মধ্যে পার্থক্য
আপনি কিভাবে নিশ্চিত করতে পারেন যে খাবার নিরাপদে রান্না করা হয়েছে? হিমায়িত সবজি রান্না করা প্রয়োজন? কোন তাপমাত্রায় খাবার পরিবেশন করা উচিত?,"খাবার নিরাপদে রান্না করা হয়েছে তা নিশ্চিত করতে, প্রতিটি খাদ্য বিভাগের জন্য ন্যূনতম নিরাপদ তাপমাত্রা অনুসরণ করে খাবারের অভ্যন্তরীণ তাপমাত্রা পরীক্ষা করতে একটি ডিজিটাল ফুড থার্মোমিটার ব্যবহার করুন। হিমায়িত শাকসবজি অবশ্যই রান্না করা উচিত, এমনকি যদি সেগুলি ঠান্ডা খাওয়ার জন্য হয়; সর্বদা প্যাকেজে রান্নার নির্দেশাবলী অনুসরণ করুন এবং প্রয়োজনে ঠান্ডা জলে ঠান্ডা করুন। খাবার পরিবেশন করার সময়, নিরাপত্তা নিশ্চিত করতে এটি গরম (60°C এর উপরে) বা ঠান্ডা (4°C বা কম) রাখতে হবে।","রান্নার নিরাপত্তা, খাবারের তাপমাত্রা, পরিবেশন","একটি খাদ্য থার্মোমিটার ব্যবহার করে, হিমায়িত সবজি রান্না করা, তাপমাত্রা পরিবেশন করা"
কোন কৌশলগুলি প্রসবকালীন ব্যথা পরিচালনা করতে সাহায্য করতে পারে এবং তারা কীভাবে কাজ করে?,"প্রসবকালীন ব্যথা পরিচালনা করতে, আপনি নড়াচড়া এবং বিভিন্ন অবস্থান চেষ্টা করার মতো কৌশলগুলি ব্যবহার করতে পারেন। নড়াচড়া, হাঁটা, স্কোয়াটিং বা ফিজিও বল ব্যবহার করা শ্রমের অগ্রগতিতে সাহায্য করতে পারে এবং আরামদায়ক অবস্থান খুঁজে পেয়ে স্বস্তি প্রদান করতে পারে। শ্রমের বিভিন্ন পর্যায়ে এই বিকল্পগুলির সাথে পরীক্ষা করা নিশ্চিত করে যে আপনি আবিষ্কার করতে পারেন যে আপনার জন্য সবচেয়ে ভাল কাজ করে।",প্রসব বেদনার সাথে মোকাবিলা করা,প্রসব ব্যথা উপশম করার জন্য আন্দোলন এবং অবস্থানের মতো কৌশল
ওষুধ ছাড়া কীভাবে প্রসব বেদনা সহ্য করবেন? প্রসব বেদনা কি বোঝা উচিত?,"প্রসব বেদনা অনন্য এবং এটি একটি গুরুত্বপূর্ণ উদ্দেশ্য সাধন করেএটি আপনার শিশুর জন্মের দিকে অগ্রসর হওয়ার প্রক্রিয়া শুরু করার সংকেত দেয়। ব্যথার তীব্রতা ধীরে ধীরে বৃদ্ধি পায়, সংকোচনের সময় শক্তিশালী ব্যথা সহ, যখন সংকোচনের মধ্যবর্তী সময়গুলি পুনরুদ্ধারের জন্য সময় প্রদান করে। কিছু মহিলা শ্রমের শুরুটিকে সবচেয়ে কঠিন বলে মনে করেন, অন্যরা যখন ধাক্কা দেওয়ার সময় সবচেয়ে বেশি সংগ্রাম করে। ওষুধ ছাড়াই ব্যথার সঙ্গে মোকাবিলা করার জন্য, বিভিন্ন অ-চিকিৎসা কৌশল সম্পর্কে আগে থেকেই শেখা এবং প্রস্তুত করা সহায়ক যা কার্যকরভাবে প্রসব ব্যথা পরিচালনা করতে সহায়তা করতে পারে। ব্যথার ছন্দ এবং উদ্দেশ্য বোঝা প্রক্রিয়া চলাকালীন মহিলাদের এবং দম্পতিদের আরও ক্ষমতায়িত বোধ করতে সহায়তা করতে পারে।",শ্রম ব্যথা মোকাবেলা,"প্রসব ব্যথা, মোকাবিলা করার কৌশল, সংকোচন"
কীভাবে বাবা-মায়েরা তাদের শিশুকে হাসপাতালে ভর্তি করতে পারে? অপরাধবোধের অনুভূতি পরিচালনা করতে এবং তাদের প্রয়োজনীয় সমর্থন পেতে তারা কী পদক্ষেপ নিতে পারে?,"যখন একটি শিশুকে হাসপাতালে ভর্তি করা হয়, তখন বাবা-মা অপরাধী বা অসহায় বোধ করতে পারে, কিন্তু মোকাবেলা করার উপায় আছে। শিশুর স্বাস্থ্য এবং চিকিত্সা সম্পর্কে প্রশ্ন জিজ্ঞাসা করা অত্যন্ত গুরুত্বপূর্ণ, এবং প্রয়োজনে পিতামাতাদের অন্য বিকল্পগুলি অন্বেষণ করার জন্য ক্ষমতাবান বোধ করা উচিত। যোগাযোগের জন্য সর্বোত্তম সময় সম্পর্কে যত্ন দলকে জিজ্ঞাসা করা গুরুত্বপূর্ণ। উপরন্তু, পিতামাতারা পরিবারের কাজ এবং অন্যান্য শিশুদের যত্ন নেওয়ার জন্য পরিবার এবং প্রিয়জনের কাছ থেকে সাহায্য চাইতে পারেন। পর্যাপ্ত বিশ্রাম পাওয়া এবং মনস্তাত্ত্বিক সহায়তা চাওয়া, যেমন সমাজকর্মী বা মনোবিজ্ঞানীদের কাছ থেকে, পিতামাতাদের সুস্থ থাকতে এবং মানসিক চাপ পরিচালনা করতে সহায়তা করতে পারে।","শিশুর হাসপাতালে ভর্তি, সহায়তা, প্রশ্ন জিজ্ঞাসা, মানসিক স্বাস্থ্যের সাথে মোকাবিলা করা","অপরাধবোধ, প্রশ্ন জিজ্ঞাসা, মানসিক সমর্থন, বিশ্রাম, মনস্তাত্ত্বিক সাহায্য"
আপনার শিশু যখন অত্যধিক কান্নাকাটি করে তখন আপনার অভিভূত অনুভূতি কীভাবে পরিচালনা করা উচিত? আপনি হতাশ বা ক্লান্ত বোধ করলে আপনি কি করতে পারেন? বিরতি নেওয়ার সময় আপনি কীভাবে আপনার শিশুর নিরাপত্তা নিশ্চিত করতে পারেন?,"আপনি যদি আপনার শিশুর অত্যধিক কান্নার দ্বারা অভিভূত বোধ করেন, তবে হতাশা বা ক্লান্ত বোধ করা স্বাভাবিক। আপনার বিশ্বাসযোগ্য এমন কাউকে থাকা সহায়ক যে কিছু সময়ের জন্য দায়িত্ব নিতে পারে, আপনাকে বিশ্রাম ও শান্ত হতে দেয়। যদি কেউ না থাকে, তাহলে আপনার শিশুকে তার পাঁঠার মতো একটি নিরাপদ স্থানে রাখুন, কয়েক মিনিটের জন্য দূরে সরে যান এবং তার নিরাপত্তা নিশ্চিত করতে প্রতি দশ মিনিটে তাকে পরীক্ষা করুন। আপনি শান্ত না হওয়া পর্যন্ত তাকে কুড়ান না। প্রয়োজনে বেবিসিটার, আত্মীয় বা ডাক্তারের সাহায্য চাইতে দ্বিধা করবেন না।",অতিরিক্ত কান্নার সাথে মোকাবিলা করা,"অভিভূত বোধ করা, বিরতি নেওয়া, সাহায্য চাওয়া"
অরক্ষিত যৌন মিলনের পর কপার আইইউডি কখন ঢোকানো যেতে পারে এবং কোন বিধিনিষেধ আছে কি?,"একটি কপার আইইউডি অরক্ষিত বা খারাপভাবে সুরক্ষিত যৌন মিলনের 7 দিন পর পর্যন্ত ঢোকানো যেতে পারে, যদি আপনার জন্য কোন contraindication না থাকে। এটির উপযুক্ততা নিশ্চিত করতে আপনার ডাক্তারের সাথে পরামর্শ করা গুরুত্বপূর্ণ।",কপার আইইউডি,অরক্ষিত যৌনমিলনের পরে সন্নিবেশের সময়
"সন্তানের জন্মের পরে কপার আইইউডি ব্যবহার করা কখন শুরু করা সম্ভব, যদি কোনও contraindication না থাকে?","আপনার স্বাস্থ্যের অবস্থার উপর নির্ভর করে আপনি জন্ম দেওয়ার পরে যে কোনও সময় একটি কপার আইইউডি ব্যবহার শুরু করতে পারেন, যতক্ষণ না কোনও contraindication না থাকে।",কপার আইইউডি,জন্মের পর তামার IUD শুরু করার সময়
"সম্পর্কের গতিশীলতায় পরিবর্তনগুলি নেভিগেট করা, আবেগ প্রকাশ করা এবং অংশীদারিত্বকে শক্তিশালী করা।","ভয়, উদ্বেগ এবং আবেগ প্রকাশ করার জন্য উভয় অংশীদারের জন্য খোলা যোগাযোগ অত্যন্ত গুরুত্বপূর্ণ। একটি দৃঢ় সম্পর্কের ভিত্তি বজায় রাখা উভয়কেই একসাথে পিতামাতার রূপান্তর নেভিগেট করতে এবং তাদের ভাগ করা যাত্রায় একতাবদ্ধ থাকতে সাহায্য করবে।",গর্ভাবস্থায় দম্পতির সম্পর্ক,"সম্পর্কের সমন্বয়, যোগাযোগ, ভাগ করা উদ্বেগ, মানসিক সমর্থন, অভিভাবকত্বে অংশীদারিত্ব।"
গর্ভবতী মহিলাদের সিএমভি সম্পর্কে কী জানা উচিত?,"সাইটোমেগালোভাইরাস (সিএমভি) অনাগত শিশুদের জন্য গুরুতর সমস্যা সৃষ্টি করতে পারে। এটি প্রাথমিকভাবে ছোট বাচ্চাদের দ্বারা সংক্রামিত হয়, এমনকি যদি তারা উপসর্গ না দেখায়। সিএমভি সংক্রমণের ঝুঁকি কমাতে গর্ভবতী মহিলাদের সতর্কতা অবলম্বন করা উচিত, কারণ এটি বিকাশমান ভ্রূণকে প্রভাবিত করতে পারে। আপনি যদি বিশ্বাস করেন যে আপনি CMV-এর সংস্পর্শে এসেছেন, তাহলে পরামর্শ এবং সম্ভাব্য পরীক্ষার জন্য আপনার স্বাস্থ্যসেবা প্রদানকারীর সাথে পরামর্শ করা গুরুত্বপূর্ণ।","সাইটোমেগালোভাইরাস (সিএমভি), গর্ভাবস্থা, সংক্রমণ, ঝুঁকি",গর্ভাবস্থায় সাইটোমেগালভাইরাস (সিএমভি)
গর্ভবতী মহিলারা তাদের ডায়েটে দুগ্ধজাত দ্রব্যের গুরুত্ব এবং সর্বোত্তম পুষ্টির জন্য তাদের খাবারে অন্তর্ভুক্ত করার উপায় সম্পর্কে জিজ্ঞাসা করতে পারেন।,"দুগ্ধজাত পণ্য যেমন দুধ, পনির এবং দই হল আপনার শিশুর হাড় ও দাঁতের বিকাশের জন্য প্রয়োজনীয় ক্যালসিয়াম, ফসফরাস এবং প্রোটিনের চমৎকার উৎস। তারা ভিটামিন ডিও সরবরাহ করে, যা ক্যালসিয়াম শোষণে সহায়তা করে। আপনার ডায়েটে দুগ্ধজাত খাবার অন্তর্ভুক্ত করতে, আপনি সিরিয়ালের সাথে দুধ বা দই উপভোগ করতে পারেন, গরম সিরিয়াল তৈরিতে দুধ ব্যবহার করতে পারেন বা ক্রিম স্যুপ, গ্র্যাটিন এবং স্মুদির মতো খাবারে দুগ্ধজাত খাবার অন্তর্ভুক্ত করতে পারেন। একটি স্বাস্থ্যকর ভারসাম্য বজায় রাখতে কম চর্বি, চিনি এবং লবণ সহ দুগ্ধজাত বিকল্পগুলি বেছে নিন।",গর্ভাবস্থায় দুগ্ধজাত পণ্য,"গর্ভবতী মহিলাদের এবং তাদের শিশুদের জন্য দুগ্ধজাত দ্রব্যের পুষ্টিগত সুবিধা, তাদের দৈনন্দিন খাবার এবং স্ন্যাকসে অন্তর্ভুক্ত করার জন্য ব্যবহারিক টিপস সহ।"
আমি কিভাবে সকালের অসুস্থতা মোকাবেলা করতে পারি?,"সকালের অসুস্থতার সাথে মোকাবিলা করার জন্য প্রচুর পানি পান করা এবং অল্প, ঘন ঘন খাবার খাওয়ার মাধ্যমে হাইড্রেটেড থাকা জড়িত। ভাত, কলা এবং সিরিয়ালের মতো খাবার আপনার পেটে মৃদু হতে পারে। মশলাদার বা চর্বিযুক্ত খাবার এড়িয়ে চলার পরামর্শ দেওয়া হয়।",মর্নিং সিকনেস মোকাবেলা করা,গর্ভাবস্থায় সকালের অসুস্থতা পরিচালনার জন্য টিপস
সকালের অসুস্থতার লক্ষণগুলি কীভাবে উপশম করবেন?,"সকালের অসুস্থতার সাথে মোকাবিলা করার জন্য প্রচুর পানি পান করা এবং অল্প, ঘন ঘন খাবার খাওয়ার মাধ্যমে হাইড্রেটেড থাকা জড়িত। ভাত, কলা এবং সিরিয়ালের মতো খাবার আপনার পেটে মৃদু হতে পারে। মশলাদার বা চর্বিযুক্ত খাবার এড়িয়ে চলার পরামর্শ দেওয়া হয়।",মর্নিং সিকনেস মোকাবেলা করা,গর্ভাবস্থায় সকালের অসুস্থতা পরিচালনার জন্য টিপস
গর্ভাবস্থায় বমি বমি ভাব পরিচালনার জন্য টিপস?,"সকালের অসুস্থতার সাথে মোকাবিলা করার জন্য প্রচুর পানি পান করা এবং অল্প, ঘন ঘন খাবার খাওয়ার মাধ্যমে হাইড্রেটেড থাকা জড়িত। ভাত, কলা এবং সিরিয়ালের মতো খাবার আপনার পেটে মৃদু হতে পারে। মশলাদার বা চর্বিযুক্ত খাবার এড়িয়ে চলার পরামর্শ দেওয়া হয়।",মর্নিং সিকনেস মোকাবেলা করা,গর্ভাবস্থায় সকালের অসুস্থতা পরিচালনার জন্য টিপস
সকালের অসুস্থতার জন্য আমার কী করা উচিত?,"সকালের অসুস্থতার সাথে মোকাবিলা করার জন্য প্রচুর পানি পান করা এবং অল্প, ঘন ঘন খাবার খাওয়ার মাধ্যমে হাইড্রেটেড থাকা জড়িত। ভাত, কলা এবং সিরিয়ালের মতো খাবার আপনার পেটে মৃদু হতে পারে। মশলাদার বা চর্বিযুক্ত খাবার এড়িয়ে চলার পরামর্শ দেওয়া হয়।",মর্নিং সিকনেস মোকাবেলা করা,গর্ভাবস্থায় সকালের অসুস্থতা পরিচালনার জন্য টিপস
সি-সেকশনের পরে যোনিপথে প্রসব করানো হবে কিনা তা আপনি কীভাবে সিদ্ধান্ত নেবেন? কোন বিষয়গুলি সিদ্ধান্তকে প্রভাবিত করে এবং গর্ভাবস্থায় পরিকল্পনা পরিবর্তন হতে পারে?,"একটি VBAC করার সিদ্ধান্তটি আপনার ডাক্তার বা মিডওয়াইফের নির্দেশনায় নেওয়া হয়, যিনি আপনার সফল যোনিপথে জন্মের সম্ভাবনাকে প্রভাবিত করতে পারে এমন কারণগুলি মূল্যায়ন করবেন। এই আলোচনার সময় আপনার পছন্দ এবং চাহিদার সাথে যোগাযোগ করা গুরুত্বপূর্ণ। কিছু ক্ষেত্রে, চিকিৎসা বিরোধীতার কারণে যোনিপথে জন্মের সুপারিশ করা হয় না। আপনার জন্ম পরিকল্পনা গর্ভাবস্থায় বিকশিত হতে পারে এবং আপনার স্বাস্থ্যসেবা প্রদানকারী পরিবর্তে একটি সি-সেকশনের পরামর্শ দিতে পারেন। একইভাবে, আপনি যদি প্রাথমিকভাবে একটি সি-সেকশনের জন্য পরিকল্পনা করেন, তাহলে প্রসব তাড়াতাড়ি শুরু হতে পারে, যার ফলে যোনিপথে প্রসবের পরিকল্পনার সম্ভাব্য পরিবর্তন হতে পারে।",একটি VBAC থাকার সিদ্ধান্ত,"VBAC সিদ্ধান্ত, পরিকল্পনা পরিবর্তন, এবং স্বাস্থ্যসেবা প্রদানকারীদের ভূমিকাকে প্রভাবিত করে"
স্বাস্থ্য পেশাদাররা বুকের দুধ খাওয়ানোর বিষয়ে কী পরামর্শ দেন এবং কেন জন্মের আগে আপনার বুকের দুধ খাওয়ানোর কারণগুলি বোঝা গুরুত্বপূর্ণ? আপনি যে চ্যালেঞ্জগুলির মুখোমুখি হতে পারেন তার জন্য আপনি কীভাবে প্রস্তুতি নিতে পারেন?,"কানাডিয়ান পেডিয়াট্রিক সোসাইটি, কানাডার ডায়েটিশিয়ান এবং হেলথ কানাডা সহ বিশ্বব্যাপী স্বাস্থ্য পেশাদাররা, প্রথম ছয় মাস একচেটিয়াভাবে বুকের দুধ খাওয়ানোর পরামর্শ দেন, দুই বা তার বেশি বয়স না হওয়া পর্যন্ত কঠিন খাবার চালু করা হয়। আপনার শিশুর জন্মের আগে আপনি কেন স্তন্যপান করাতে চান তা জানা আপনাকে যেকোনো সন্দেহ বা চ্যালেঞ্জ পরিচালনা করতে সাহায্য করতে পারে। স্তন্যপান করানোর কারণগুলি পরিবর্তিত হয়, যেমন সুবিধা, আপনার শিশুর সাথে বন্ধনকে শক্তিশালী করা, বা মা এবং শিশু উভয়ের জন্য স্বাস্থ্য সুবিধা। আপনার কারণ এবং মূল্যবোধের প্রতিফলন আপনার সিদ্ধান্ত গ্রহণকে গাইড করবে। এই যাত্রার সময় আরও ভাল সহায়তার জন্য আপনার পরিবার এবং স্বাস্থ্যসেবা প্রদানকারীর সাথে আপনার পছন্দের সাথে যোগাযোগ করাও অপরিহার্য। আপনার সহজাত প্রবৃত্তিকে বিশ্বাস করুন কারণ আপনি জানেন আপনার শিশুর জন্য কোনটি সেরা।",বুকের দুধ খাওয়ানোর সিদ্ধান্ত,"স্বাস্থ্য সুপারিশ, বুকের দুধ খাওয়ানোর কারণ, চ্যালেঞ্জের জন্য প্রস্তুতি।"
প্রসবের তৃতীয় পর্যায়ে শিশুর জন্মের পর কি হয়? রক্তক্ষরণ প্রতিরোধে শরীর কীভাবে প্রতিক্রিয়া জানায় এবং বুকের দুধ খাওয়ানো কী ভূমিকা পালন করে? সংকোচন যথেষ্ট শক্তিশালী না হলে চিকিত্সা কি?,"আপনার শিশুর জন্মের পর, ডেলিভারি শেষ হয়নি কারণ প্ল্যাসেন্টা এখনও প্রসব করা দরকার। প্ল্যাসেন্টা বের করার জন্য কিছুক্ষণের জন্য সংকোচন চলতে থাকবে। একবার ডেলিভারি হয়ে গেলে, আপনার জরায়ু রক্তক্ষরণ প্রতিরোধ করতে এবং তার আসল আকারে ফিরে আসার জন্য সংকুচিত হতে থাকবে। বুকের দুধ খাওয়ানো অক্সিটোসিন উৎপাদনকে উদ্দীপিত করে, যা জরায়ুর সংকোচন বাড়াতে সাহায্য করে। সংকোচন যথেষ্ট শক্তিশালী না হলে, সঠিক সংকোচনকে উত্সাহিত করতে এবং রক্তক্ষরণ রোধ করতে পেটে ম্যাসেজ করা বা অক্সিটোসিন ওষুধ পরিচালনা করা প্রয়োজন হতে পারে।",প্লাসেন্টা ডেলিভারি,"প্লাসেন্টা প্রসব, জরায়ু সংকোচন, বুকের দুধ খাওয়ানো, রক্তক্ষরণ, অক্সিটোসিন"
গর্ভাবস্থায় দাঁতের যত্ন সম্পর্কে আপনার কী জানা উচিত?,"আপনি গর্ভাবস্থায় ডেন্টিস্টের কাছে যেতে পারেন, তবে তাদের জানানো গুরুত্বপূর্ণ যে আপনি আশা করছেন। সাধারণত, গর্ভাবস্থায় দাঁতের যত্ন নিরাপদ, যদিও আপনার ডেন্টিস্ট যেকোনো সম্ভাব্য ঝুঁকি এড়াতে প্রসবের পর পর্যন্ত অ-জরুরী চিকিৎসা স্থগিত রাখার সুপারিশ করতে পারেন।","দাঁতের যত্ন, গর্ভাবস্থা","গর্ভাবস্থায় দাঁতের যত্ন, দাঁতের পরিদর্শন, অ-জরুরী চিকিত্সা"
"ডায়াগনস্টিক পরীক্ষা কী, কখন এটি দেওয়া হয় এবং এটি নেওয়ার সিদ্ধান্ত নেওয়ার আগে আপনার কী বিবেচনা করা উচিত?","ডায়াগনস্টিক পরীক্ষা দেওয়া হয় যদি জিনোমিক পরীক্ষা ক্রোমোসোমাল অসঙ্গতির উচ্চ ঝুঁকি দেখায়। যদিও এটি শিশুর ক্রোমোসোমাল ডিসঅর্ডার আছে কিনা তা নিশ্চিত করার একটি নির্ভরযোগ্য পদ্ধতি, এটি গর্ভপাত সহ জটিলতার ঝুঁকি বহন করে। আপনি যদি এই পরীক্ষার পরে গর্ভাবস্থা চালিয়ে যাওয়ার বা বন্ধ করার সিদ্ধান্তের সম্মুখীন হন, তাহলে আপনার স্বাস্থ্যসেবা পেশাদার, প্রিয়জন এবং অভিভাবক গোষ্ঠীর কাছ থেকে ট্রাইসোমি 21-এর জন্য একটি অবগত পছন্দ করার জন্য সহায়তা চাওয়া গুরুত্বপূর্ণ। সিদ্ধান্ত নেওয়ার আগে সমস্ত প্রয়োজনীয় তথ্য সংগ্রহ করতে আপনার সময় নিন।","ডায়াগনস্টিক টেস্ট, ক্রোমোসোমাল অ্যানোমালি","ডায়াগনস্টিক পরীক্ষা, ঝুঁকি, গর্ভপাত, সিদ্ধান্ত গ্রহণ, সমর্থন"
ডায়াপার ফুসকুড়ি কি,"আচ্ছাদিত এলাকায় ত্বকের জ্বালা এবং লালভাব 
শিশুর ডায়াপার দ্বারা।",ডায়াপার ফুসকুড়ি,ডায়াপার ফুসকুড়ি সংজ্ঞা
জন্ম দেওয়ার পরে আপনি কখন ডায়াফ্রাম বা সার্ভিকাল ক্যাপ ব্যবহার শুরু করতে পারেন?,আপনি জন্ম দেওয়ার ছয় সপ্তাহ পরে ডায়াফ্রাম বা সার্ভিকাল ক্যাপ ব্যবহার করা শুরু করতে পারেন।,"ডায়াফ্রাম, সার্ভিকাল ক্যাপ",জন্মের পরে ডায়াফ্রাম এবং সার্ভিকাল ক্যাপ শুরু করার সময়
গর্ভাবস্থায় ডায়েটিং এর ঝুঁকি কি কি?,"গর্ভাবস্থায় ডায়েটে যাওয়া বাঞ্ছনীয় নয় যদি না আপনার স্বাস্থ্য পেশাদার দ্বারা সুপারিশ করা হয়। একটি নতুন ডায়েট শুরু করা আপনাকে এবং আপনার শিশু উভয়কেই ঝুঁকির মধ্যে ফেলতে পারে, কারণ এটি আপনাকে আপনার শিশুর বিকাশ এবং আপনার নিজের স্বাস্থ্যের জন্য প্রয়োজনীয় সমস্ত পুষ্টি পেতে বাধা দিতে পারে। আপনি যদি ডায়েট করার কথা বিবেচনা করেন বা ইতিমধ্যেই ডায়েটে থাকেন তবে আপনি এবং আপনার শিশু সঠিক পুষ্টি পাচ্ছেন তা নিশ্চিত করার জন্য আপনার জন্মপূর্ব যত্ন প্রদানকারীর সাথে পরামর্শ করা গুরুত্বপূর্ণ।","ডায়েটিং, গর্ভাবস্থা",গর্ভাবস্থায় ডায়েটিং
গর্ভবতী মহিলাদের কীভাবে তাদের খাদ্য পরিচালনা করা উচিত যদি তারা নিরামিষ বা নিরামিষ জীবনধারা অনুসরণ করে?,"আপনি যদি নিরামিষভোজী হন, তাহলে সুস্থ গর্ভধারণ করা সম্ভব, কিন্তু কিছু পুষ্টি যেমন আয়রন এবং ওমেগা-৩ পাওয়া কঠিন হতে পারে। এই পুষ্টির প্রতি বিশেষ মনোযোগ দিন এবং আপনার প্রসবপূর্ব যত্ন প্রদানকারীকে আপনার খাদ্যের পছন্দ সম্পর্কে অবহিত করুন। নিরামিষাশীদের জন্য, যখন একটি সুস্থ গর্ভাবস্থাও সম্ভব, সেখানে আয়রন, ক্যালসিয়াম, ভিটামিন ডি, জিঙ্ক, ভিটামিন বি 12, আয়োডিন, কোলিন এবং ওমেগা -3 এর মতো পুষ্টির ঘাটতি হওয়ার ঝুঁকি বেশি। সঠিক পরিপূরক এবং পুষ্টি গ্রহণ নিশ্চিত করার জন্য আপনার প্রসবপূর্ব যত্ন প্রদানকারীর সাথে আপনার নিরামিষাশী খাদ্য নিয়ে আলোচনা করা গুরুত্বপূর্ণ।","খাদ্যাভ্যাস, নিরামিষাশীবাদ এবং ভেগানিজম",নিরামিষ বা নিরামিষ খাবার দিয়ে গর্ভাবস্থা পরিচালনা করুন।
কার্যকলাপের স্তর সামঞ্জস্য করা বা অস্বস্তি দেখা দিলে পরামর্শ চাওয়া।,"আপনি যদি শারীরিক ক্রিয়াকলাপের সময় শ্বাসকষ্ট, প্রস্রাব ফুটো বা যোনিতে ভারী হওয়ার মতো অস্বস্তি অনুভব করেন তবে তীব্রতা হ্রাস করুন বা ক্রিয়াকলাপ পরিবর্তন করুন। আপনি যদি অনিশ্চিত হন বা শারীরিক কার্যকলাপে অংশগ্রহণ করতে অক্ষম বোধ করেন তবে আপনার জন্মপূর্ব যত্ন প্রদানকারীর সাথে পরামর্শ করুন। মহিলা ক্রীড়াবিদ যারা গর্ভাবস্থায় নিবিড় প্রশিক্ষণ চালিয়ে যেতে চান তাদের ডাক্তারি তত্ত্বাবধানে করা উচিত।",শারীরিক কার্যকলাপের সময় অস্বস্তি,গর্ভাবস্থায় শারীরিক কার্যকলাপের সময় অস্বস্তি মোকাবেলা করা।
কি শিশুদের বিরক্ত ঘুম হিসাবে যোগ্য? এই লক্ষণগুলি লক্ষ্য করলে পিতামাতার কী করা উচিত?,"বাচ্চাদের ঘুমের ব্যাঘাত ঘন ঘন রাত জাগরণ (দুইবারের বেশি), দীর্ঘ জেগে থাকা সময় (20 মিনিটের বেশি), ঘুম ফিরে আসার জন্য সহায়তার প্রয়োজন, সপ্তাহে একাধিকবার জেগে থাকা, বা কমপক্ষে তিন মাস এই সমস্যাগুলির সম্মুখীন হওয়া দ্বারা চিহ্নিত করা যেতে পারে। যদি এই লক্ষণগুলি অব্যাহত থাকে, তাহলে আপনার সন্তানের ঘুমানোর রুটিনটি পুনরায় দেখার পরামর্শ দেওয়া হয় এবং যদি উদ্বেগ অব্যাহত থাকে, তাহলে একজন স্বাস্থ্য পেশাদারের পরামর্শ নেওয়া বা ঘুমের ব্যাঘাত সম্পর্কে পড়া সহায়ক হতে পারে।","বিঘ্নিত ঘুম, শয়নকালের রুটিন, শিশুর ঘুম, স্বাস্থ্য পেশাদার",শিশুদের ঘুমের ব্যাঘাত শনাক্ত করার জন্য নির্দেশিকা এবং কখন সাহায্য চাইতে হবে।
গর্ভাবস্থায় গার্হস্থ্য সহিংসতার লক্ষণগুলি কী কী? কিভাবে গর্ভাবস্থায় এবং পরে গার্হস্থ্য সহিংসতা একজন মহিলাকে প্রভাবিত করতে পারে?,"গর্ভাবস্থায় গার্হস্থ্য সহিংসতা বিভিন্ন রূপে প্রকাশ পেতে পারে, যেমন ক্রমাগত সমালোচনা, আচরণ নিয়ন্ত্রণ, জোরপূর্বক যৌনতা, শারীরিক ক্ষতি, হুমকি এবং আর্থিক নিয়ন্ত্রণ। প্রতি দশজনের মধ্যে একজন নারী গর্ভাবস্থায় গার্হস্থ্য সহিংসতার সম্মুখীন হয়েছেন এবং অনেক ক্ষেত্রে শিশুর জন্মের পরও সহিংসতা অব্যাহত থাকে। আপনি যদি অপব্যবহারের লক্ষণগুলি লক্ষ্য করেন তবে আপনার নিরাপত্তা এবং সুস্থতা নিশ্চিত করার জন্য সাহায্য এবং সমর্থন চাওয়া অপরিহার্য।",গর্ভাবস্থায় গার্হস্থ্য সহিংসতা,"আপত্তিজনক সম্পর্ক, সহিংসতার লক্ষণ, সম্পর্কের নিয়ন্ত্রণ।"
গর্ভাবস্থা এবং প্রসবের সময় ডৌলার ভূমিকা কী? কিভাবে আপনি একটি doula চয়ন করা উচিত? আপনার কি আপনার স্বাস্থ্য পেশাদারকে ডুলা নিয়োগের বিষয়ে জানানো উচিত? জড়িত কোন খরচ আছে?,"Doulas গর্ভাবস্থা এবং প্রসবের সময় সহায়তা এবং তথ্য প্রদান করে, পাশাপাশি শিশুর জন্মের পরে সহায়তা প্রদান করে, যদিও তারা স্বাস্থ্য পেশাদার নয়। একটি ডুলা বাছাই করার সময়, আপনি এবং আপনার সঙ্গী বিশ্বাস করেন এবং স্বাচ্ছন্দ্য বোধ করেন এমন কাউকে নির্বাচন করা গুরুত্বপূর্ণ৷ আপনি যদি ডুলা রাখার পরিকল্পনা করেন তবে আপনার স্বাস্থ্য পেশাদারকে জানাতে হবে। মনে রাখবেন যে doulas সাধারণত তাদের পরিষেবাগুলির জন্য চার্জ করে, সংস্থার ভিত্তিতে এবং আপনার আর্থিক সংস্থানগুলির উপর নির্ভর করে পরিবর্তিত হয়।",দৌলাস,"দৌলাদের ভূমিকা, একটি দৌলা বেছে নেওয়া, স্বাস্থ্য পেশাদারদের জানানো, ফি"
প্রসবের সময় চা পান করা কীভাবে সাহায্য করে?,"চা পান আপনাকে হাইড্রেটেড রাখতে সাহায্য করে এবং স্থির জরায়ু সংকোচনকে সমর্থন করে, শ্রমের অগ্রগতিতে সহায়তা করে।",শ্রমের সময় চা পান করা,প্রসবকালীন চা পানের উপকারিতা ব্যাখ্যা করা।
প্রসবের সময় চা পান করা কি জরুরী?,"চা পান আপনাকে হাইড্রেটেড রাখতে সাহায্য করে এবং স্থির জরায়ু সংকোচনকে সমর্থন করে, শ্রমের অগ্রগতিতে সহায়তা করে।",শ্রমের সময় চা পান করা,প্রসবকালীন চা পানের উপকারিতা ব্যাখ্যা করা।
প্রসবের সময় চা পান করার উদ্দেশ্য কী?,"চা পান আপনাকে হাইড্রেটেড রাখতে সাহায্য করে এবং স্থির জরায়ু সংকোচনকে সমর্থন করে, শ্রমের অগ্রগতিতে সহায়তা করে।",শ্রমের সময় চা পান করা,প্রসবকালীন চা পানের উপকারিতা ব্যাখ্যা করা।
প্রসবের সময় চা কেন বাঞ্ছনীয়?,"চা পান আপনাকে হাইড্রেটেড রাখতে সাহায্য করে এবং স্থির জরায়ু সংকোচনকে সমর্থন করে, শ্রমের অগ্রগতিতে সহায়তা করে।",শ্রমের সময় চা পান করা,প্রসবকালীন চা পানের উপকারিতা ব্যাখ্যা করা।
গর্ভাবস্থায় আপনি কীভাবে হাইড্রেটেড থাকতে পারেন এবং কিছু প্রস্তাবিত পানীয় কী কী?,"গর্ভাবস্থায়, আপনার তরলের প্রয়োজন প্রায় 50% বৃদ্ধি পায়, তাই হাইড্রেটেড থাকার জন্য ঘন ঘন, বিশেষ করে জল পান করা গুরুত্বপূর্ণ। সঠিক হাইড্রেশন কোষ্ঠকাঠিন্য, ক্লান্তি এবং মাথাব্যথা প্রতিরোধ করতে সাহায্য করে। জল হাইড্রেটেড থাকার জন্য আদর্শ পছন্দ, এবং আপনি ফল, ভেষজ বা শসার টুকরো যোগ করে এটিকে আরও আকর্ষণীয় করে তুলতে পারেন। উপরন্তু, দুধ বা ফর্টিফাইড সয়া পানীয়ের মতো পুষ্টিকর পানীয়গুলি প্রোটিন, ক্যালসিয়াম এবং ভিটামিন ডি প্রদান করে।",পানীয়,গর্ভাবস্থায় হাইড্রেশন প্রয়োজন এবং প্রস্তাবিত পানীয়।
ড্রাগ ব্যবহারের বিরুদ্ধে সতর্কতা এবং সমর্থনের জন্য সুপারিশ।,"গর্ভবতী মহিলাদের দৃঢ়ভাবে কোন ওষুধ ব্যবহার না করার পরামর্শ দেওয়া হয়, কারণ একটি অনাগত শিশুর উপর তাদের প্রভাব ওষুধের ধরন, খাওয়ার পরিমাণ, এর ক্ষমতা এবং ব্যবহারের সময় এবং পদ্ধতির উপর ভিত্তি করে পরিবর্তিত হতে পারে। উপরন্তু, কালোবাজারে কেনা ওষুধে ক্ষতিকারক পদার্থ থাকতে পারে যা ঝুঁকি বাড়ায়। উদাহরণস্বরূপ, কোকেন রক্তপাত, প্ল্যাসেন্টাল বিচ্ছিন্নতা বা এমনকি ভ্রূণের মৃত্যু, সেইসাথে অকাল জন্মের কারণ হতে পারে। যেসব মায়েরা ওষুধ ব্যবহার করেন তাদের কাছে জন্ম নেওয়া শিশুরা প্রত্যাহারের লক্ষণ অনুভব করতে পারে। গর্ভাবস্থায় ওষুধ ব্যবহার নিয়ে আপনার যদি উদ্বেগ থাকে বা সহায়তার প্রয়োজন হয়, তাহলে আপনার স্বাস্থ্য পেশাদারের সাথে কথা বলা বা 514-527-2626 বা 1-800-265-2626 নম্বরে ওষুধ, সহায়তা এবং রেফারেলের মতো সহায়তা পরিষেবার সাথে যোগাযোগ করা বা aidedrogue.ca/en/ এ যান।",গর্ভাবস্থায় ড্রাগ ব্যবহার,গর্ভাবস্থায় ওষুধ ব্যবহার এবং সাহায্য চাওয়ার ঝুঁকি।
গর্ভাবস্থায় প্রাথমিক সংকোচন কীভাবে পরিচালনা করবেন?,"গর্ভাবস্থায় প্রাথমিক সংকোচন ঠিক নয় কিন্তু বেশ সাধারণ। এগুলি ইউটিআই, ম্যালেরিয়া, উচ্চ রক্তচাপ বা অন্যান্য অসুস্থতার কারণে হতে পারে। গর্ভপাতের মতো জটিলতার ঝুঁকি কমাতে তাৎক্ষণিকভাবে পরীক্ষা করা এবং চিকিত্সা করা অত্যন্ত গুরুত্বপূর্ণ।",গর্ভাবস্থায় প্রাথমিক সংকোচন,গর্ভাবস্থায় প্রাথমিক সংকোচন সম্পর্কিত ব্যাখ্যা
গর্ভাবস্থায় যদি আমার সংকোচন তাড়াতাড়ি আসে তবে এটা কি স্বাভাবিক?,"গর্ভাবস্থায় প্রাথমিক সংকোচন ঠিক নয় কিন্তু বেশ সাধারণ। এগুলি ইউটিআই, ম্যালেরিয়া, উচ্চ রক্তচাপ বা অন্যান্য অসুস্থতার কারণে হতে পারে। গর্ভপাতের মতো জটিলতার ঝুঁকি কমাতে তাৎক্ষণিকভাবে পরীক্ষা করা এবং চিকিত্সা করা অত্যন্ত গুরুত্বপূর্ণ।",গর্ভাবস্থায় প্রাথমিক সংকোচন,গর্ভাবস্থায় প্রাথমিক সংকোচন সম্পর্কিত ব্যাখ্যা
গর্ভাবস্থায় প্রাথমিক সংকোচনের কারণ?,"গর্ভাবস্থায় প্রাথমিক সংকোচন ঠিক নয় কিন্তু বেশ সাধারণ। এগুলি ইউটিআই, ম্যালেরিয়া, উচ্চ রক্তচাপ বা অন্যান্য অসুস্থতার কারণে হতে পারে। গর্ভপাতের মতো জটিলতার ঝুঁকি কমাতে তাৎক্ষণিকভাবে পরীক্ষা করা এবং চিকিত্সা করা অত্যন্ত গুরুত্বপূর্ণ।",গর্ভাবস্থায় প্রাথমিক সংকোচন,গর্ভাবস্থায় প্রাথমিক সংকোচন সম্পর্কিত ব্যাখ্যা
আমি যদি প্রথম দিকে সংকোচন অনুভব করি তবে আমার কী করা উচিত?,"গর্ভাবস্থায় প্রাথমিক সংকোচন ঠিক নয় কিন্তু বেশ সাধারণ। এগুলি ইউটিআই, ম্যালেরিয়া, উচ্চ রক্তচাপ বা অন্যান্য অসুস্থতার কারণে হতে পারে। গর্ভপাতের মতো জটিলতার ঝুঁকি কমাতে তাৎক্ষণিকভাবে পরীক্ষা করা এবং চিকিত্সা করা অত্যন্ত গুরুত্বপূর্ণ।",গর্ভাবস্থায় প্রাথমিক সংকোচন,গর্ভাবস্থায় প্রাথমিক সংকোচন সম্পর্কিত ব্যাখ্যা
"অনেক গর্ভবতী মহিলা জিজ্ঞাসা করেন, ""গর্ভাবস্থায় আমার কত ঘন ঘন খাওয়া উচিত?"" অথবা ""আমার খাবার এবং স্ন্যাকস পরিচালনা করার সর্বোত্তম উপায় কি?""","শক্তির মাত্রা বজায় রাখতে এবং বমি বমি ভাব এবং বুকজ্বালার মতো গর্ভাবস্থার অস্বস্তি কমাতে, নিয়মিত খাওয়া গুরুত্বপূর্ণ। আপনি দিনে তিনটি প্রধান খাবারের মধ্যে কয়েকটি স্ন্যাকস সহ বেছে নিতে পারেন, অথবা সারাদিনে পাঁচ থেকে ছয়টি ছোট খাবার বেছে নিতে পারেন। আপনার দৈনন্দিন রুটিন এবং ক্ষুধা সঙ্গে সবচেয়ে ভাল ফিট নির্ধারণ করতে বিভিন্ন বিকল্প সঙ্গে পরীক্ষা. নিয়মিত খাওয়া শুধুমাত্র আপনার শক্তিকে স্থির রাখতে সাহায্য করে না, তবে এটি খাবারের মধ্যে দীর্ঘ ব্যবধান এড়িয়ে বমি বমি ভাব এবং অম্বল হওয়ার মতো সাধারণ গর্ভাবস্থার সমস্যাগুলিও প্রতিরোধ করতে পারে।",গর্ভাবস্থায় নিয়মিত খাওয়া,শক্তির মাত্রা বজায় রাখতে এবং গর্ভাবস্থার অস্বস্তিগুলি পরিচালনা করতে সারা দিন খাবার এবং স্ন্যাকস গঠনের পরামর্শ।
"অনেক গর্ভবতী মহিলা জিজ্ঞাসা করেন, ""গর্ভাবস্থায় আমার কত ঘন ঘন খাওয়া উচিত?"" বা ""আমার খাবার এবং স্ন্যাকস পরিচালনা করার সর্বোত্তম উপায় কি?""","শক্তির মাত্রা বজায় রাখতে এবং বমি বমি ভাব এবং বুকজ্বালার মতো গর্ভাবস্থার অস্বস্তি কমাতে, নিয়মিত খাওয়া গুরুত্বপূর্ণ। আপনি দিনে তিনটি প্রধান খাবারের মধ্যে কয়েকটি স্ন্যাকস সহ বেছে নিতে পারেন, অথবা সারাদিনে পাঁচ থেকে ছয়টি ছোট খাবার বেছে নিতে পারেন। আপনার দৈনন্দিন রুটিন এবং ক্ষুধা সঙ্গে সবচেয়ে ভাল ফিট নির্ধারণ করতে বিভিন্ন বিকল্প সঙ্গে পরীক্ষা. নিয়মিত খাওয়া শুধুমাত্র আপনার শক্তিকে স্থির রাখতে সাহায্য করে না, তবে এটি খাবারের মধ্যে দীর্ঘ ব্যবধান এড়িয়ে বমি বমি ভাব এবং অম্বল হওয়ার মতো সাধারণ গর্ভাবস্থার সমস্যাগুলিও প্রতিরোধ করতে পারে।",গর্ভাবস্থায় নিয়মিত খাওয়া,শক্তির মাত্রা বজায় রাখতে এবং গর্ভাবস্থার অস্বস্তিগুলি পরিচালনা করতে সারা দিন খাবার এবং স্ন্যাকস গঠনের পরামর্শ।
"গর্ভবতী মহিলারা প্রায়ই ভাবতে থাকেন, ""আমি কীভাবে নিশ্চিত করতে পারি যে আমি আমার গর্ভাবস্থার জন্য সঠিক খাবার খাচ্ছি?"" অথবা ""গর্ভাবস্থায় আমার দৈনন্দিন খাদ্য কেমন হওয়া উচিত?""","গর্ভাবস্থায় আপনি আপনার পুষ্টির চাহিদা পূরণ করছেন তা নিশ্চিত করতে, আপনার এবং আপনার শিশু উভয়ের জন্য প্রয়োজনীয় পুষ্টি সরবরাহ করে এমন বিভিন্ন ধরনের খাবার খাওয়া গুরুত্বপূর্ণ। আপনার খাবারে প্রচুর রঙিন শাকসবজি এবং ফল, পুরো শস্য এবং প্রোটিন সমৃদ্ধ খাবার অন্তর্ভুক্ত করার লক্ষ্য রাখুন। ফলিক অ্যাসিড এবং আয়রনের সাথে প্রতিদিন মাল্টিভিটামিন গ্রহণের পরামর্শ দেওয়া হয়, কারণ এই পুষ্টিগুলি ভ্রূণের বিকাশে গুরুত্বপূর্ণ ভূমিকা পালন করে। আপনার ক্ষুধার উপর ভিত্তি করে নিয়মিত খান, সাধারণত দিনে তিনবার খাবার এবং প্রয়োজনে এক বা দুটি স্ন্যাকস অন্তর্ভুক্ত করুন। পুষ্টির অতিরিক্ত উত্স হিসাবে দুধ বা ফোর্টিফাইড সয়া দুধের সাথে বেশিরভাগ জল পান করে হাইড্রেটেড থাকাও গুরুত্বপূর্ণ। সীমাবদ্ধ খাদ্য এড়িয়ে চলুন এবং খাদ্য-বাহিত সংক্রমণ প্রতিরোধে সতর্কতা অবলম্বন করা নিশ্চিত করুন, কারণ এগুলো গর্ভাবস্থায় ক্ষতিকারক হতে পারে।",গর্ভাবস্থায় ভাল খাওয়া,মা এবং শিশু উভয়ের চাহিদা মেটাতে গর্ভাবস্থায় সুষম এবং পুষ্টিকর খাদ্য বজায় রাখার জন্য নির্দেশিকা এবং টিপস।
"গর্ভবতী মহিলারা প্রায়ই আশ্চর্য হন, ""আমি কীভাবে নিশ্চিত করতে পারি যে আমি আমার গর্ভাবস্থার জন্য সঠিক খাবার খাচ্ছি?"" অথবা ""গর্ভাবস্থায় আমার দৈনন্দিন খাদ্য কেমন হওয়া উচিত?""","গর্ভাবস্থায় আপনি আপনার পুষ্টির চাহিদা পূরণ করছেন তা নিশ্চিত করতে, আপনার এবং আপনার শিশু উভয়ের জন্য প্রয়োজনীয় পুষ্টি সরবরাহ করে এমন বিভিন্ন খাবার খাওয়া গুরুত্বপূর্ণ। আপনার খাবারে প্রচুর রঙিন শাকসবজি এবং ফল, পুরো শস্য এবং প্রোটিন সমৃদ্ধ খাবার অন্তর্ভুক্ত করার লক্ষ্য রাখুন। ফলিক অ্যাসিড এবং আয়রনের সাথে প্রতিদিন মাল্টিভিটামিন গ্রহণের পরামর্শ দেওয়া হয়, কারণ এই পুষ্টিগুলি ভ্রূণের বিকাশে গুরুত্বপূর্ণ ভূমিকা পালন করে। আপনার ক্ষুধার উপর ভিত্তি করে নিয়মিত খান, সাধারণত দিনে তিনবার খাবার এবং প্রয়োজনে এক বা দুটি স্ন্যাকস অন্তর্ভুক্ত করুন। পুষ্টির অতিরিক্ত উত্স হিসাবে দুধ বা ফোর্টিফাইড সয়া দুধের সাথে বেশিরভাগ জল পান করে হাইড্রেটেড থাকাও গুরুত্বপূর্ণ। সীমাবদ্ধ খাদ্য এড়িয়ে চলুন এবং খাদ্য-বাহিত সংক্রমণ প্রতিরোধে সতর্কতা অবলম্বন করা নিশ্চিত করুন, কারণ এগুলো গর্ভাবস্থায় ক্ষতিকারক হতে পারে।",গর্ভাবস্থায় ভাল খাওয়া,মা এবং শিশু উভয়ের চাহিদা মেটাতে গর্ভাবস্থায় সুষম এবং পুষ্টিকর খাদ্য বজায় রাখার জন্য নির্দেশিকা এবং টিপস।
"মহিলারা প্রায়ই জিজ্ঞাসা করেন, ""গর্ভাবস্থায় আমার কি খাওয়া উচিত?"" বা ""আমার গর্ভাবস্থার জন্য আমি কীভাবে আমার খাবারকে আরও পুষ্টিকর করতে পারি?""","গর্ভাবস্থায় ভাল খাওয়া মানে শাকসবজি, ফল, গোটা শস্য এবং প্রোটিন-সমৃদ্ধ খাবার, বিশেষ করে উদ্ভিদ-ভিত্তিক বিকল্পগুলি অন্তর্ভুক্ত করে এমন মননশীল পছন্দ করা। এটি শুধুমাত্র আপনার স্বাস্থ্যকে সমর্থন করে না বরং আপনার শিশুর বিকাশেও অবদান রাখে। নতুন স্বাদের সাথে পরীক্ষা করা, রান্নার বিভিন্ন পদ্ধতি এবং অন্যদের সাথে খাবার ভাগ করে নেওয়া স্বাস্থ্যকর খাবারকে আরও উপভোগ্য করে তুলতে পারে। স্বাস্থ্যকর খাওয়ার জন্য সাধারণ নির্দেশিকা প্রত্যেকের জন্য প্রযোজ্য হলেও, গর্ভবতী মহিলাদের নির্দিষ্ট পুষ্টির চাহিদা রয়েছে যা একজন স্বাস্থ্যসেবা প্রদানকারীর সাহায্যে সমাধান করা উচিত।",গর্ভাবস্থায় ভাল খাওয়া,মা এবং শিশু উভয়ের স্বাস্থ্যের জন্য গর্ভাবস্থায় একটি সুষম এবং পুষ্টিকর খাদ্য বজায় রাখার গুরুত্ব।
আমি কিভাবে একটি অ্যাক্টোপিক গর্ভাবস্থা চিনতে পারি?,"একটি অ্যাক্টোপিক গর্ভাবস্থা ঘটে যখন একটি নিষিক্ত ডিম গর্ভের বাইরে রোপন করা হয়, সাধারণত একটি ফ্যালোপিয়ান টিউবে। এই পরিস্থিতি স্বাস্থ্য ঝুঁকি তৈরি করে এবং একটি কার্যকর গর্ভাবস্থায় বিকশিত হতে পারে না। চিকিত্সা সাধারণত গর্ভাবস্থা অপসারণ করার জন্য ওষুধ বা অস্ত্রোপচার জড়িত।",একটোপিক গর্ভাবস্থা,অ্যাক্টোপিক গর্ভাবস্থার লক্ষণ এবং উপসর্গগুলি সনাক্ত করা
আমি কিভাবে জানব যে এটি একটি অ্যাক্টোপিক গর্ভাবস্থা?,"একটি অ্যাক্টোপিক গর্ভাবস্থা ঘটে যখন একটি নিষিক্ত ডিম গর্ভের বাইরে রোপন করা হয়, সাধারণত একটি ফ্যালোপিয়ান টিউবে। এই পরিস্থিতি স্বাস্থ্য ঝুঁকি তৈরি করে এবং একটি কার্যকর গর্ভাবস্থায় বিকশিত হতে পারে না। চিকিত্সা সাধারণত গর্ভাবস্থা অপসারণ করার জন্য ওষুধ বা অস্ত্রোপচার জড়িত।",একটোপিক গর্ভাবস্থা,অ্যাক্টোপিক গর্ভাবস্থার লক্ষণ এবং উপসর্গগুলি সনাক্ত করা
অ্যাক্টোপিক গর্ভাবস্থার লক্ষণগুলি কী কী?,"একটি অ্যাক্টোপিক গর্ভাবস্থা ঘটে যখন একটি নিষিক্ত ডিম গর্ভের বাইরে রোপন করা হয়, সাধারণত একটি ফ্যালোপিয়ান টিউবে। এই পরিস্থিতি স্বাস্থ্য ঝুঁকি তৈরি করে এবং একটি কার্যকর গর্ভাবস্থায় বিকশিত হতে পারে না। চিকিত্সা সাধারণত গর্ভাবস্থা অপসারণ করার জন্য ওষুধ বা অস্ত্রোপচার জড়িত।",একটোপিক গর্ভাবস্থা,অ্যাক্টোপিক গর্ভাবস্থার লক্ষণ এবং উপসর্গগুলি সনাক্ত করা
অ্যাক্টোপিক গর্ভাবস্থার লক্ষণগুলি কী কী?,"একটি অ্যাক্টোপিক গর্ভাবস্থা ঘটে যখন একটি নিষিক্ত ডিম গর্ভের বাইরে রোপন করা হয়, সাধারণত একটি ফ্যালোপিয়ান টিউবে। এই পরিস্থিতি স্বাস্থ্য ঝুঁকি তৈরি করে এবং একটি কার্যকর গর্ভাবস্থায় বিকশিত হতে পারে না। চিকিত্সা সাধারণত গর্ভাবস্থা অপসারণ করার জন্য ওষুধ বা অস্ত্রোপচার জড়িত।",একটোপিক গর্ভাবস্থা,অ্যাক্টোপিক গর্ভাবস্থার লক্ষণ এবং উপসর্গগুলি সনাক্ত করা
একটোপিক বা অতিরিক্ত জরায়ু গর্ভাবস্থা কি?,"একটি গর্ভাবস্থা যেখানে ভ্রূণ নিজেই ইমপ্লান্ট করে 
এবং জরায়ুর বাইরে বিকশিত হয় (যেমন, ক  
ফলোপিয়ান টিউব)",একটোপিক বা অতিরিক্ত জরায়ু গর্ভাবস্থা,একটোপিক বা অতিরিক্ত জরায়ু গর্ভাবস্থার সংজ্ঞা
একটি অ্যাক্টোপিক গর্ভাবস্থা কি? এটা টার্ম চালিয়ে যেতে পারে? একটি অ্যাক্টোপিক গর্ভাবস্থার জন্য কি চিকিত্সা প্রয়োজন?,একটি অ্যাক্টোপিক গর্ভাবস্থা ঘটে যখন ভ্রূণ নিজেকে জরায়ুর বাইরে ইমপ্লান্ট করে। এই ধরনের গর্ভাবস্থা স্থায়ী হতে পারে না এবং চিকিত্সার জন্য সাধারণত ওষুধ বা অস্ত্রোপচারের গর্ভপাতের প্রয়োজন হয়।,একটোপিক গর্ভাবস্থা,জরায়ুর বাইরে ভ্রূণ ইমপ্লান্টেশনের বিরল ঘটনা; ওষুধ বা অস্ত্রোপচার প্রয়োজন।
একটি ডিম কি,"ডিম্বাশয় দ্বারা উত্পাদিত প্রজনন কোষ। কখন 
একটি ডিম এবং একটি শুক্রাণু ফিউজ, একটি ভ্রূণ গঠন হতে পারে।",ডিম,ডিমের সংজ্ঞা
গর্ভাবস্থায় ই-সিগারেটের নিরাপত্তার বিষয়ে সীমিত গবেষণার কারণে সুপারিশ করা হয় না। যারা ধূমপান ত্যাগ করতে চান তাদের জন্য নিরাপদ বিকল্প উপলব্ধ।,"মা এবং ভ্রূণ উভয়ের উপর সীমিত গবেষণার কারণে গর্ভাবস্থায় ইলেকট্রনিক সিগারেট (ই-সিগারেট, ভ্যাপ) ব্যবহার করার পরামর্শ দেওয়া হয় না। আপনি যদি গর্ভবতী হন এবং ধূমপান ত্যাগ করতে চান তবে নিরাপদ এবং আরও কার্যকর বিকল্প রয়েছে। নিরাপদে তামাক ছাড়ার বিষয়ে নির্দেশনার জন্য একজন স্বাস্থ্যসেবা পেশাদারের সাথে কথা বলুন।",গর্ভাবস্থায় ইলেকট্রনিক সিগারেট,গর্ভাবস্থায় ই-সিগারেট ব্যবহারের ঝুঁকি এবং ধূমপান ছাড়ার বিকল্প।
একটি ভ্রূণ কি,"প্রথম পূর্ণ 10 সপ্তাহের মধ্যে দেওয়া নাম 
মানুষের বিকাশের জন্য গর্ভাবস্থা 
মায়ের পেটে।",ভ্রূণ,ভ্রূণের সংজ্ঞা
অরক্ষিত যৌন মিলনের পরে জরুরী গর্ভনিরোধক বিকল্পগুলি কী কী এবং কীভাবে স্তন্যপান করানো তাদের প্রভাবিত করে?,"জরুরী মৌখিক গর্ভনিরোধক (EOC), যা মর্নিং আফটার পিল নামেও পরিচিত, অরক্ষিত বা খারাপভাবে সুরক্ষিত যৌন মিলনের পাঁচ দিন পর্যন্ত কার্যকর থাকে। এটি যোনিপথে প্রসব বা সিজারিয়ানের পরে যে কোনো সময় ব্যবহার করা যেতে পারে, স্তন্যপান করানো যাই হোক না কেন। যত তাড়াতাড়ি এটি গ্রহণ করা হয়, এটি তত বেশি কার্যকর। আপনি যদি বুকের দুধ খাওয়ান, তাহলে ফার্মাসিস্ট বা ডাক্তারকে জানান, যিনি বুকের দুধ খাওয়ানোর সময় নিরাপদ EOC লিখে দিতে পারেন।",জরুরী গর্ভনিরোধক,"জরুরী গর্ভনিরোধ পদ্ধতি, বুকের দুধ খাওয়ানোর বিবেচনা"
"গর্ভাবস্থায় সংবেদনশীল ওঠানামা সাধারণ, এবং নিজেকে দমন না করে এই আবেগগুলি অনুভব করার অনুমতি দেওয়া গুরুত্বপূর্ণ।","তাদের সাথে লড়াই করার চেষ্টা করার পরিবর্তে আপনার আবেগগুলি উদিত হওয়ার সাথে সাথে স্বীকার করুন। অনুভূতির মিশ্রণ অনুভব করা স্বাভাবিক, এবং সেগুলিকে আলিঙ্গন করা গর্ভাবস্থায় নেভিগেট করার প্রক্রিয়ার অংশ।",আবেগগত পরিবর্তন,"গর্ভাবস্থার কারণে নারীরা আনন্দ, উদ্বেগ, অস্বীকার, উত্তেজনা এবং এমনকি দুঃখের মতো বিরোধপূর্ণ আবেগের একটি পরিসীমা অনুভব করতে পারে।"
"গর্ভাবস্থার মানসিক প্রভাব পরিবর্তিত হতে পারে, কারণ মহিলারা মাতৃত্বের প্রত্যাশা এবং সন্তানের আগমন সহ নতুন বাস্তবতার সাথে মানিয়ে নেয়।",এই পরিবর্তনগুলির সাথে খাপ খাইয়ে নেওয়ার জন্য সময় নেওয়া এবং জীবনের একটি নতুন অধ্যায়ের জন্য প্রস্তুতি নিয়ে আসা মানসিক এবং মনস্তাত্ত্বিক পরিবর্তনগুলি প্রক্রিয়া করার জন্য নিজেকে স্থান দেওয়া গুরুত্বপূর্ণ।,আবেগগত পরিবর্তন,"গর্ভাবস্থা শুধুমাত্র শারীরিক পরিবর্তনই আনে না বরং মানসিক, মনস্তাত্ত্বিক এবং সামাজিক পরিবর্তনও ঘটায়। মাতৃত্বের প্রত্যাশা মানসিক চাপ সৃষ্টি করতে পারে এবং কিছু মহিলাদের জন্য অনেক প্রশ্ন উত্থাপন করতে পারে।"
আপনার আবেগ সম্পর্কে কথা বলা আপনাকে বুঝতে সাহায্য করে যে আপনি একা নন এবং ভাগ করা অভিজ্ঞতার মাধ্যমে সমর্থন দিতে পারেন।,"আপনার ঘনিষ্ঠদের সাথে কথা বলা বা অন্যান্য গর্ভবতী মহিলাদের সাথে যোগাযোগ করা আরাম এবং সহায়তা প্রদান করতে পারে। মনে রাখবেন যে প্রতিটি মহিলা এবং গর্ভাবস্থা আলাদা, এবং আপনার আবেগগুলি বৈধ, এমনকি যদি তারা অন্যদের সাথে সারিবদ্ধ না হয়।",মানসিক সমর্থন,প্রিয়জন বা অন্যান্য গর্ভবতী মহিলাদের সাথে আপনার আবেগ নিয়ে আলোচনা করা মূল্যবান সহায়তা প্রদান করতে পারে এবং অভিজ্ঞতাকে স্বাভাবিক করতে সহায়তা করতে পারে।
"সমর্থন খোঁজা, সীমানা নির্ধারণ এবং আবেগ পরিচালনা করা গর্ভাবস্থার পরিবর্তনগুলির সাথে মোকাবিলা করার চাবিকাঠি।","মানসিক পরিবর্তনের সাথে খাপ খাইয়ে নিতে, হাঁটা বা ধ্যানের মতো ক্রিয়াকলাপে নিযুক্ত হন। সহায়তার জন্য বিশ্বস্ত ব্যক্তি বা আপনার জন্মপূর্ব যত্ন প্রদানকারীর সাথে কথা বলুন। অবাঞ্ছিত মন্তব্যের জন্য সীমানা নির্ধারণ করুন এবং বিষণ্নতার লক্ষণগুলি অনুভব করলে সাহায্য নিন।",মানসিক সুস্থতা ও সমর্থন,"গর্ভাবস্থার আবেগ, স্ব-যত্ন, সমর্থন চাওয়া, সীমানা নির্ধারণ, বিষণ্নতার ঝুঁকি।"
কীভাবে এপিডুরাল অ্যানেস্থেসিয়া কাজ করে এবং এর প্রভাব,"এপিডুরাল এনেস্থেশিয়া হল প্রসবের সময় একটি অত্যন্ত কার্যকর ব্যথা উপশম পদ্ধতি। এটি পিঠের নীচের অংশে দুটি কশেরুকার মধ্যে ঢোকানো একটি ক্যাথেটারের মাধ্যমে একটি স্থানীয় চেতনানাশক ইনজেকশনের অন্তর্ভুক্ত। এটি পেটের অংশকে অসাড় করে দেয় এবং পা আংশিকভাবে অসাড় করে দেয়। যদিও এটি কার্যকরভাবে প্রসব বেদনা কমায় বা নির্মূল করে, এটি সংকোচনও কমিয়ে দিতে পারে এবং নড়াচড়া সীমিত করতে পারে, যা শিশুর জন্মকে ধীর করে দিতে পারে। একটি এপিডুরাল পরিচালনা করার আগে, এটি আপনার জন্য উপযুক্ত কিনা তা নিশ্চিত করার জন্য একটি পুঙ্খানুপুঙ্খ মূল্যায়ন করা হবে।",এপিডুরাল অ্যানেস্থেসিয়া,প্রসবের সময় ব্যথা উপশম পদ্ধতি
প্রসবের সময় এপিডুরাল এবং সংশ্লিষ্ট পরিবর্তনের জন্য প্রস্তুতি,"এপিডুরাল পাওয়ার আগে, আপনাকে একটি ইন্ট্রাভেনাস (IV) লাইনের সাথে সংযুক্ত করা হবে, যা ওষুধটি বন্ধ না হওয়া পর্যন্ত সেখানে থাকবে। একটি অবিচ্ছিন্ন ভ্রূণ মনিটর সাধারণত প্রয়োগ করা হয়, বিশেষ করে যদি ওষুধগুলি সংকোচনকে উদ্দীপিত করতে ব্যবহৃত হয়। হাসপাতালের প্রোটোকলের উপর নির্ভর করে, আপনি এখনও এপিডুরালের নীচে হাঁটতে এবং বাথরুম ব্যবহার করতে সক্ষম হতে পারেন, তবে যদি প্রস্রাব করা কঠিন হয়ে যায়, একটি মূত্রনালীর ক্যাথেটার প্রয়োজন হতে পারে। এপিডুরালের প্রভাবগুলি কখন ধাক্কা দিতে হবে তা অনুভব করা আরও চ্যালেঞ্জিং করে তুলতে পারে, ডেলিভারিতে সহায়তা করার জন্য ভ্যাকুয়াম এক্সট্র্যাক্টর বা ফোর্সেপের মতো যন্ত্রগুলির প্রয়োজনীয়তা সম্ভাব্যভাবে বাড়িয়ে তোলে। যাইহোক, এপিডুরাল সিজারিয়ান ডেলিভারির ঝুঁকি বাড়ায় না।",এপিডুরাল এনেস্থেশিয়া - প্রাক-প্রক্রিয়া এবং প্রভাব,এপিডুরাল এবং এর সম্ভাব্য প্রভাবের আগে পদক্ষেপ
এপিসিওটমির ব্যবহার এবং ঝুঁকি,"একটি এপিসিওটমি হল প্রসবের ঠিক আগে পেরিনিয়ামে একটি ছেদ যা শিশুকে আরও দ্রুত প্রস্থান করতে সাহায্য করে। এটি স্থানীয় এনেস্থেশিয়ার অধীনে করা হয় এবং জন্মের পরে ছেদটি সেলাই করা হয়। যাইহোক, এপিসিওটমিগুলি আর নিয়মিতভাবে করা হয় না কারণ তারা গভীর পেরিনাল টিয়ারের ঝুঁকি বাড়াতে পারে।",সন্তান জন্মদানে এপিসিওটমি,"এপিসিওটমি সংক্রান্ত পদ্ধতি, উদ্দেশ্য এবং উদ্বেগ"
জন্মের পর আপনার এবং আপনার শিশুর জন্য কোন পরীক্ষা এবং হস্তক্ষেপের পরামর্শ দেওয়া হবে? কিভাবে আপনি একটি অকাল শিশুর মত অপ্রত্যাশিত উন্নয়ন পরিচালনা করবেন? হাসপাতালে ভর্তির সময় এবং বুকের দুধ খাওয়ানোর সময় আপনার শিশুর সাথে থাকতে কী ব্যবস্থা আপনাকে সাহায্য করতে পারে?,"জন্মের পর, আপনার এবং আপনার শিশুর জন্য সুপারিশকৃত যে কোনো পরীক্ষা, হস্তক্ষেপ বা ওষুধ সম্পর্কে জিজ্ঞাসা করুন এবং তাদের কারণ, সময় এবং সম্ভাব্য পরিণতি সম্পর্কে জিজ্ঞাসা করুন। অপ্রত্যাশিত পরিস্থিতির জন্য প্রস্তুত থাকুন, যেমন আপনার শিশু যদি অকাল হয় এবং তাকে হাসপাতালে থাকতে হয়। আপনার শিশুর হাসপাতালে ভর্তির সময় তার সাথে থাকার অনুমতি দেয় এমন ব্যবস্থাগুলিতে আপনার অ্যাক্সেস রয়েছে তা নিশ্চিত করুন। আপনি যদি বুকের দুধ খাওয়ানোর পরিকল্পনা করছেন, তাহলে প্রয়োজনে বুকের দুধের ব্যাঙ্ক ব্যবহার সহ হাসপাতাল বা জন্মদান কেন্দ্রে কী সহায়তা পাওয়া যায় তা খুঁজে বের করুন।",জন্মের পর পরীক্ষা এবং হস্তক্ষেপ,"জন্ম-পরবর্তী পদ্ধতি, বুকের দুধ খাওয়ানোর সহায়তা, হাসপাতালের ব্যবস্থা"
গর্ভাবস্থায় তীব্র বমি হওয়ার কারণ কী?,"অনেক মহিলাই বমি বমি ভাব বা বমি অনুভব করেন, যাকে প্রায়ই মর্নিং সিকনেস বলা হয়, বিশেষ করে গর্ভাবস্থার প্রথম 3 মাসে। কারণটি এইচসিজি (হিউম্যান কোরিওনিক গোনাডোট্রপিন) নামক হরমোনের দ্রুত বৃদ্ধির মাত্রা বলে মনে করা হয়। যাইহোক, সাধারণ সকালের অসুস্থতার বাইরে গুরুতর বমি, যা হাইপারমেসিস গ্র্যাভিডারাম নামে পরিচিত, ওজন হ্রাস এবং ডিহাইড্রেশন হতে পারে এবং এর জন্য নিবিড় চিকিত্সার প্রয়োজন হতে পারে।",গর্ভাবস্থায় অতিরিক্ত বমি হওয়া,অতিরিক্ত বমি হওয়ার কারণ
কী কারণে অতিরিক্ত বমি হতে পারে?,"অনেক মহিলাই বমি বমি ভাব বা বমি অনুভব করেন, যাকে প্রায়ই মর্নিং সিকনেস বলা হয়, বিশেষ করে গর্ভাবস্থার প্রথম 3 মাসে। কারণটি এইচসিজি (হিউম্যান কোরিওনিক গোনাডোট্রপিন) নামক হরমোনের দ্রুত বৃদ্ধির মাত্রা বলে মনে করা হয়। যাইহোক, সাধারণ সকালের অসুস্থতার বাইরে গুরুতর বমি, যা হাইপারমেসিস গ্র্যাভিডারাম নামে পরিচিত, ওজন হ্রাস এবং ডিহাইড্রেশন হতে পারে এবং এর জন্য নিবিড় চিকিত্সার প্রয়োজন হতে পারে।",গর্ভাবস্থায় অতিরিক্ত বমি হওয়া,অতিরিক্ত বমি হওয়ার কারণ
কেন আমি ঘন ঘন বমি অনুভব করছি?,"অনেক মহিলাই বমি বমি ভাব বা বমি অনুভব করেন, যাকে প্রায়ই মর্নিং সিকনেস বলা হয়, বিশেষ করে গর্ভাবস্থার প্রথম 3 মাসে। কারণটি এইচসিজি (হিউম্যান কোরিওনিক গোনাডোট্রপিন) নামক হরমোনের দ্রুত বৃদ্ধির মাত্রা বলে মনে করা হয়। যাইহোক, সাধারণ সকালের অসুস্থতার বাইরে গুরুতর বমি, যা হাইপারমেসিস গ্র্যাভিডারাম নামে পরিচিত, ওজন হ্রাস এবং ডিহাইড্রেশন হতে পারে এবং এর জন্য নিবিড় চিকিত্সার প্রয়োজন হতে পারে।",গর্ভাবস্থায় অতিরিক্ত বমি হওয়া,অতিরিক্ত বমি হওয়ার কারণ
আমি কেন খুব বেশি বমি করি?,"অনেক মহিলাই বমি বমি ভাব বা বমি অনুভব করেন, যাকে প্রায়ই মর্নিং সিকনেস বলা হয়, বিশেষ করে গর্ভাবস্থার প্রথম 3 মাসে। কারণটি এইচসিজি (হিউম্যান কোরিওনিক গোনাডোট্রপিন) নামক হরমোনের দ্রুত বৃদ্ধির মাত্রা বলে মনে করা হয়। যাইহোক, সাধারণ সকালের অসুস্থতার বাইরে গুরুতর বমি, যা হাইপারমেসিস গ্র্যাভিডারাম নামে পরিচিত, ওজন হ্রাস এবং ডিহাইড্রেশন হতে পারে এবং এর জন্য নিবিড় চিকিত্সার প্রয়োজন হতে পারে।",গর্ভাবস্থায় অতিরিক্ত বমি হওয়া,অতিরিক্ত বমি হওয়ার কারণ
কেন শিশুরা অতিরিক্ত কান্নাকাটি করে এবং আপনি কী করতে পারেন?,"কিছু শিশু অত্যধিক কান্নাকাটি অনুভব করে, যাকে প্রায়শই কোলিক হিসাবে উল্লেখ করা হয়, যেখানে তারা দিনে তিন ঘন্টার বেশি কান্নাকাটি করে, বিশেষ করে শেষ বিকেলে বা সন্ধ্যায়। এই পর্বগুলির সময়, শিশুটি লাল মুখ, মুঠি মুঠো এবং কুঁচকানো পা সহ ব্যথায় ভুগতে পারে। এটি গ্যাসের কারণে হতে পারে, কারণ কান্নার কারণে শিশুরা বাতাস গিলে ফেলতে পারে। শৈশব শৈশবকালের একটি সাধারণ এবং স্বাভাবিক পর্যায় এবং এটি কোনো অন্তর্নিহিত স্বাস্থ্য সমস্যার সাথে যুক্ত নয়। যদিও এটি বিরক্তিকর হতে পারে, এটি শিশুর জন্য দীর্ঘমেয়াদী কোনো পরিণতি নেই। পিতামাতা হিসাবে, এই সময়ে শান্ত থাকা এবং আপনার শিশুকে সান্ত্বনা দেওয়ার জন্য বিভিন্ন প্রশান্তিদায়ক পদ্ধতি, যেমন মৃদু দোলনা, দোলানো বা একটি প্রশমক অফার করার চেষ্টা করা গুরুত্বপূর্ণ। যাইহোক, যদি আপনি কান্নার তীব্রতা বা সময়কাল সম্পর্কে উদ্বিগ্ন হন, বা যদি অন্যান্য লক্ষণগুলি বিকাশ লাভ করে, তাহলে একজন স্বাস্থ্যসেবা প্রদানকারীর সাথে পরামর্শ করা সর্বদা একটি ভাল ধারণা।",অত্যধিক কান্না (কোলিক),শিশুদের মধ্যে কোলিক বোঝা এবং পরিচালনা করা
গর্ভাবস্থায় হাঁটা কতটা গুরুত্বপূর্ণ?,"গর্ভাবস্থায় হাঁটা উপকারী কারণ এটি নিয়মিত, মৃদু ব্যায়াম প্রদান করে যা আপনাকে সক্রিয় রাখতে সাহায্য করে। এটি চলমান থাকার এবং সামগ্রিক সুস্থতার প্রচার করার একটি সহজ উপায়।",গর্ভাবস্থায় ব্যায়াম করুন,গর্ভাবস্থায় হাঁটা এবং ব্যায়ামের গুরুত্ব
গর্ভাবস্থায় হাঁটা কি উপকারী?,"গর্ভাবস্থায় হাঁটা উপকারী কারণ এটি নিয়মিত, মৃদু ব্যায়াম প্রদান করে যা আপনাকে সক্রিয় রাখতে সাহায্য করে। এটি চলমান থাকার এবং সামগ্রিক সুস্থতার প্রচার করার একটি সহজ উপায়।",গর্ভাবস্থায় ব্যায়াম করুন,গর্ভাবস্থায় হাঁটা এবং ব্যায়ামের গুরুত্ব
গর্ভাবস্থায় আমার কি আরও ব্যায়াম করা উচিত?,"গর্ভাবস্থায় হাঁটা উপকারী কারণ এটি নিয়মিত, মৃদু ব্যায়াম প্রদান করে যা আপনাকে সক্রিয় রাখতে সাহায্য করে। এটি চলমান থাকার এবং সামগ্রিক সুস্থতার প্রচার করার একটি সহজ উপায়।",গর্ভাবস্থায় ব্যায়াম করুন,গর্ভাবস্থায় হাঁটা এবং ব্যায়ামের গুরুত্ব
গর্ভাবস্থায় কোন ব্যায়াম করার পরামর্শ দেওয়া হয়?,"গর্ভাবস্থায় হাঁটা উপকারী কারণ এটি নিয়মিত, মৃদু ব্যায়াম প্রদান করে যা আপনাকে সক্রিয় রাখতে সাহায্য করে। এটি চলমান থাকার এবং সামগ্রিক সুস্থতার প্রচার করার একটি সহজ উপায়।",গর্ভাবস্থায় ব্যায়াম করুন,গর্ভাবস্থায় হাঁটা এবং ব্যায়ামের গুরুত্ব
এক্সপ্রেস কি,মায়ের স্তন থেকে দুধ পাম্প বা চেপে দিন।,এক্সপ্রেস,সংজ্ঞা প্রকাশ করুন
অবিলম্বে বুকের দুধ খাওয়ানো সম্ভব না হলে বাবা-মা কীভাবে তাদের শিশুর জন্য দুধ প্রকাশ করবেন?,"যদি আপনার শিশু প্রাথমিকভাবে বুকের দুধ খাওয়াতে অক্ষম হয়, তাহলে আপনি একটি স্তন পাম্প ব্যবহার করে আপনার দুধ প্রকাশ করতে পারেন। হাসপাতাল, বিশেষ করে নিবিড় পরিচর্যা ওয়ার্ডে, সাধারণত ব্রেস্ট পাম্প পাওয়া যায় এবং দুধ প্রকাশে আপনাকে সাহায্য করতে পারে। উদ্বিগ্ন হবেন না যদি প্রথম প্রথম মাত্র কয়েক ফোঁটা বের হয়নিয়মিত উদ্দীপনা দুধ উৎপাদন বৃদ্ধির চাবিকাঠি। মনে রাখবেন, নবজাতকের খুব ছোট পেট থাকে এবং শুরুতে অল্প পরিমাণে দুধের প্রয়োজন হয়। আপনার শিশুর কাছাকাছি থাকা বা দুধ প্রকাশ করার আগে ত্বক থেকে ত্বকের যোগাযোগ করা উৎপাদন বাড়াতে সাহায্য করতে পারে। যদি বুকের দুধ খাওয়ানো আপনার প্রাথমিক পরিকল্পনার অংশ না হয়ে থাকে, তাহলে চেষ্টা করতে এবং শুরু করতে খুব বেশি দেরি নেই। উপরন্তু, আপনার শিশুর প্রয়োজনে অতিরিক্ত খনিজ বা ক্যালোরি আপনার দুধে যোগ করা যেতে পারে।","দুধ প্রকাশ করা, বুকের দুধ খাওয়ানো, দুধ উৎপাদন, অকাল শিশুর যত্ন","শিশু যখন বুকের দুধ খাওয়াতে পারে না তখন দুধ প্রকাশ করা, ব্রেস্ট পাম্প ব্যবহার করা, দুধ উৎপাদনে সহায়তা করা, পরিপূরক যোগ করা"
গর্ভাবস্থায় চোখের যত্ন সম্পর্কে আপনার কী জানা উচিত?,"গর্ভাবস্থায় হরমোনের পরিবর্তন শুষ্ক চোখ এবং অস্বস্তি হতে পারে। আপনি যদি ওঠানামা করার দৃষ্টি অনুভব করেন, তাহলে আপনার চশমা বা কন্টাক্ট লেন্স আর উপযুক্ত নাও হতে পারে এবং আপনি একটি অস্থায়ী প্রেসক্রিপশনের জন্য একজন চক্ষু বিশেষজ্ঞের সাথে পরামর্শ করতে পারেন। দৃষ্টি সাধারণত জন্মের পর মাসগুলিতে স্থির হয়ে যায়, তাই নতুন প্রেসক্রিপশন পাওয়ার আগে ছয় থেকে নয় মাস অপেক্ষা করা বা আপনি বুকের দুধ খাওয়ানো বন্ধ না করা পর্যন্ত অপেক্ষা করা ভাল। যাইহোক, যদি আপনি হঠাৎ দৃষ্টিশক্তি হ্রাস, দ্বিগুণ দৃষ্টিশক্তি বা ঝাপসা দৃষ্টি অনুভব করেন, অবিলম্বে চিকিত্সার পরামর্শ নিন।","চোখের যত্ন, গর্ভাবস্থা","দৃষ্টি পরিবর্তন, চোখের অস্বস্তি, গর্ভাবস্থায় চোখের যত্ন"
"শিশুদের মধ্যে মনোযোগের ভারসাম্য বজায় রাখা, মানসিক উদ্বেগের সমাধান করা, গর্ভাবস্থার প্রস্তুতিতে ভাইবোনদের জড়িত করা।","গর্ভাবস্থা বড় বাচ্চাদের জন্য মিশ্র আবেগ নিয়ে আসতে পারে, হিংসা থেকে বিভ্রান্তি পর্যন্ত। তাদের সামঞ্জস্য করতে, আশ্বাস প্রদান করতে, প্রস্তুতিতে তাদের সম্পৃক্ত করতে এবং তাদের ভালবাসা এবং পরিবর্তনগুলিতে অন্তর্ভুক্ত বোধ করার জন্য স্নেহ প্রদর্শন করা চালিয়ে যেতে সাহায্য করতে।",গর্ভাবস্থায় পারিবারিক সামঞ্জস্য,"বয়স্ক শিশুদের অনুভূতি, ভাইবোনের ঈর্ষা, মানসিক সমর্থন, প্রস্তুতিতে শিশুদের জড়িত করা, পারিবারিক বন্ধন।"
গর্ভাবস্থায় আমার পোশাক কেমন হওয়া উচিত?,"গর্ভাবস্থায়, আরামদায়ক পোশাক বেছে নিন যা বিনামূল্যে শরীরের নড়াচড়া করতে দেয়। এটি আপনার শরীরের পরিবর্তনের সাথে সাথে আরাম এবং চলাচলের সহজতা নিশ্চিত করতে সহায়তা করে।",গর্ভাবস্থায় ফ্যাশন পছন্দ,গর্ভাবস্থায় পোশাক এবং জুতা জন্য সুপারিশ
গর্ভাবস্থার জন্য প্রস্তাবিত পোশাকের বিকল্পগুলি কী কী?,"গর্ভাবস্থায়, আরামদায়ক পোশাক বেছে নিন যা বিনামূল্যে শরীরের নড়াচড়া করতে দেয়। এটি আপনার শরীরের পরিবর্তনের সাথে সাথে আরাম এবং চলাচলের সহজতা নিশ্চিত করতে সহায়তা করে।",গর্ভাবস্থায় ফ্যাশন পছন্দ,গর্ভাবস্থায় পোশাক এবং জুতা জন্য সুপারিশ
গর্ভাবস্থায় আমার কোন ফ্যাশন পছন্দ করা উচিত?,"গর্ভাবস্থায়, আরামদায়ক পোশাক বেছে নিন যা বিনামূল্যে শরীরের নড়াচড়া করতে দেয়। এটি আপনার শরীরের পরিবর্তনের সাথে সাথে আরাম এবং চলাচলের সহজতা নিশ্চিত করতে সহায়তা করে।",গর্ভাবস্থায় ফ্যাশন পছন্দ,গর্ভাবস্থায় পোশাক এবং জুতা জন্য সুপারিশ
গর্ভাবস্থায় কোন জুতা সেরা?,"গর্ভাবস্থায়, আরামদায়ক পোশাক বেছে নিন যা বিনামূল্যে শরীরের নড়াচড়া করতে দেয়। এটি আপনার শরীরের পরিবর্তনের সাথে সাথে আরাম এবং চলাচলের সহজতা নিশ্চিত করতে সহায়তা করে।",গর্ভাবস্থায় ফ্যাশন পছন্দ,গর্ভাবস্থায় পোশাক এবং জুতা জন্য সুপারিশ
আমার ক্লান্তি এবং দুর্বলতার কারণ কী হতে পারে?,"স্বাভাবিকের চেয়ে কম লাল রক্তকণিকা থাকা, যাকে অ্যানিমিকও বলা হয়, আপনাকে ক্লান্ত এবং দুর্বল বোধ করতে পারে। রক্তাল্পতার অন্তর্নিহিত কারণের চিকিৎসা করা, সাধারণত আয়রন এবং ফলিক পরিপূরক গ্রহণ করে, সুস্থ লাল রক্তকণিকা পুনরুদ্ধার করতে সাহায্য করতে পারে।",ক্লান্তি এবং দুর্বলতা,ক্লান্ত এবং দুর্বল বোধের কারণ
কেন আমি সবসময় এত ক্লান্ত এবং দুর্বল বোধ করছি?,"স্বাভাবিকের চেয়ে কম লাল রক্তকণিকা থাকা, যাকে অ্যানিমিকও বলা হয়, আপনাকে ক্লান্ত এবং দুর্বল বোধ করতে পারে। রক্তাল্পতার অন্তর্নিহিত কারণের চিকিৎসা করা, সাধারণত আয়রন এবং ফলিক পরিপূরক গ্রহণ করে, সুস্থ লাল রক্তকণিকা পুনরুদ্ধার করতে সাহায্য করতে পারে।",ক্লান্তি এবং দুর্বলতা,ক্লান্ত এবং দুর্বল বোধের কারণ
কেন আমি ক্লান্ত এবং দুর্বল বোধ করি?,"স্বাভাবিকের চেয়ে কম লাল রক্তকণিকা থাকা, যাকে অ্যানিমিকও বলা হয়, আপনাকে ক্লান্ত এবং দুর্বল বোধ করতে পারে। রক্তাল্পতার অন্তর্নিহিত কারণের চিকিৎসা করা, সাধারণত আয়রন এবং ফলিক পরিপূরক গ্রহণ করে, সুস্থ লাল রক্তকণিকা পুনরুদ্ধার করতে সাহায্য করতে পারে।",ক্লান্তি এবং দুর্বলতা,ক্লান্ত এবং দুর্বল বোধের কারণ
"আপনি আপনার শিশুকে কিভাবে খাওয়াতে চান? আপনি কি আপনার পরিবার এবং হাসপাতালের কর্মীদের সাথে আপনার বুকের দুধ খাওয়ানোর সিদ্ধান্ত নিয়ে আলোচনা করেছেন? আপনার হাসপাতালে কি বুকের দুধ খাওয়ানোর সহায়তা আছে? প্রয়োজনে সূত্র বা সম্পূরক ব্যবহার করার বিষয়ে আপনি কেমন অনুভব করবেন, বিশেষ করে যদি আপনার শিশুর অকাল হয়?","আপনার শিশুকে খাওয়ানোর পরিকল্পনা করার সময়, আপনি স্তন্যপান করাতে চান কিনা তা সিদ্ধান্ত নিন এবং এই সিদ্ধান্তটি আপনার পরিবার এবং আপনার হাসপাতাল বা জন্মদান কেন্দ্রের কর্মীদের উভয়কে জানান। প্রয়োজনে বুকের দুধ খাওয়ানোর ব্যাপারে সাহায্য করার জন্য আপনার হাসপাতালের জ্ঞানী কর্মী আছে তা নিশ্চিত করুন। যদি আপনার শিশুর অকাল হয় বা জটিলতা দেখা দেয়, তাহলে বাণিজ্যিক শিশু সূত্র বা সম্পূরক বিবেচনা করার জন্য প্রস্তুত থাকুন এবং আপনার স্বাস্থ্যসেবা দলের সাথে এই সম্ভাবনা সম্পর্কে আপনার অনুভূতি নিয়ে আলোচনা করুন।",আপনার শিশুর খাওয়ানো,"বুকের দুধ খাওয়ানোর পরিকল্পনা, হাসপাতালের সহায়তা, সূত্র ব্যবহার"
"কেন একটি ভ্রূণ মনিটর ব্যবহার করা যেতে পারে, এবং এটি কিভাবে কাজ করে? মনিটর অস্বস্তিকর হলে বা হার্টবিট শোনা না গেলে কী করবেন?","একটি ভ্রূণ মনিটর ব্যবহার করা হয় যদি শিশুকে আরও ঘনিষ্ঠভাবে পর্যবেক্ষণ করা হয়, মাঝে মাঝে বা ক্রমাগত পর্যবেক্ষণের সাথে। দুটি সেন্সর পেটে আটকে আছে একটি শিশুর হৃদস্পন্দন ট্র্যাক করে এবং অন্যটি সংকোচন এবং নড়াচড়া রেকর্ড করে৷ মনিটরটি অস্বস্তিকর হলে, আপনি ঘুরে বেড়ানোর জন্য মনিটরিং বিরতি চাইতে পারেন। যদি হৃদস্পন্দন শোনা না যায় তবে এটি সাধারণত সেন্সর আন্দোলনের কারণে হয় এবং কর্মীরা এটি সামঞ্জস্য করতে পারে।",ভ্রূণ পর্যবেক্ষণ,"নিরীক্ষণের সময়কাল, সেন্সর, হার্টবিট, সংকোচন, আন্দোলন"
ভ্রূণের অবস্থান কী এবং কেন একটি শিশু জন্মের পরে এটি ধরে নেয়?,"ভ্রূণের অবস্থান বলতে বোঝায় কোঁকড়ানো ভঙ্গি যা একটি শিশু প্রায়শই জীবনের প্রথম কয়েক সপ্তাহ ধরে ধরে, গর্ভে তাদের অবস্থানের অনুরূপ। এটি নবজাতকদের জন্য একটি স্বাভাবিক এবং সহজাত ভঙ্গি।",ভ্রূণের অবস্থান,জন্মের পর শিশুর অবস্থান
একটি ভ্রূণ কি,"একজন মানুষের বিকাশের পর্যায় তার মধ্যে  
মায়ের গর্ভ, গর্ভাবস্থার 10 সপ্তাহ থেকে  
জন্ম পর্যন্ত।",ভ্রূণ,ভ্রূণের সংজ্ঞা
গর্ভাবস্থায় জ্বর কি নির্দেশ করে? গর্ভাবস্থায় জ্বর নিয়ে কখন চিন্তিত হওয়া উচিত?,"গর্ভাবস্থায় জ্বর শরীরের তাপমাত্রা বৃদ্ধির ইঙ্গিত দেয়, সাধারণত 38 ডিগ্রি সেলসিয়াসের উপরে। এটি একটি সংক্রমণের সংকেত দিতে পারে যা আপনার গর্ভাবস্থার জন্য ক্ষতিকর হতে পারে বা চিকিত্সার প্রয়োজন হতে পারে। আপনার যদি জ্বর হয়, তাহলে আপনার এবং আপনার শিশুর নিরাপত্তা নিশ্চিত করার জন্য একজন স্বাস্থ্য পেশাদারের সাথে পরামর্শ করা গুরুত্বপূর্ণ।",গর্ভাবস্থায় জ্বর,"সংক্রমণের লক্ষণ হিসাবে জ্বর, গর্ভাবস্থার ঝুঁকি"
গর্ভাবস্থায় জ্বরের জন্য কখন আপনার স্বাস্থ্য পেশাদারের সাথে পরামর্শ করা উচিত? আপনি কোন ওষুধগুলি গ্রহণ করতে পারেন এবং কখন আপনার সতর্ক হওয়া উচিত?,"যদি আপনার জ্বর 38°C থেকে 38.4°C এর মধ্যে থাকে এবং আপনার অবস্থা স্থিতিশীল থাকে, তাহলে আপনি 24 ঘন্টা পর্যন্ত অপেক্ষা করতে পারেন এটির উন্নতি হয় কিনা। যাইহোক, যদি আপনার জ্বর 24 ঘন্টার বেশি স্থায়ী হয়, 38.5 ডিগ্রি সেলসিয়াস অতিক্রম করে বা আপনি যদি অসুস্থ বোধ করেন তবে একজন স্বাস্থ্য পেশাদারের সাথে পরামর্শ করুন। আপনার যদি সন্দেহ হয় যে আপনার COVID-19 আছে, পরামর্শের জন্য Info-Santé (8-1-1) এ কল করুন। আপনার জ্বর কমাতে আপনি অ্যাসিটামিনোফেন (টাইলেনল®) নিতে পারেন, তবে আপনার ডাক্তারের নির্দেশ না থাকলে আইবুপ্রোফেন বা অ্যাসপিরিন এড়িয়ে চলুন। আপনার যদি দীর্ঘ সময়ের জন্য অ্যাসিটামিনোফেন গ্রহণের প্রয়োজন হয় তবে সর্বদা একজন স্বাস্থ্য পেশাদারের সাথে পরামর্শ করুন।",গর্ভাবস্থায় জ্বর ব্যবস্থাপনা,"জ্বরের জন্য কখন চিকিৎসকের পরামর্শ নিতে হবে, অ্যাসিটামিনোফেন ব্যবহার করুন"
"জ্বর, ক্লান্ত বা নড়বড়ে বোধ করার কারণ কী?",আপনি যদি মনে করেন আপনার UTI বা কোনো জ্বর আছে তাহলে আপনার স্বাস্থ্যসেবা প্রদানকারীর সাথে দেখা করা গুরুত্বপূর্ণ।,"জ্বর, ক্লান্তি এবং অস্থিরতা","জ্বর, ক্লান্তি বা নড়বড়ে হওয়ার লক্ষণ"
"আমার জ্বর, ক্লান্তি বা নড়বড়ে হওয়ার কারণ কী হতে পারে?",আপনি যদি মনে করেন আপনার UTI বা কোনো জ্বর আছে তাহলে আপনার স্বাস্থ্যসেবা প্রদানকারীর সাথে দেখা করা গুরুত্বপূর্ণ।,"জ্বর, ক্লান্তি এবং অস্থিরতা","জ্বর, ক্লান্তি বা নড়বড়ে হওয়ার লক্ষণ"
"কেন আমি জ্বর, ক্লান্তি এবং ঝাঁকুনি অনুভব করছি?",আপনি যদি মনে করেন আপনার UTI বা কোনো জ্বর আছে তাহলে আপনার স্বাস্থ্যসেবা প্রদানকারীর সাথে দেখা করা গুরুত্বপূর্ণ।,"জ্বর, ক্লান্তি এবং অস্থিরতা","জ্বর, ক্লান্তি বা নড়বড়ে হওয়ার লক্ষণ"
"কেন আমি জ্বর, ক্লান্তি বা ঝাঁকুনি অনুভব করি?",আপনি যদি মনে করেন আপনার UTI বা কোনো জ্বর আছে তাহলে আপনার স্বাস্থ্যসেবা প্রদানকারীর সাথে দেখা করা গুরুত্বপূর্ণ।,"জ্বর, ক্লান্তি এবং অস্থিরতা","জ্বর, ক্লান্তি বা নড়বড়ে হওয়ার লক্ষণ"
গর্ভাবস্থায় ফাইবার কেন গুরুত্বপূর্ণ এবং আপনি কীভাবে আপনার খাওয়া বাড়াতে পারেন?,"ফাইবার হজম নিয়ন্ত্রণে এবং কোষ্ঠকাঠিন্য প্রতিরোধে গুরুত্বপূর্ণ ভূমিকা পালন করে, যা গর্ভাবস্থায় বিশেষভাবে গুরুত্বপূর্ণ। আপনি পর্যাপ্ত ফাইবার পান তা নিশ্চিত করতে, আপনার ডায়েটে বিভিন্ন ধরণের উচ্চ ফাইবার খাবার অন্তর্ভুক্ত করুন, যেমন পুরো শস্যের খাবার, শাকসবজি, ফল, লেবু, বাদাম এবং বীজ। আপনার ফাইবার গ্রহণ বাড়ানোর সময় হাইড্রেটেড থাকা অপরিহার্য, কারণ এটি হজমের উন্নতিতে সাহায্য করে এবং অস্বস্তি প্রতিরোধ করে। গর্ভাবস্থায় ভাল হজম স্বাস্থ্য বজায় রাখতে এই ফাইবার সমৃদ্ধ খাবারগুলিকে আপনার খাবারের নিয়মিত অংশ করুন।",ফাইবার,গর্ভাবস্থায় ফাইবারের গুরুত্ব এবং খাদ্যের উৎস।
গর্ভবতী মহিলাদের পঞ্চম রোগ সম্পর্কে কী জানা উচিত?,"পঞ্চম রোগ, পারভোভাইরাস B19 দ্বারা সৃষ্ট, সাধারণত শৈশবকালে সংকুচিত হয়, যা প্রাপ্তবয়স্কদের মধ্যে অনাক্রম্যতা প্রদান করে। যাইহোক, যদি কোনও অরক্ষিত গর্ভবতী মহিলা পঞ্চম রোগে আক্রান্ত হন, তাহলে ভ্রূণ সংক্রামিত হওয়ার ঝুঁকি রয়েছে। এই সংক্রমণ গর্ভপাত সহ জটিলতা সৃষ্টি করতে পারে, বিশেষ করে গর্ভাবস্থার 20 সপ্তাহ আগে। আপনি যদি পঞ্চম রোগে আক্রান্ত এমন কারো সাথে যোগাযোগ করেন, তাহলে পরিস্থিতি মূল্যায়ন করতে এবং প্রয়োজনীয় পদক্ষেপগুলি নির্ধারণ করতে আপনার স্বাস্থ্যসেবা প্রদানকারীর সাথে পরামর্শ করা গুরুত্বপূর্ণ।","পঞ্চম রোগ, গর্ভাবস্থা, পারভোভাইরাস B19, সংক্রমণ, ঝুঁকি",গর্ভাবস্থায় পঞ্চম রোগ
শিশুর জন্মের পর প্রথম মুহূর্তে কী ঘটে? কীভাবে ত্বক থেকে ত্বকের যোগাযোগ শিশু এবং মা উভয়েরই উপকার করে? এই সময়ে বুকের দুধ খাওয়ানো কী ভূমিকা পালন করে?,"জন্মের পরপরই, আপনার শিশু তার প্রথম শব্দ করবে এবং আপনার বুকে বসবে। কেয়ার টিম নিশ্চিত করবে যে সে সুস্থ আছে, তাকে শুকিয়ে দেবে এবং প্রয়োজনে তার নাক ও মুখ থেকে যেকোন ক্ষরণ পরিষ্কার করবে। ত্বক থেকে ত্বকের যোগাযোগকে উৎসাহিত করা হয়, আদর্শভাবে কমপক্ষে দুই ঘন্টার জন্য, যা আপনার শিশুর শরীরের তাপ, শ্বাস-প্রশ্বাস এবং হৃদস্পন্দন নিয়ন্ত্রণ করতে সাহায্য করে এবং নিরাপত্তার অনুভূতি জাগিয়ে তোলে। এই বন্ধনের সময়টি বুকের দুধ খাওয়ানোর সুবিধাও দেয়, কারণ আপনার শিশু সহজাতভাবে নার্সিং থেকে স্বাচ্ছন্দ্য এবং পুষ্টি চাইবে, শুরু করার জন্য প্রয়োজনীয় যত্ন দলের সহায়তা নিয়ে।",শিশুর সাথে প্রথম মুহূর্ত,"ত্বক থেকে ত্বকের যোগাযোগ, নবজাতকের যত্ন, বুকের দুধ খাওয়ানো, বন্ধন, স্বাস্থ্য সুবিধা"
আপনার শিশুর সাথে প্রথম মুহূর্তগুলির জন্য আপনার পছন্দগুলি কী? আপনি কীভাবে হাসপাতাল বা জন্ম কেন্দ্রে রুমিং-ইন এবং গোপনীয়তা নিশ্চিত করার কল্পনা করেন?,"আপনার শিশুর সাথে প্রথম মুহূর্তগুলির জন্য পরিকল্পনা করার সময়, আপনি জন্মের পরে অবিলম্বে ত্বক থেকে ত্বকের যোগাযোগ করতে চান কিনা এবং আপনি কীভাবে রুমিং-ইন পরিচালনা করতে চান তা বিবেচনা করুন। আপনার শিশুর সাথে সব সময় থাকা সম্ভব কিনা এবং হাসপাতাল বা জন্মদান কেন্দ্রে উৎসাহিত করা যায় কিনা তা পরীক্ষা করুন। যদি আপনার সাথে কেউ থাকে তবে সিদ্ধান্ত নিন যে তারা সব সময় থাকতে পারবে কিনা। একটি শেয়ার্ড রুমে, গোপনীয়তা এবং রুমিং-ইন নিশ্চিত করার ব্যবস্থা সম্পর্কে জিজ্ঞাসা করুন। এছাড়াও, আপনি গোপনীয়তা বা বিশ্রামের জন্য অনুরোধ করতে পারেন এমন সময় আছে কিনা তা খুঁজে বের করতে হাসপাতালের রুটিন এবং পদ্ধতি সম্পর্কে অনুসন্ধান করুন।",আপনার শিশুর সঙ্গে প্রথম মুহূর্ত,"ত্বক থেকে ত্বকের যোগাযোগ, রুমিং-ইন, গোপনীয়তা এবং হাসপাতালের রুটিন"
কখন প্রথম প্রসবপূর্ব অ্যাপয়েন্টমেন্ট সাধারণত নির্ধারিত হয়? প্রথম প্রসবপূর্ব অ্যাপয়েন্টমেন্টের সময় কি ঘটবে?,"প্রথম প্রসবপূর্ব অ্যাপয়েন্টমেন্ট সাধারণত গর্ভাবস্থার 8 থেকে 11 সপ্তাহের মধ্যে হয়। এই অ্যাপয়েন্টমেন্টটি সাধারণত পরবর্তীগুলির চেয়ে দীর্ঘ হয়, কারণ আপনার স্বাস্থ্য পেশাদার আপনার স্বাস্থ্যের ইতিহাস পর্যালোচনা করবে এবং শারীরিক পরীক্ষা করার প্রস্তাব দিতে পারে।",প্রথম প্রসবপূর্ব অ্যাপয়েন্টমেন্ট,"প্রথম অ্যাপয়েন্টমেন্টের সময়, স্বাস্থ্যের ইতিহাস, শারীরিক পরীক্ষা"
গর্ভবতী ব্যক্তিদের মাছের প্রজাতি সম্পর্কে সচেতন হওয়া উচিত যেখানে পারদ এবং অন্যান্য ক্ষতিকারক দূষকগুলির উচ্চ মাত্রা থাকতে পারে।,"যদিও মাছ আপনার গর্ভাবস্থার ডায়েটে একটি স্বাস্থ্যকর সংযোজন, তবে পারদের মতো দূষক থাকতে পারে এমন কিছু প্রজাতির বিষয়ে সচেতন হওয়া গুরুত্বপূর্ণ। এক্সপোজার সীমিত করতে, স্যালমন, হ্যাডক, সার্ডিন এবং চিংড়ির মতো মাছ এবং সামুদ্রিক খাবার বেছে নিন যাতে পারদ কম থাকে। হাঙ্গর, সোর্ডফিশ এবং নির্দিষ্ট ধরণের টুনা জাতীয় উচ্চ-পারদের মাছ নিয়মিত খাওয়া এড়িয়ে চলুন। প্রতি সপ্তাহে আপনার টিনজাত সাদা টুনা খাওয়ার পরিমাণ 300 গ্রাম পর্যন্ত সীমিত করুন এবং বাস এবং লেক ট্রাউটের মতো দুর্বল মাছের প্রজাতির জন্য, নিয়মিত সেবন এড়াতে ভাল। এই সতর্কতাগুলি অনুসরণ করে, আপনি দূষিত হওয়ার ঝুঁকি ছাড়াই মাছের পুষ্টির সুবিধা উপভোগ করতে পারেন।",গর্ভাবস্থায় মাছ এবং সামুদ্রিক খাবারের সতর্কতা,কম পারদ এবং অন্যান্য দূষক সহ মাছ এবং সামুদ্রিক খাবার বেছে নেওয়ার বিষয়ে গর্ভবতী মহিলাদের জন্য নির্দেশিকা।
গর্ভবতী ব্যক্তিরা তাদের শিশুর মস্তিষ্ক এবং চোখের বিকাশকে সমর্থন করার জন্য ওমেগা -3 ফ্যাটি অ্যাসিড এবং প্রয়োজনীয় পুষ্টির সন্ধান করছেন৷,"আপনার গর্ভাবস্থার ডায়েটে মাছ এবং সামুদ্রিক খাবার অন্তর্ভুক্ত করলে প্রোটিন, ভিটামিন ডি, ম্যাগনেসিয়াম এবং আয়রনের মতো অসংখ্য উপকার পাওয়া যায়। তৈলাক্ত মাছ যেমন স্যামন, ম্যাকেরেল, হেরিং, সার্ডিনস এবং লেক হোয়াইটফিশ বিশেষভাবে মূল্যবান কারণ এতে ওমেগা-৩ ফ্যাটি অ্যাসিড রয়েছে, যা আপনার শিশুর মস্তিষ্ক এবং চোখের বিকাশে গুরুত্বপূর্ণ ভূমিকা পালন করে। এই সুবিধাগুলি উপভোগ করতে, অতিরিক্ত পারদের এক্সপোজার এড়াতে নিরাপদ ব্যবহারের নির্দেশিকা অনুসরণ করার সময় আপনার খাবারে বিভিন্ন ধরণের মাছ এবং সামুদ্রিক খাবার অন্তর্ভুক্ত করার লক্ষ্য রাখুন।",গর্ভাবস্থায় মাছ এবং সামুদ্রিক খাবার,গর্ভাবস্থায় মাছ এবং সামুদ্রিক খাবারের পুষ্টিগুণ এবং ভ্রূণের বিকাশে তাদের ভূমিকা।
গর্ভবতী ব্যক্তিরা তাদের শিশুর মস্তিষ্ক এবং চোখের বিকাশকে সমর্থন করার জন্য ওমেগা -3 ফ্যাটি অ্যাসিড এবং প্রয়োজনীয় পুষ্টির সন্ধান করে।,"আপনার গর্ভাবস্থার ডায়েটে মাছ এবং সামুদ্রিক খাবার অন্তর্ভুক্ত করলে প্রোটিন, ভিটামিন ডি, ম্যাগনেসিয়াম এবং আয়রনের মতো অসংখ্য উপকার পাওয়া যায়। তৈলাক্ত মাছ যেমন স্যামন, ম্যাকেরেল, হেরিং, সার্ডিনস এবং লেক হোয়াইটফিশ বিশেষভাবে মূল্যবান কারণ এতে ওমেগা-৩ ফ্যাটি অ্যাসিড রয়েছে, যা আপনার শিশুর মস্তিষ্ক এবং চোখের বিকাশে গুরুত্বপূর্ণ ভূমিকা পালন করে। এই সুবিধাগুলি উপভোগ করতে, অতিরিক্ত পারদের এক্সপোজার এড়াতে নিরাপদ ব্যবহারের নির্দেশিকা অনুসরণ করার সময় আপনার খাবারে বিভিন্ন ধরণের মাছ এবং সামুদ্রিক খাবার অন্তর্ভুক্ত করার লক্ষ্য রাখুন।",গর্ভাবস্থায় মাছ এবং সামুদ্রিক খাবার,গর্ভাবস্থায় মাছ এবং সামুদ্রিক খাবারের পুষ্টিগুণ এবং ভ্রূণের বিকাশে তাদের ভূমিকা।
কিভাবে শিশুদের মধ্যে ফ্ল্যাট হেড সিন্ড্রোম প্রতিরোধ করা যেতে পারে? একটি শিশুর মাথা চ্যাপ্টা হলে কি হবে?,"ফ্ল্যাট হেড সিন্ড্রোম বা পজিশনাল প্লেজিওসেফালি ঘটতে পারে যদি একটি শিশু একই অবস্থানে থাকে, যেমন একটি খাঁটি বা গাড়ির আসনে, দীর্ঘ সময় ধরে। এটি প্রতিরোধ করার জন্য, জাগ্রত অবস্থায় শিশুর অবস্থানের পরিবর্তন করা গুরুত্বপূর্ণ, কারণ তাদের মাথার খুলির হাড়গুলি এখনও নরম থাকে এবং চাপের সাথে চ্যাপ্টা হতে পারে। সামান্য চ্যাপ্টাতা সাধারণত নিজে থেকেই অদৃশ্য হয়ে যায়, যখন আরও স্পষ্ট চ্যাপ্টাতা স্থায়ী হয়ে যেতে পারে, যদিও এটি শিশুর মস্তিষ্ক বা বিকাশকে প্রভাবিত করবে না।","ফ্ল্যাট হেড, পজিশনাল প্লাজিওসেফালি, ইনফ্যান্ট স্লিপ","ফ্ল্যাট মাথা, অবস্থানগত প্লেজিওসেফালি, নরম খুলির হাড় প্রতিরোধ করা"
গর্ভাবস্থায় ফলিক অ্যাসিড কেন গুরুত্বপূর্ণ? ফলিক এসিডের সেরা উৎস কি?,"ফলিক অ্যাসিড সমস্ত গর্ভবতী মহিলাদের জন্য একটি গুরুত্বপূর্ণ ভিটামিন, বিশেষ করে গর্ভাবস্থার প্রাথমিক পর্যায়ে। এটি আপনার শিশুর মস্তিষ্কের বিকাশে একটি গুরুত্বপূর্ণ ভূমিকা পালন করে এবং স্পিনা বিফিডা এবং অন্যান্য জন্মগত ত্রুটির মতো নিউরাল টিউব ত্রুটির ঝুঁকি কমাতে সাহায্য করে। ফলিক অ্যাসিডের সেরা উত্সগুলির মধ্যে রয়েছে মসুর ডাল, মটরশুটি এবং ছোলা; গাঢ় সবুজ শাকসবজি যেমন অ্যাসপারাগাস, পালং শাক এবং ব্রকলি; পেঁপে এবং কমলার মত কমলা ফল; সূর্যমুখী বীজ; সমৃদ্ধ পাস্তা; এবং সমৃদ্ধ গমের আটা দিয়ে তৈরি রুটি। স্বাস্থ্যকর গর্ভাবস্থাকে সমর্থন করার জন্য এই খাবারগুলি আপনার ডায়েটে অন্তর্ভুক্ত করা উচিত।",ফলিক এসিড,গর্ভাবস্থায় ফলিক অ্যাসিডের গুরুত্ব এবং এর খাদ্য উত্স।
কিভাবে ফল এবং সবজি ধোয়া উচিত? ক্ষতিগ্রস্থ বা ক্ষতবিক্ষত পণ্যগুলির সাথে আপনার কী করা উচিত? কিভাবে খাদ্য নিরাপদে defrosted করা উচিত? কাঁচা এবং রান্না করা খাবারগুলি পরিচালনা করার সময় কী সতর্কতা অবলম্বন করা উচিত? আপনি খাদ্য লেবেল সঙ্গে কি করা উচিত?,"সিল না করা প্যাকেজ সহ সমস্ত ফল এবং শাকসবজি খাওয়া বা রান্না করার আগে প্রবাহিত জলের নীচে ধুয়ে ফেলতে হবে, এমনকি যদি সেগুলি খোসা ছাড়তে হয়। দৃঢ় ফল এবং সবজি জন্য, একটি উদ্ভিজ্জ ব্রাশ ব্যবহার করা যেতে পারে। পণ্যের ক্ষতিগ্রস্থ বা ক্ষতবিক্ষত অংশগুলি ফেলে দিন কারণ সেখানে ব্যাকটেরিয়া বিকাশ হতে পারে এবং অবিলম্বে কাটা পণ্যগুলিকে ফ্রিজে রাখুন বা ব্যবহার করুন। খাবার কখনই ঘরের তাপমাত্রায় ডিফ্রোস্ট করা উচিত নয়; পরিবর্তে, তাদের ডিফ্রস্ট করতে ফ্রিজ, মাইক্রোওয়েভ বা ওভেন ব্যবহার করুন। টার্কির মতো বড় আইটেমগুলি ঠান্ডা জলে ডিফ্রোস্ট করা যেতে পারে, প্রতি 30 মিনিটে জল পরিবর্তন করে। একবার মাইক্রোওয়েভে ডিফ্রোস্ট হয়ে গেলে, খাবার এখনই রান্না করা উচিত, এবং গলানোর পরে রান্না করা না হলে তা হিমায়িত করা উচিত নয়। ক্রস-দূষণ এড়াতে, কাঁচা খাবার যেমন মাংস, হাঁস-মুরগি এবং মাছ রান্না করা বা খেতে প্রস্তুত খাবার থেকে আলাদা রাখুন এবং প্রস্তুত ও সংরক্ষণের জন্য খাদ্য লেবেলের নির্দেশাবলী অনুসরণ করুন।","খাদ্য হ্যান্ডলিং, স্বাস্থ্যবিধি, ডিফ্রোস্টিং","ফল এবং শাকসবজি ধোয়া, ক্ষতিগ্রস্থ পণ্যগুলি পরিচালনা করা, ডিফ্রস্টিং পদ্ধতি, ক্রস-দূষণ এড়ানো"
"শিশুর সাথে সম্পর্ক গড়ে তোলা, সমর্থন চাওয়া এবং পিতৃত্বের জন্য প্রস্তুতি নেওয়া।","প্রসবপূর্ব অ্যাপয়েন্টমেন্টে যোগ দিন, আপনার সঙ্গীর পেটের সাথে যোগাযোগ করুন, এবং আপনার নতুন ভূমিকা বুঝতে এবং আলিঙ্গন করার জন্য অন্যান্য প্রত্যাশিত পিতাদের সাথে কথোপকথনে নিযুক্ত হন। প্রসবপূর্ব সেশনে অংশগ্রহণ করা অভিভাবক হিসেবে আপনার ক্ষমতার প্রতি আপনার আস্থা বাড়াতে পারে।",ভবিষ্যতের পিতা/সঙ্গীর অভিজ্ঞতা,"প্রত্যাশিত পিতা, সম্পৃক্ততা, জন্মপূর্ব সমর্থন, মানসিক সংযোগ, ভূমিকা অভিযোজন।"
বাগান করার সময় টক্সোপ্লাজমোসিসের সংস্পর্শ এড়াতে সুপারিশ।,"গর্ভাবস্থায় বাগান করার সময়, বিড়াল সহ প্রাণীদের টক্সোপ্লাজমা দ্বারা দূষিত মাটি বা বালির সংস্পর্শ এড়াতে গ্লাভস পরা গুরুত্বপূর্ণ। বাগান করার পরে, আপনার হাত ভালভাবে ধুয়ে নিন এবং নিশ্চিত করুন যে কোনও শাকসবজি বা ফল যা মাটির সংস্পর্শে আসতে পারে সেগুলি খাওয়ার আগে সঠিকভাবে ধুয়ে নেওয়া হয়েছে। এটি টক্সোপ্লাজমোসিসের ঝুঁকি কমাতে সাহায্য করে।",বাগান এবং গর্ভাবস্থা,গর্ভবতী মহিলাদের বাগান করার জন্য সতর্কতা।
জিনোমিক পরীক্ষার উদ্দেশ্য কী এবং এটি কীভাবে সঞ্চালিত হয়?,"জিনোমিক পরীক্ষাটি ট্রাইসোমি 21, 18 এবং 13 এর জন্য স্ক্রীন করার জন্য ব্যবহার করা হয়। যদি জৈব রাসায়নিক পরীক্ষা ট্রাইসোমি 21 বা 18-এর জন্য উচ্চ ঝুঁকি দেখায়, তবে জিনোমিক পরীক্ষা একটি ডায়াগনস্টিক পরীক্ষা বিবেচনা করার আগে ঝুঁকির স্তরটিকে আরও ভালভাবে মূল্যায়ন করতে সহায়তা করে। এই পরীক্ষাটি নির্ভরযোগ্য এবং নিরাপদ, এবং এটি গর্ভবতী মহিলার কাছ থেকে নেওয়া রক্তের নমুনার মাধ্যমে করা হয়।","জিনোমিক টেস্ট, ট্রাইসোমি স্ক্রীনিং","জিনোমিক পরীক্ষা, ট্রাইসোমি 21, 18, এবং 13, রক্ত ​​পরীক্ষা"
সন্তান হারানোর পর বাবা-মায়েরা কীভাবে শোক সামলাতে পারেন?,"একটি শিশু হারানোর শোক একটি তীব্র ব্যক্তিগত এবং মানসিক যাত্রা। হাসপাতালে, কিছু বাবা-মা তাদের শিশুকে ধরে রাখা, তাকে পোশাক পরানো বা ছবি তোলার মধ্যে আরাম পেতে পারে, কারণ এই ক্রিয়াগুলি ক্ষতির প্রক্রিয়া করতে সাহায্য করতে পারে। মৃত্যুর কারণ বোঝার জন্য একটি ময়নাতদন্ত করা যেতে পারে, এবং পরিবারগুলিকে সাধারণত বিভিন্ন অন্ত্যেষ্টিক্রিয়ার বিকল্প দেওয়া হয়, যেমন শ্মশান বা দাফন।","শোক, শিশুর ক্ষতি, শোক প্রক্রিয়া, মানসিক নিরাময়","একটি শিশু হারানোর সংবেদনশীল ফলাফলের সাথে মোকাবিলা করা, বিভিন্ন শোকপ্রক্রিয়া সহ।"
গর্ভপাত বা অ্যাক্টোপিক গর্ভাবস্থার পরে কোন আবেগগুলি সাধারণ? দুঃখ করা কি স্বাভাবিক? গর্ভপাতের কারণ সম্পর্কে কোন ভুল ধারণা আছে কি?,"গর্ভপাত বা অ্যাক্টোপিক গর্ভাবস্থার পরে, দু: খিত, মর্মান্তিক বোধ করা এবং শোকের সময়ের মধ্য দিয়ে যাওয়া স্বাভাবিক। রাগ, অস্বীকার এবং বিভ্রান্তির মতো আবেগগুলি সাধারণ, এবং কিছু মহিলা এমনকি দোষী বোধ করতে পারে, ভুলভাবে বিশ্বাস করে যে তারা ক্ষতি করেছে। যাইহোক, মানসিক চাপ, ক্লান্তি, শারীরিক কার্যকলাপ, খাদ্যাভ্যাস বা ভারী জিনিস তোলার কারণে গর্ভপাত হয় না। আপনি যদি ভবিষ্যতের গর্ভাবস্থার বিষয়ে উদ্বিগ্ন হন তবে আপনার স্বাস্থ্য পেশাদারের সাথে এই উদ্বেগগুলি নিয়ে আলোচনা করা সহায়ক।",গর্ভাবস্থা হারানোর পরে শোক,গর্ভপাত বা অ্যাক্টোপিক গর্ভাবস্থার জন্য মানসিক প্রতিক্রিয়া; কারণ সম্পর্কে মিথ; সমর্থন চাওয়া
অনাগত সন্তানকে হারানোর পর মানুষ কেমন করে শোকে? নারী ও পুরুষ কি একইভাবে শোক করে? আপনি কীভাবে দুঃখের সাথে সাহায্য পেতে পারেন বা পরিবার এবং বন্ধুদের জানাতে পারেন? 19 সপ্তাহের পরে একটি অনাগত সন্তানের ক্ষতির জন্য কি কোন সুবিধা পাওয়া যায়?,"একটি অনাগত সন্তানকে হারানোর পরে শোকের প্রক্রিয়াটি ব্যক্তিগত এবং ব্যক্তিগত পরিস্থিতি দ্বারা প্রভাবিত হয়। কেউ কেউ তাড়াতাড়ি তাদের সন্তানের সাথে মানসিকভাবে বন্ধন করতে পারে, অন্যদের জন্য, ক্ষতি তাদের পিতামাতার পরিকল্পনার সমাপ্তির প্রতিনিধিত্ব করে। দুঃখ পুরুষ এবং মহিলাদের দ্বারা ভিন্নভাবে অনুভব করা হয় এবং ব্যক্তিরা বিভিন্ন সময়ে দুঃখের পর্যায়ে যেতে পারে। শোক করার জন্য নিজেকে সময় এবং স্থান দেওয়া গুরুত্বপূর্ণ। আপনার যদি অন্যদের জানানোর জন্য সাহায্যের প্রয়োজন হয়, এমন কারো সাথে কথা বলার কথা বিবেচনা করুন যিনি একই রকম ক্ষতির সম্মুখীন হয়েছেন বা একজন স্বাস্থ্য পেশাদারের পরামর্শ চাচ্ছেন। উপরন্তু, যদি আপনার শিশুর মৃত্যু হয় 19 সপ্তাহ বা জন্মের পরে, আপনি Québec প্যারেন্টাল ইন্স্যুরেন্স প্ল্যানের অধীনে সুবিধা পাওয়ার অধিকারী হতে পারেন।",অনাগত সন্তান হারানোর শোক,"গর্ভাবস্থার ক্ষতির মানসিক প্রভাব, শোকপ্রক্রিয়া, সমর্থন চাওয়া, অন্যদের জানানো এবং পিতামাতার সুবিধা।"
আমি এইচআইভি পজিটিভ হলে আমার শিশু কি এইচআইভি পেতে পারে?,"সংক্রমণের একটি ঝুঁকি আছে, তবে আপনি যদি নিয়মিতভাবে আপনার এআরভিগুলিকে নির্ধারিত হিসাবে গ্রহণ করেন তবে এটি উল্লেখযোগ্যভাবে হ্রাস পাবে।",এইচআইভি এবং গর্ভাবস্থা,গর্ভাবস্থায় অনাগত শিশুদের এইচআইভি সংক্রমণ সম্পর্কে উদ্বেগের সমাধান করা।
"আমার যদি এইচআইভি থাকে, তাহলে কি আমার শিশুর জন্ম হতে পারে?","সংক্রমণের একটি ঝুঁকি আছে, তবে আপনি যদি নিয়মিতভাবে আপনার এআরভিগুলিকে নির্ধারিত হিসাবে গ্রহণ করেন তবে এটি উল্লেখযোগ্যভাবে হ্রাস পাবে।",এইচআইভি এবং গর্ভাবস্থা,গর্ভাবস্থায় অনাগত শিশুদের এইচআইভি সংক্রমণ সম্পর্কে উদ্বেগের সমাধান করা।
আমার শিশুর আমার থেকে এইচআইভি সংক্রামিত হওয়া কি সম্ভব?,"সংক্রমণের একটি ঝুঁকি আছে, তবে আপনি যদি নিয়মিতভাবে আপনার এআরভিগুলিকে নির্ধারিত হিসাবে গ্রহণ করেন তবে এটি উল্লেখযোগ্যভাবে হ্রাস পাবে।",এইচআইভি এবং গর্ভাবস্থা,গর্ভাবস্থায় অনাগত শিশুদের এইচআইভি সংক্রমণ সম্পর্কে উদ্বেগের সমাধান করা।
আমি এইচআইভি পজিটিভ হলে আমার শিশুর এইচআইভি হওয়ার সম্ভাবনা কী?,"সংক্রমণের একটি ঝুঁকি আছে, তবে আপনি যদি নিয়মিতভাবে আপনার এআরভিগুলিকে নির্ধারিত হিসাবে গ্রহণ করেন তবে এটি উল্লেখযোগ্যভাবে হ্রাস পাবে।",এইচআইভি এবং গর্ভাবস্থা,গর্ভাবস্থায় অনাগত শিশুদের এইচআইভি সংক্রমণ সম্পর্কে উদ্বেগের সমাধান করা।
"চুলের চিকিত্সা সাধারণত নিরাপদ, তবে কর্মক্ষেত্রে এক্সপোজার নিয়ে একজন স্বাস্থ্যসেবা প্রদানকারীর সাথে আলোচনা করা উচিত।","রঞ্জক, রঙিন শ্যাম্পু, হাইলাইট এবং পারম সহ চুলের পণ্য এবং চিকিত্সা সাধারণত গর্ভবতী মহিলাদের এবং তাদের ভ্রূণের জন্য নিরাপদ। যাইহোক, আপনার কাজের অংশ হিসাবে আপনি যদি নিয়মিত এই পণ্যগুলির সংস্পর্শে আসেন, তবে আপনার স্বাস্থ্যসেবা পেশাদারের সাথে বিষয়টি নিয়ে আলোচনা করার পরামর্শ দেওয়া হয়।",গর্ভাবস্থায় চুলের পণ্য এবং চিকিত্সা,"গর্ভাবস্থায় চুলের রং, শ্যাম্পু, হাইলাইট এবং পারমের নিরাপত্তা।"
গর্ভাবস্থায় অ্যালকোহল ভ্রূণের উল্লেখযোগ্য ক্ষতি করতে পারে।,"গর্ভাবস্থায় অ্যালকোহল অনেক ক্ষতিকারক প্রভাব ফেলতে পারে, যার মধ্যে গর্ভপাত, উচ্চ রক্তচাপ এবং প্ল্যাসেন্টাল অস্বাভাবিকতার ঝুঁকি রয়েছে। এটি ভ্রূণের অঙ্গগুলির বিকাশকেও নেতিবাচকভাবে প্রভাবিত করতে পারে, যার ফলে জন্মগত ত্রুটি এবং স্বাস্থ্য সমস্যা দেখা দেয়। মস্তিষ্ক বিশেষ করে অ্যালকোহল এক্সপোজারের জন্য ঝুঁকিপূর্ণ, এবং শিশুর মস্তিষ্কের ক্ষতির ফলে শেখার এবং আচরণগত ব্যাধি হতে পারে যা শিশুকে সারা জীবন প্রভাবিত করতে পারে। যেহেতু প্ল্যাসেন্টা অ্যালকোহল ফিল্টার করে না, তাই সমস্ত ত্রৈমাসিক সহ গর্ভাবস্থার যে কোনও পর্যায়ে অ্যালকোহল পান না করার পরামর্শ দেওয়া হয়। আপনি যদি গর্ভাবস্থায় বা আপনি গর্ভবতী হওয়ার আগে অ্যালকোহল পান করেন তবে আপনার স্বাস্থ্য পেশাদারের সাথে পরামর্শ করা গুরুত্বপূর্ণ।",গর্ভাবস্থায় অ্যালকোহলের ক্ষতিকর প্রভাব,গর্ভাবস্থা এবং ভ্রূণের বিকাশে অ্যালকোহল সেবনের প্রভাব।
আমি কিভাবে গর্ভাবস্থায় কপালে মাথাব্যথা উপশম করব?,গর্ভাবস্থায় কপালের চারপাশে মাথাব্যথা উচ্চ রক্তচাপ নির্দেশ করতে পারে। অবিলম্বে আপনার রক্তচাপ পরীক্ষা করা এবং চিকিৎসা পদ্ধতিতে পরিচালনা করা গুরুত্বপূর্ণ।,গর্ভাবস্থায় মাথাব্যথা,"গর্ভাবস্থায় মাথাব্যথা পরিচালনার পরামর্শ, বিশেষ করে কপালের চারপাশে"
গর্ভাবস্থায় আমার কপালের চারপাশে মাথাব্যথা কীভাবে পরিচালনা করা উচিত?,গর্ভাবস্থায় কপালের চারপাশে মাথাব্যথা উচ্চ রক্তচাপ নির্দেশ করতে পারে। অবিলম্বে আপনার রক্তচাপ পরীক্ষা করা এবং চিকিৎসা পদ্ধতিতে পরিচালনা করা গুরুত্বপূর্ণ।,গর্ভাবস্থায় মাথাব্যথা,"গর্ভাবস্থায় মাথাব্যথা পরিচালনার পরামর্শ, বিশেষ করে কপালের চারপাশে"
গর্ভাবস্থায় কপালের চারপাশে মাথাব্যথার প্রতিকার?,গর্ভাবস্থায় কপালের চারপাশে মাথাব্যথা উচ্চ রক্তচাপ নির্দেশ করতে পারে। অবিলম্বে আপনার রক্তচাপ পরীক্ষা করা এবং চিকিৎসা পদ্ধতিতে পরিচালনা করা গুরুত্বপূর্ণ।,গর্ভাবস্থায় মাথাব্যথা,"গর্ভাবস্থায় মাথাব্যথা পরিচালনার পরামর্শ, বিশেষ করে কপালের চারপাশে"
গর্ভবতী অবস্থায় কপাল এলাকায় মাথাব্যথার জন্য আমি কি করতে পারি?,গর্ভাবস্থায় কপালের চারপাশে মাথাব্যথা উচ্চ রক্তচাপ নির্দেশ করতে পারে। অবিলম্বে আপনার রক্তচাপ পরীক্ষা করা এবং চিকিৎসা পদ্ধতিতে পরিচালনা করা গুরুত্বপূর্ণ।,গর্ভাবস্থায় মাথাব্যথা,"গর্ভাবস্থায় মাথাব্যথা পরিচালনার পরামর্শ, বিশেষ করে কপালের চারপাশে"
কর্মক্ষেত্রে নিরাপত্তা কর্মসূচির জন্য যোগ্যতা এবং পদ্ধতি বোঝা।,"আপনি যদি গর্ভবতী হন বা বুকের দুধ খাওয়ান এবং বিশ্বাস করেন যে আপনার কাজের অবস্থা আপনার স্বাস্থ্য বা আপনার শিশুর জন্য ক্ষতিকারক হতে পারে, তাহলে আপনার প্রসবপূর্ব যত্ন প্রদানকারীর সাথে আপনার উদ্বেগ নিয়ে আলোচনা করুন। Québec-এ, CNESST দ্বারা প্রদত্ত নিরাপদ মাতৃত্ব অভিজ্ঞতার জন্য (PMSD) প্রোগ্রাম সহায়তা প্রদান করতে পারে।",গর্ভাবস্থায় কর্মক্ষেত্রে স্বাস্থ্য ও নিরাপত্তা,Québec এ গর্ভবতী বা স্তন্যপান করানো মহিলাদের জন্য কর্মক্ষেত্রে থাকার ব্যবস্থা।
প্রসবপূর্ব যত্নের জন্য কোন স্বাস্থ্য পেশাদাররা উপলব্ধ? আপনি কিভাবে উপলব্ধ পরিষেবা সম্পর্কে তথ্য পেতে পারেন? গর্ভাবস্থায় মিডওয়াইফ সেবার জন্য কোন বিকল্প আছে?,"প্রসবপূর্ব যত্ন প্রদানকারী স্বাস্থ্য পেশাদারদের মধ্যে মিডওয়াইফ, প্রসূতি/স্ত্রীরোগ বিশেষজ্ঞ, পারিবারিক ডাক্তার এবং প্রাথমিক স্বাস্থ্যসেবা নার্স অনুশীলনকারীদের অন্তর্ভুক্ত, যদিও নার্স অনুশীলনকারীরা প্রসবের সময় উপস্থিত হন না। হাসপাতাল, জন্মদান কেন্দ্র, দৌলা এবং প্রসবপূর্ব ক্লাসের মতো পরিষেবা সম্পর্কে তথ্য পেতে স্থানীয় স্বাস্থ্য পেশাদার বা ক্লিনিকের সাথে যোগাযোগ করুন। আপনি যদি মিডওয়াইফ পরিষেবাগুলিতে আগ্রহী হন, আপনার এলাকায় প্রাপ্যতা সম্পর্কে জিজ্ঞাসা করতে আপনার গর্ভাবস্থার শুরুতে আপনার স্থানীয় CLSC-এর সাথে যোগাযোগ করুন।",স্বাস্থ্য পেশাদার এবং সেবা,"প্রসবপূর্ব যত্ন প্রদানকারী, পরিষেবাগুলিতে অ্যাক্সেস, মিডওয়াইফ বিকল্পগুলি"
গর্ভাবস্থায় অম্বল এবং অ্যাসিড রিফ্লাক্সের কারণ কী এবং কীভাবে এগুলি থেকে মুক্তি পাওয়া যায়? আপনি কখন চিকিৎসা সাহায্য চাইতে হবে?,"অম্বল এবং অ্যাসিড রিফ্লাক্স সাধারণত গর্ভাবস্থার শুরুতে শুরু হয় এবং গর্ভাবস্থার অগ্রগতির সাথে সাথে আরও খারাপ হতে পারে। হরমোনের পরিবর্তন হজম প্রক্রিয়া ধীর করে দেয়, যার ফলে পেটের তরল খাদ্যনালীতে চলে যায়। উপসর্গগুলি উপশম করতে, শোবার আগে খাওয়া বা পান করা এড়িয়ে চলুন, মাথা উঁচু করে ঘুমান, ঢিলেঢালা পোশাক পরুন এবং ঘন ঘন ছোট খাবার খান। উপরন্তু, প্রোটিন-সমৃদ্ধ খাবার খাওয়া, চর্বিযুক্ত খাবার, সাইট্রাস ফল, টমেটো এবং মশলা কমানো, সেইসাথে ক্যাফেইন গ্রহণ কমাতে সাহায্য করতে পারে। যদি উপসর্গগুলি অব্যাহত থাকে বা জ্বর, বমি বমি ভাব, বমি বা গুরুতর মাথা ব্যাথার সাথে থাকে, তাহলে আপনার প্রসবপূর্ব যত্ন প্রদানকারীর সাথে পরামর্শ করুন।",গর্ভাবস্থায় অম্বল এবং অ্যাসিড রিফ্লাক্স,"কারণ, ত্রাণ কৌশল, কখন চিকিৎসার পরামর্শ নিতে হবে"
গর্ভাবস্থায় অর্শ্বরোগের কারণ কী এবং কীভাবে এগুলি থেকে মুক্তি পাওয়া যায়? আপনি কখন চিকিৎসা সাহায্য চাইতে হবে?,"অর্শ্বরোগ 2য় এবং 3য় ত্রৈমাসিকের সময় সাধারণ, 30% থেকে 40% গর্ভবতী মহিলাদের প্রভাবিত করে। এগুলি মলদ্বারের কাছের শিরাগুলিতে প্রসারিত জরায়ু থেকে চাপের কারণে হয় এবং কোষ্ঠকাঠিন্য লক্ষণগুলিকে আরও খারাপ করে তুলতে পারে। অর্শ্বরোগ উপশম করতে, সিটজ বাথ নেওয়ার কথা বিবেচনা করুন এবং কোষ্ঠকাঠিন্য উপশম কৌশল অনুসরণ করুন। যদি ব্যথা অব্যাহত থাকে, প্রস্তাবিত পণ্যগুলির জন্য আপনার ফার্মাসিস্টের সাথে পরামর্শ করুন বা আরও সহায়তার জন্য একজন ডাক্তার বা প্রসবপূর্ব যত্ন প্রদানকারীকে দেখুন।",গর্ভাবস্থায় হেমোরয়েডস,"কারণ, ত্রাণ কৌশল, কখন চিকিৎসার পরামর্শ নিতে হবে"
কোন ভেষজ চা গর্ভাবস্থায় নিরাপদ বলে মনে করা হয় এবং কোনটি এড়ানো উচিত?,"গর্ভাবস্থায়, কিছু ভেষজ চা নেতিবাচক প্রভাব ফেলতে পারে, যেমন সংকোচন ট্রিগার করে, অন্যদের নিরাপত্তার বিষয়ে পর্যাপ্ত বৈজ্ঞানিক প্রমাণ নেই। হেলথ কানাডার মতে, কমলা বা অন্যান্য সাইট্রাস খোসা, আদা এবং রোজশিপ থেকে তৈরি ভেষজ চা সাধারণত নিরাপদ বলে বিবেচিত হয় যখন পরিমিত পরিমাণে খাওয়া হয় (প্রতিদিন দুই থেকে তিন কাপের বেশি নয়)। প্রতিদিন একই ধরণের পান করার পরিবর্তে আপনার ভেষজ চা নির্বাচনের পরিবর্তন করার পরামর্শ দেওয়া হয়। উপরন্তু, কিছু মিশ্র বা ভেষজ চায়ে এমন উপাদান থাকে যা গর্ভাবস্থায় সুপারিশ করা হয় না, তাই কেনার আগে সর্বদা উপাদানগুলি পরীক্ষা করে দেখুন।",ভেষজ চা,গর্ভাবস্থায় ভেষজ চায়ের নিরাপত্তা।
গর্ভাবস্থায় ভেষজ ব্যবহার করা কি নিরাপদ?,"সাধারণত গর্ভাবস্থায় অনির্ধারিত ভেষজ এড়িয়ে চলার পরামর্শ দেওয়া হয়। উদাহরণস্বরূপ, লিকোরিস, অ্যালো, বারবেরি, ব্ল্যাক কোহোশ, ব্লু কোহোশ, ডং কোয়া, ফিভারফিউ, গোল্ডেনসাল, জুনিপার, ওয়াইল্ড ইয়াম এবং মাদারওয়ার্টের মতো ভেষজগুলি সুপারিশ করা হয় না।",গর্ভাবস্থায় ভেষজগুলি এড়ানো উচিত,গর্ভাবস্থায় ভেষজ এবং ভেষজ পরিপূরক এড়ানোর পরামর্শ
গর্ভাবস্থায় আমার কি ভেষজ পরিপূরকগুলির সাথে সতর্কতা অবলম্বন করা উচিত?,"সাধারণত গর্ভাবস্থায় অনির্ধারিত ভেষজ এড়িয়ে চলার পরামর্শ দেওয়া হয়। উদাহরণস্বরূপ, লিকোরিস, অ্যালো, বারবেরি, ব্ল্যাক কোহোশ, ব্লু কোহোশ, ডং কোয়া, ফিভারফিউ, গোল্ডেনসাল, জুনিপার, ওয়াইল্ড ইয়াম এবং মাদারওয়ার্টের মতো ভেষজগুলি সুপারিশ করা হয় না।",গর্ভাবস্থায় ভেষজগুলি এড়ানো উচিত,গর্ভাবস্থায় ভেষজ এবং ভেষজ পরিপূরক এড়ানোর পরামর্শ
গর্ভাবস্থায় আমার কোন ভেষজগুলি এড়ানো উচিত?,"সাধারণত গর্ভাবস্থায় অনির্ধারিত ভেষজ এড়িয়ে চলার পরামর্শ দেওয়া হয়। উদাহরণস্বরূপ, লিকোরিস, অ্যালো, বারবেরি, ব্ল্যাক কোহোশ, ব্লু কোহোশ, ডং কোয়া, ফিভারফিউ, গোল্ডেনসাল, জুনিপার, ওয়াইল্ড ইয়াম এবং মাদারওয়ার্টের মতো ভেষজগুলি সুপারিশ করা হয় না।",গর্ভাবস্থায় ভেষজগুলি এড়ানো উচিত,গর্ভাবস্থায় ভেষজ এবং ভেষজ পরিপূরক এড়ানোর পরামর্শ
কোন ভেষজ গর্ভাবস্থায় সুপারিশ করা হয় না?,"সাধারণত গর্ভাবস্থায় অনির্ধারিত ভেষজ এড়িয়ে চলার পরামর্শ দেওয়া হয়। উদাহরণস্বরূপ, লিকোরিস, অ্যালো, বারবেরি, ব্ল্যাক কোহোশ, ব্লু কোহোশ, ডং কোয়া, ফিভারফিউ, গোল্ডেনসাল, জুনিপার, ওয়াইল্ড ইয়াম এবং মাদারওয়ার্টের মতো ভেষজগুলি সুপারিশ করা হয় না।",গর্ভাবস্থায় ভেষজগুলি এড়ানো উচিত,গর্ভাবস্থায় ভেষজ এবং ভেষজ পরিপূরক এড়ানোর পরামর্শ
উচ্চ রক্তচাপের কারণ কি?,"গর্ভাবস্থায় উচ্চ রক্তচাপ অতিরিক্ত ওজন বা স্থূল, পর্যাপ্ত শারীরিক পরিশ্রম না করা, ধূমপান, অ্যালকোহল পান না করা, প্রথমবারের মতো গর্ভধারণ, গর্ভাবস্থা-সম্পর্কিত উচ্চ রক্তচাপের পারিবারিক ইতিহাস, একাধিক সন্তান বহন, বয়স (৩৫ বছরের বেশি), সহায়ক প্রজনন প্রযুক্তি (যেমন ইন ভিট্রো ফার্টিলাইজেশন, বা আইভিএফ), এবং ডায়াবেটিস বা নির্দিষ্ট অটোমুন রোগের কারণে হতে পারে।",উচ্চ রক্তচাপ,উচ্চ রক্তচাপের কারণ
আমার উচ্চ রক্তচাপের কারণ কী হতে পারে?,"গর্ভাবস্থায় উচ্চ রক্তচাপ অতিরিক্ত ওজন বা স্থূল, পর্যাপ্ত শারীরিক পরিশ্রম না করা, ধূমপান, অ্যালকোহল পান না করা, প্রথমবারের মতো গর্ভধারণ, গর্ভাবস্থা-সম্পর্কিত উচ্চ রক্তচাপের পারিবারিক ইতিহাস, একাধিক সন্তান বহন, বয়স (৩৫ বছরের বেশি), সহায়ক প্রজনন প্রযুক্তি (যেমন ইন ভিট্রো ফার্টিলাইজেশন, বা আইভিএফ), এবং ডায়াবেটিস বা নির্দিষ্ট অটোমুন রোগের কারণে হতে পারে।",উচ্চ রক্তচাপ,উচ্চ রক্তচাপের কারণ
কেন আমার উচ্চ রক্তচাপ আছে?,"গর্ভাবস্থায় উচ্চ রক্তচাপ অতিরিক্ত ওজন বা স্থূল, পর্যাপ্ত শারীরিক পরিশ্রম না করা, ধূমপান, অ্যালকোহল পান না করা, প্রথমবারের মতো গর্ভধারণ, গর্ভাবস্থা-সম্পর্কিত উচ্চ রক্তচাপের পারিবারিক ইতিহাস, একাধিক সন্তান বহন, বয়স (৩৫ বছরের বেশি), সহায়ক প্রজনন প্রযুক্তি (যেমন ইন ভিট্রো ফার্টিলাইজেশন, বা আইভিএফ), এবং ডায়াবেটিস বা নির্দিষ্ট অটোমুন রোগের কারণে হতে পারে।",উচ্চ রক্তচাপ,উচ্চ রক্তচাপের কারণ
আমার রক্তচাপ কেন বেশি?,"গর্ভাবস্থায় উচ্চ রক্তচাপ অতিরিক্ত ওজন বা স্থূল, পর্যাপ্ত শারীরিক পরিশ্রম না করা, ধূমপান, অ্যালকোহল পান না করা, প্রথমবারের মতো গর্ভধারণ, গর্ভাবস্থা-সম্পর্কিত উচ্চ রক্তচাপের পারিবারিক ইতিহাস, একাধিক সন্তান বহন, বয়স (৩৫ বছরের বেশি), সহায়ক প্রজনন প্রযুক্তি (যেমন ইন ভিট্রো ফার্টিলাইজেশন, বা আইভিএফ), এবং ডায়াবেটিস বা নির্দিষ্ট অটোমুন রোগের কারণে হতে পারে।",উচ্চ রক্তচাপ,উচ্চ রক্তচাপের কারণ
গর্ভাবস্থায় উচ্চ রক্তে শর্করার কারণ কী?,"গর্ভকালীন ডায়াবেটিস হল গর্ভাবস্থায় প্রথমবারের মতো নির্ণয় করা ডায়াবেটিস। এটি উচ্চ রক্তে শর্করার কারণ যা আপনার গর্ভাবস্থা এবং আপনার শিশুর স্বাস্থ্যকে প্রভাবিত করতে পারে। কিছু ঝুঁকির কারণগুলির মধ্যে রয়েছে অতিরিক্ত ওজন বা স্থূলতা, শারীরিকভাবে সক্রিয় না থাকা, প্রিডায়াবেটিস থাকা, পূর্ববর্তী গর্ভাবস্থায় গর্ভকালীন ডায়াবেটিস থাকা, পলিসিস্টিক ডিম্বাশয় সিন্ড্রোম থাকা, ডায়াবেটিসে আক্রান্ত পরিবারের সদস্য থাকা এবং পূর্বে 9 পাউন্ড (4.1 কিলোগ্রাম) এর বেশি ওজনের একটি শিশুর জন্ম দেওয়া।",উচ্চ গ্লুকোজ মাত্রা,উচ্চ গ্লুকোজ মাত্রার কারণ
আমার উচ্চ রক্তে শর্করার কারণ কী হতে পারে?,"গর্ভকালীন ডায়াবেটিস হল গর্ভাবস্থায় প্রথমবারের মতো নির্ণয় করা ডায়াবেটিস। এটি উচ্চ রক্তে শর্করার কারণ যা আপনার গর্ভাবস্থা এবং আপনার শিশুর স্বাস্থ্যকে প্রভাবিত করতে পারে। কিছু ঝুঁকির কারণগুলির মধ্যে রয়েছে অতিরিক্ত ওজন বা স্থূলতা, শারীরিকভাবে সক্রিয় না থাকা, প্রিডায়াবেটিস থাকা, পূর্ববর্তী গর্ভাবস্থায় গর্ভকালীন ডায়াবেটিস থাকা, পলিসিস্টিক ডিম্বাশয় সিন্ড্রোম থাকা, ডায়াবেটিসে আক্রান্ত পরিবারের সদস্য থাকা এবং পূর্বে 9 পাউন্ড (4.1 কিলোগ্রাম) এর বেশি ওজনের একটি শিশুর জন্ম দেওয়া।",উচ্চ গ্লুকোজ মাত্রা,উচ্চ গ্লুকোজ মাত্রার কারণ
আমার গ্লুকোজের মাত্রা বেশি কেন?,"গর্ভকালীন ডায়াবেটিস হল গর্ভাবস্থায় প্রথমবারের মতো নির্ণয় করা ডায়াবেটিস। এটি উচ্চ রক্তে শর্করার কারণ যা আপনার গর্ভাবস্থা এবং আপনার শিশুর স্বাস্থ্যকে প্রভাবিত করতে পারে। কিছু ঝুঁকির কারণগুলির মধ্যে রয়েছে অতিরিক্ত ওজন বা স্থূলতা, শারীরিকভাবে সক্রিয় না থাকা, প্রিডায়াবেটিস থাকা, পূর্ববর্তী গর্ভাবস্থায় গর্ভকালীন ডায়াবেটিস থাকা, পলিসিস্টিক ডিম্বাশয় সিন্ড্রোম থাকা, ডায়াবেটিসে আক্রান্ত পরিবারের সদস্য থাকা এবং পূর্বে 9 পাউন্ড (4.1 কিলোগ্রাম) এর বেশি ওজনের একটি শিশুর জন্ম দেওয়া।",উচ্চ গ্লুকোজ মাত্রা,উচ্চ গ্লুকোজ মাত্রার কারণ
কেন আমার গ্লুকোজের মাত্রা বেড়েছে?,"গর্ভকালীন ডায়াবেটিস হল গর্ভাবস্থায় প্রথমবারের মতো নির্ণয় করা ডায়াবেটিস। এটি উচ্চ রক্তে শর্করার কারণ যা আপনার গর্ভাবস্থা এবং আপনার শিশুর স্বাস্থ্যকে প্রভাবিত করতে পারে। কিছু ঝুঁকির কারণগুলির মধ্যে রয়েছে অতিরিক্ত ওজন বা স্থূলতা, শারীরিকভাবে সক্রিয় না থাকা, প্রিডায়াবেটিস থাকা, পূর্ববর্তী গর্ভাবস্থায় গর্ভকালীন ডায়াবেটিস থাকা, পলিসিস্টিক ডিম্বাশয় সিন্ড্রোম থাকা, ডায়াবেটিসে আক্রান্ত পরিবারের সদস্য থাকা এবং পূর্বে 9 পাউন্ড (4.1 কিলোগ্রাম) এর বেশি ওজনের একটি শিশুর জন্ম দেওয়া।",উচ্চ গ্লুকোজ মাত্রা,উচ্চ গ্লুকোজ মাত্রার কারণ
গর্ভাবস্থায় উচ্চ রক্তচাপ কি? এটা কিভাবে পরিচালিত হয়? উচ্চ রক্তচাপ প্ররোচিত শ্রম হতে পারে?,"গর্ভাবস্থায় উচ্চ রক্তচাপ দেখা দেয় যখন একজন মহিলার রক্তচাপ স্বাভাবিকের চেয়ে বেশি থাকে। এটি পরিচালনা করার জন্য, স্বাস্থ্য পেশাদাররা সাধারণত রক্তের কাজ, একটি প্রস্রাবের নমুনা এবং রক্তচাপ কমাতে চিকিত্সার পরামর্শ দেন। কিছু ক্ষেত্রে, হাসপাতালে ভর্তির প্রয়োজন হতে পারে। গর্ভাবস্থার পর্যায় এবং মা ও শিশুর স্বাস্থ্যের উপর নির্ভর করে, প্রসবের জন্য সর্বোত্তম সময় নির্ধারণ করে মেডিকেল টিম সহ শ্রম প্ররোচিত করা প্রয়োজন হতে পারে।",গর্ভাবস্থায় উচ্চ রক্তচাপ,"উচ্চরক্তচাপ, রক্তচাপ, চিকিৎসা, হাসপাতালে ভর্তি, শ্রম প্ররোচিত করা।"
কোন contraindication না থাকলে আপনি কখন প্রসবের পরে একটি হরমোনাল IUD ব্যবহার শুরু করতে পারেন?,"আপনার স্বাস্থ্যের অবস্থার উপর নির্ভর করে আপনি জন্ম দেওয়ার পরে যে কোনও সময় হরমোনাল আইইউডি ব্যবহার করা শুরু করতে পারেন, যতক্ষণ না কোনও দ্বন্দ্ব না থাকে।",হরমোনাল আইইউডি,জন্মের পর হরমোনাল IUD শুরু করার সময়
হরমোনজনিত গর্ভনিরোধকগুলি কীভাবে দুধ উৎপাদনকে প্রভাবিত করে এবং যদি কোনও সমস্যা হয় তবে আপনার কী করা উচিত?,"হরমোনজনিত গর্ভনিরোধক সাধারণত দুধের গুণমান বা শিশুর স্বাস্থ্যকে প্রভাবিত করে না। যাইহোক, সম্মিলিত হরমোন গর্ভনিরোধক দুধ উৎপাদনে সামান্য হ্রাস ঘটাতে পারে। যদি এটি ঘটে থাকে তবে একজন স্তন্যদানকারী পরামর্শদাতা, মিডওয়াইফ, ডাক্তার বা CLSC নার্সের সাথে পরামর্শ করুন। হরমোনাল আইইউডি, গর্ভনিরোধক ইনজেকশন এবং প্রোজেস্টিন-শুধুমাত্র বড়িগুলি বুকের দুধ খাওয়ানোকে প্রভাবিত করতে পারে না, তবে সমস্যা দেখা দিলে, একজন স্বাস্থ্যসেবা পেশাদারের পরামর্শ নিন।",হরমোনাল গর্ভনিরোধক এবং দুধ উৎপাদন,বুকের দুধ খাওয়ানোর উপর হরমোনের গর্ভনিরোধকগুলির প্রভাব
হরমোনজনিত গর্ভনিরোধকগুলি কীভাবে দুধ উৎপাদনকে প্রভাবিত করে এবং যদি কোনও সমস্যা হয় তবে আপনার কী করা উচিত?,"হরমোনজনিত গর্ভনিরোধক সাধারণত দুধের গুণমান বা শিশুর স্বাস্থ্যকে প্রভাবিত করে না। যাইহোক, সম্মিলিত হরমোন গর্ভনিরোধক দুধ উৎপাদনে সামান্য হ্রাস ঘটাতে পারে। যদি এটি ঘটে থাকে তবে একজন স্তন্যদানকারী পরামর্শদাতা, মিডওয়াইফ, ডাক্তার বা CLSC নার্সের সাথে পরামর্শ করুন। হরমোনাল আইইউডি, গর্ভনিরোধক ইনজেকশন এবং প্রোজেস্টিন-শুধুমাত্র বড়িগুলি বুকের দুধ খাওয়ানোকে প্রভাবিত করতে পারে না, তবে সমস্যা দেখা দিলে, একজন স্বাস্থ্যসেবা পেশাদারের পরামর্শ নিন।",হরমোনাল গর্ভনিরোধক এবং দুধ উৎপাদন,বুকের দুধ খাওয়ানোর উপর হরমোনের গর্ভনিরোধকগুলির প্রভাব
একটি হাসপাতাল বা জন্মদান কেন্দ্রে সাধারণত কতক্ষণ থাকতে হয়? আপনার থাকার সময় কিছু গুরুত্বপূর্ণ কাজ এবং বিবেচনা কি কি? কেন রুমিং-ইনকে উৎসাহিত করা হয় এবং হাসপাতাল ছাড়ার আগে আপনার কী করা উচিত?,"প্রসবের পরে, আপনার হাসপাতালে থাকার সময় সাধারণত যোনিপথে প্রসবের 24 থেকে 36 ঘন্টা বা সিজারিয়ান সেকশনের 36 থেকে 48 ঘন্টা পরে থাকে, যখন প্রসব কেন্দ্রে থাকে সাধারণত প্রায় 24 ঘন্টা। এই সময়ে, এটি আপনার শিশুর সাথে বন্ধন এবং তার যত্ন নেওয়ার বিষয়ে শেখার একটি দুর্দান্ত সুযোগ। হাসপাতালগুলি প্রায়ই রুমিং-ইনকে উৎসাহিত করে, যা আপনাকে আপনার শিশুকে চাহিদা অনুযায়ী খাওয়াতে এবং স্তন্যপান করানো শুরু করতে দেয়, সাহায্যের জন্য কাছাকাছি একজন নার্সের সাথে। যাওয়ার আগে, আপনার শিশুর একটি গাড়ির আসন আছে তা নিশ্চিত করুন, কারণ এটি ভ্রমণের জন্য বাধ্যতামূলক। আপনার যদি টিকা সম্পর্কে কোন প্রশ্ন থাকে, আপনি একজন টিকা পরামর্শদাতার সাথে দেখা করতে পারেন। উপরন্তু, আপনাকে জন্মের জন্য প্রয়োজনীয় কাগজপত্র সম্পূর্ণ করতে হবে।",হাসপাতাল এবং জন্ম কেন্দ্রে থাকা,"থাকার সময়কাল, রুমিং-ইন, গাড়ির আসন, টিকা দেওয়ার পরামর্শদাতা"
হাসপাতালে ভর্তি শিশুর বাবা-মায়ের জন্য হাসপাতালে থাকার জন্য কোন পরামর্শগুলি সাহায্য করতে পারে? এই সময়ে বাবা-মা কীভাবে তাদের শিশুর সাথে সংযুক্ত থাকতে পারেন?,"অনেক বাবা-মা হাসপাতালে ভর্তির সময় তাদের শিশুর সাথে থাকতে পছন্দ করেন, হয় তাদের সঙ্গীর সাথে পালা করে বা একসাথে রাত কাটিয়ে। হাসপাতালকে জিজ্ঞাসা করা গুরুত্বপূর্ণ যে তারা রুমিং-ইন বিকল্পগুলি অফার করে কিনা, যদিও স্থান সীমিত হতে পারে। এমনকি যদি শিশুটি ইনকিউবেটরে থাকে, তবুও পিতামাতারা তাদের স্তনকে উদ্দীপিত করে বুকের দুধ খাওয়ানো এবং দুধ উৎপাদনকে উৎসাহিত করতে পারেন। অভিভাবকদের উচিত তাদের শিশুকে ধরে রাখতে বা সম্ভব হলে ত্বক থেকে ত্বকের যোগাযোগে জড়িত থাকার বিষয়ে সাহায্য চাওয়া উচিত। যদি শিশুটিকে ধরে রাখা একটি বিকল্প না হয়, তাহলে শিশুর কাছে পিতামাতার ঘ্রাণযুক্ত কিছু রাখা, যেমন একটি স্কার্ফ বা পোশাকের টুকরো, আরাম দিতে পারে।","হাসপাতালে থাকা, বুকের দুধ খাওয়ানো, ত্বক থেকে ত্বক, পিতামাতার সহায়তা","শিশুর হাসপাতালে ভর্তি, ত্বক থেকে ত্বক, ঘরে থাকা, দুধ উৎপাদনের সাথে মোকাবিলা করা"
নবজাতকের হাসপাতালে ভর্তির সময় বাবা-মা কীভাবে হাসপাতালে পরিদর্শন এবং ভাইবোনদের সহায়তা করতে পারেন?,"যদি আপনার শিশু হাসপাতালে থাকে, তাহলে আপনি আপনার অন্যান্য শিশু বা প্রিয়জন সহ দর্শক পেতে পারেন। যাইহোক, নিশ্চিত করুন যে দর্শনার্থীরা সুস্থ আছেন এবং তাদের কোন সংক্রমণ নেই, যেমন ঠান্ডা বা ঠাণ্ডা ঘা, কারণ এগুলো নবজাতকের জন্য মারাত্মক হতে পারে। আপনার অন্যান্য বাচ্চাদের যে কোন উদ্বেগ থাকতে পারে তার সমাধান করাও গুরুত্বপূর্ণ। তারা শিশুর স্বাস্থ্য সম্পর্কে উদ্বিগ্ন বা দোষী বোধ করতে পারে এবং তাদের আশ্বস্ত করা সহায়ক হতে পারে যে পরিস্থিতি তাদের দোষ নয়। সামান্য বড় ভাইবোনরাও ঈর্ষান্বিত বোধ করতে পারে, ভাবতে পারে যে তাদের অনুভূতি জটিলতা সৃষ্টি করেছে। তাদের সমর্থন করার জন্য, সম্ভব হলে শিশুর যত্ন নেওয়ার জন্য তাদের জড়িত করার চেষ্টা করুন, কারণ এটি তাদের অন্তর্ভুক্ত বোধ করতে এবং নেতিবাচক আবেগ কমাতে সাহায্য করতে পারে।","হাসপাতালে পরিদর্শন, ভাইবোন, নবজাতকের যত্ন, পারিবারিক যোগাযোগ",নবজাতকের হাসপাতালে ভর্তির সময় হাসপাতালে পরিদর্শন পরিচালনা এবং ভাইবোনদের সহায়তা করা
গর্ভাবস্থায় গরম ঘাম কি স্বাভাবিক?,"গর্ভাবস্থায়, আপনার শরীরের তাপমাত্রা সামান্য বেড়ে যাওয়া স্বাভাবিক, যার ফলে গরম ঘাম হয়। ঘাম হল আপনার শরীরের শীতল হওয়ার প্রাকৃতিক উপায় এবং অতিরিক্ত গরম হওয়া প্রতিরোধ করার জন্য তাপমাত্রা নিয়ন্ত্রণ করে।",গর্ভাবস্থায় গরম ঘাম,গর্ভাবস্থায় গরম ঘাম এবং শরীরের তাপমাত্রার পরিবর্তন বোঝা
গর্ভাবস্থায় গরম ঝলকানি কি সাধারণ?,"গর্ভাবস্থায়, আপনার শরীরের তাপমাত্রা সামান্য বেড়ে যাওয়া স্বাভাবিক, যার ফলে গরম ঘাম হয়। ঘাম হল আপনার শরীরের শীতল হওয়ার প্রাকৃতিক উপায় এবং অতিরিক্ত গরম হওয়া প্রতিরোধ করার জন্য তাপমাত্রা নিয়ন্ত্রণ করে।",গর্ভাবস্থায় গরম ঘাম,গর্ভাবস্থায় গরম ঘাম এবং শরীরের তাপমাত্রার পরিবর্তন বোঝা
গর্ভাবস্থায় গরম ঘামের কারণ কী?,"গর্ভাবস্থায়, আপনার শরীরের তাপমাত্রা সামান্য বেড়ে যাওয়া স্বাভাবিক, যার ফলে গরম ঘাম হয়। ঘাম হল আপনার শরীরের শীতল হওয়ার প্রাকৃতিক উপায় এবং অতিরিক্ত গরম হওয়া প্রতিরোধ করার জন্য তাপমাত্রা নিয়ন্ত্রণ করে।",গর্ভাবস্থায় গরম ঘাম,গর্ভাবস্থায় গরম ঘাম এবং শরীরের তাপমাত্রার পরিবর্তন বোঝা
কেন আমি গর্ভবতী অবস্থায় গরম ঘাম অনুভব করছি?,"গর্ভাবস্থায়, আপনার শরীরের তাপমাত্রা সামান্য বেড়ে যাওয়া স্বাভাবিক, যার ফলে গরম ঘাম হয়। ঘাম হল আপনার শরীরের শীতল হওয়ার প্রাকৃতিক উপায় এবং অতিরিক্ত গরম হওয়া প্রতিরোধ করার জন্য তাপমাত্রা নিয়ন্ত্রণ করে।",গর্ভাবস্থায় গরম ঘাম,গর্ভাবস্থায় গরম ঘাম এবং শরীরের তাপমাত্রার পরিবর্তন বোঝা
গর্ভাবস্থায় নিরাপদে পরিষ্কারের পণ্য ব্যবহার করার জন্য সুপারিশ।,"গর্ভবতী মহিলারা সাধারণত সাধারণ গৃহস্থালি পরিষ্কারের পণ্য যেমন ডিশওয়াশার ডিটারজেন্ট, লন্ড্রি ডিটারজেন্ট, উইন্ডো ক্লিনার এবং সর্ব-উদ্দেশ্য ক্লিনার নিরাপদে ব্যবহার করতে পারেন। যাইহোক, ব্লিচ এবং ওভেন ক্লিনারগুলির মতো ক্ষয়কারী পণ্যগুলি শ্বাসযন্ত্রকে জ্বালাতন করতে পারে এবং সঠিকভাবে পরিচালনা না করলে পোড়া হতে পারে, যদিও কম ঘনত্বে শ্বাস নেওয়া হলে তারা শিশুর ক্ষতি করে না। সাবধানতার সাথে ভারী-শুল্ক পরিষ্কারের পণ্য এবং এয়ার ফ্রেশনারগুলি ব্যবহার করা গুরুত্বপূর্ণ, কারণ তারা বিষাক্ত পদার্থ মুক্ত করতে পারে। নিরাপত্তা নিশ্চিত করতে সর্বদা পণ্য লেবেলের নির্দেশাবলী পড়ুন এবং অনুসরণ করুন।",গর্ভাবস্থায় গৃহস্থালীর পণ্য,গর্ভাবস্থায় পরিষ্কারের পণ্যের নিরাপদ ব্যবহার।
IUD ব্যবহার করলে কি UTI হতে পারে?,"আইইউডি নিজেই সরাসরি ইউটিআই ঘটায় না, তবে সংক্রমণ প্রতিরোধ করার জন্য উচ্চ স্বাস্থ্যবিধি মান বজায় রাখা অত্যন্ত গুরুত্বপূর্ণ।",আইইউডি এবং ইউটিআই সম্পর্ক,IUD এবং UTI-এর মধ্যে সম্পর্ক স্পষ্ট করা।
আইইউডি কি ইউটিআই-এর ঝুঁকি বাড়ায়?,"আইইউডি নিজেই সরাসরি ইউটিআই ঘটায় না, তবে সংক্রমণ প্রতিরোধ করার জন্য উচ্চ স্বাস্থ্যবিধি মান বজায় রাখা অত্যন্ত গুরুত্বপূর্ণ।",আইইউডি এবং ইউটিআই সম্পর্ক,IUD এবং UTI-এর মধ্যে সম্পর্ক স্পষ্ট করা।
এটা কি সত্য যে আইইউডিগুলি ইউটিআইগুলির সাথে যুক্ত?,"আইইউডি নিজেই সরাসরি ইউটিআই ঘটায় না, তবে সংক্রমণ প্রতিরোধ করার জন্য উচ্চ স্বাস্থ্যবিধি মান বজায় রাখা অত্যন্ত গুরুত্বপূর্ণ।",আইইউডি এবং ইউটিআই সম্পর্ক,IUD এবং UTI-এর মধ্যে সম্পর্ক স্পষ্ট করা।
IUD ব্যবহার করার সময় স্বাস্থ্যবিধি কেন গুরুত্বপূর্ণ?,"আইইউডি নিজেই সরাসরি ইউটিআই ঘটায় না, তবে সংক্রমণ প্রতিরোধ করার জন্য উচ্চ স্বাস্থ্যবিধি মান বজায় রাখা অত্যন্ত গুরুত্বপূর্ণ।",আইইউডি এবং ইউটিআই সম্পর্ক,IUD এবং UTI-এর মধ্যে সম্পর্ক স্পষ্ট করা।
গর্ভাবস্থায় বিভিন্ন ধরনের সহিংসতার প্রভাব কী? আপনি সহিংসতার সম্মুখীন হলে সাহায্য চাওয়া কেন গুরুত্বপূর্ণ?,"সব ধরনের সহিংসতামনস্তাত্ত্বিক, মৌখিক, শারীরিক, যৌন বা অর্থনৈতিকমহিলা এবং শিশু উভয়ের স্বাস্থ্যের ওপর মারাত্মক প্রভাব ফেলতে পারে। সহিংসতার শিকার ব্যক্তিরা লজ্জিত বা বিচার হতে ভয় পেতে পারে, যা বিচ্ছিন্নতার দিকে নিয়ে যেতে পারে। যাইহোক, নীরবতা ভঙ্গ করা এবং আপনার বিশ্বস্ত কারো সাথে কথা বলা অত্যন্ত গুরুত্বপূর্ণ, কারণ সহিংসতা খুব কমই নিজের থেকে থামে। আপনার নিরাপত্তা এবং আপনার সন্তানের নিরাপত্তা উভয়ই নিশ্চিত করার জন্য সহায়তা চাওয়া অপরিহার্য।",গর্ভাবস্থায় গার্হস্থ্য সহিংসতার প্রভাব,"স্বাস্থ্যের উপর পরিণতি, নীরবতা ভঙ্গ, সাহায্য চাওয়া।"
ইমপ্লান্ট কি হার্টে স্থানান্তরিত হতে পারে?,"না, এটা ভুল ধারণা। ইমপ্লান্টটি বাহুতে ত্বকের নীচে ঢোকানো হয় এবং হার্টে যেতে পারে না।",ইমপ্লান্ট ভুল ধারণা,গর্ভনিরোধক ইমপ্লান্ট সম্পর্কে ভুল ধারণা সংশোধন করা।
ইমপ্লান্ট কি হার্টে চলে যায়?,"না, এটা ভুল ধারণা। ইমপ্লান্টটি বাহুতে ত্বকের নীচে ঢোকানো হয় এবং হার্টে যেতে পারে না।",ইমপ্লান্ট ভুল ধারণা,গর্ভনিরোধক ইমপ্লান্ট সম্পর্কে ভুল ধারণা সংশোধন করা।
ইমপ্লান্ট হার্টে পৌঁছানোর ঝুঁকি আছে কি?,"না, এটা ভুল ধারণা। ইমপ্লান্টটি বাহুতে ত্বকের নীচে ঢোকানো হয় এবং হার্টে যেতে পারে না।",ইমপ্লান্ট ভুল ধারণা,গর্ভনিরোধক ইমপ্লান্ট সম্পর্কে ভুল ধারণা সংশোধন করা।
কেন মানুষ মনে করে ইমপ্লান্ট হার্টে চলে যায়?,"না, এটা ভুল ধারণা। ইমপ্লান্টটি বাহুতে ত্বকের নীচে ঢোকানো হয় এবং হার্টে যেতে পারে না।",ইমপ্লান্ট ভুল ধারণা,গর্ভনিরোধক ইমপ্লান্ট সম্পর্কে ভুল ধারণা সংশোধন করা।
কেন শ্রম প্ররোচিত হয় এবং কখন এটি প্রয়োজনীয় হতে পারে? কোন পরিস্থিতিতে আবেশ হতে পারে এবং আপনার স্বাস্থ্যসেবা প্রদানকারীর সাথে আপনার কী আলোচনা করা উচিত?,"প্রসব চিকিৎসার কারণে করা হয়, যেমন পানি ভেঙ্গে গেলেও সংকোচন শুরু না হলে বা গর্ভাবস্থা 41 সপ্তাহ পার হয়ে গেলে। বিরল ক্ষেত্রে, মা বা শিশুর স্বাস্থ্যের জন্যও আনয়নের প্রয়োজন হতে পারে। আপনার স্বাস্থ্যসেবা প্রদানকারীর সাথে আনয়নের কারণ এবং এর সম্ভাব্য ঝুঁকি নিয়ে আলোচনা করা গুরুত্বপূর্ণ।",প্ররোচিত শ্রম,"ইনডাকশনের চিকিৎসার কারণ, মা বা শিশুর স্বাস্থ্য, 41 সপ্তাহের পরে, সংকোচন ছাড়াই জল ভাঙ্গা"
ওষুধের সাথে শ্রম প্ররোচিত বা উদ্দীপিত করার সময় কেন পর্যবেক্ষণ ব্যবহার করা হয় এবং এটি কতক্ষণ চলতে থাকে?,শিশুর সুস্থতা নিশ্চিত করতে এবং সংকোচনের ফ্রিকোয়েন্সি মূল্যায়ন করার জন্য ওষুধের সাথে শ্রম প্ররোচিত বা উদ্দীপিত করার সময় পর্যবেক্ষণ ব্যবহার করা হয়। শিশুর জন্ম না হওয়া পর্যন্ত এই পর্যবেক্ষণ অব্যাহত থাকে।,প্ররোচিত বা উদ্দীপক শ্রম,"আনয়ন বা উদ্দীপনার সময় পর্যবেক্ষণ করা, শিশুর সুস্থতা নিশ্চিত করা"
"Info-Santé এবং Info-Social কি এবং তারা কোন পরিষেবা প্রদান করে? আপনি কিভাবে এই পরিষেবাগুলি অ্যাক্সেস করতে পারেন? এই পরিষেবাগুলি কি গোপনীয়, এবং সেগুলি কি সর্বত্র উপলব্ধ?","Info-Santé এবং Info-Social হল গোপনীয়, বিনামূল্যের হটলাইন পরিষেবাগুলি Québec জুড়ে উপলব্ধ, স্বাস্থ্য এবং মানসিক সহায়তা প্রদান করে৷ Info-Santé আপনার এবং আপনার শিশুর জন্য স্বাস্থ্য-সম্পর্কিত উদ্বেগের বিষয়ে পরামর্শ প্রদান করে, যখন ইনফো-সোশ্যাল মানসিক এবং সামাজিক সমস্যাগুলির সমাধান করে, উদ্বেগ, সম্পর্কের সমস্যা বা আর্থিক অসুবিধার মতো চ্যালেঞ্জগুলির জন্য সহায়তা প্রদান করে। 8-1-1 ডায়াল করে এই পরিষেবাগুলি 24/7 পাওয়া যায়৷ যাইহোক, কিছু প্রত্যন্ত অঞ্চলে, স্থানীয় নম্বরের জন্য আপনাকে আপনার জন্মপূর্ব যত্ন প্রদানকারীর সাথে যোগাযোগ করতে হবে।","তথ্য-সান্তে, তথ্য-সামাজিক","হটলাইন পরিষেবার প্রাপ্যতা, স্বাস্থ্য এবং মনোসামাজিক সহায়তা, অ্যাক্সেস এবং গোপনীয়তা"
খাওয়ানোর পদ্ধতির পার্থক্য এবং ক্ষুধার সংকেতগুলিকে স্বীকৃতি দেওয়ার গুরুত্ব বোঝা।,"যদিও প্রয়োজনে প্রকাশ করা দুধ একটি বোতলের মাধ্যমে খাওয়ানো যেতে পারে, তবে এটি স্বীকার করা গুরুত্বপূর্ণ যে বোতল থেকে স্তন্যপান করা বুকের দুধ খাওয়ানো থেকে আলাদা। বোতল থেকে দুধের প্রবাহ দ্রুত হয় এবং শিশুর মুখের নড়াচড়া ভিন্ন হয়, যা ঘন ঘন ব্যবহার করলে বুকের দুধ খাওয়ানোর সমস্যা হতে পারে। যদি একটি প্যাসিফায়ার ব্যবহার করা হয়, তবে এটি শিশুর ক্ষুধার সংকেতগুলিকে অস্পষ্ট করে দিতে পারে, যা সম্ভাব্যভাবে খাওয়ানো মিস করতে পারে এবং দুধ উৎপাদনকে প্রভাবিত করতে পারে। একটি প্যাসিফায়ার অফার করার আগে, নিশ্চিত করুন যে শিশুর ক্ষুধার্ত বা আরামের প্রয়োজন নেই, স্বাস্থ্যকর দুধ উৎপাদন এবং খাওয়ানোর জন্য সহায়তা করুন।",বোতল এবং প্যাসিফায়ার সম্পর্কিত তথ্য এবং সতর্কতা,স্তন্যপান করানোর ক্ষেত্রে বোতল খাওয়ানো এবং প্যাসিফায়ার ব্যবহারের সম্ভাব্য প্রভাব মোকাবেলা করা।
"সঠিক ঘনত্ব নিশ্চিত করে DEET, icaridin বা সয়াবিন তেল-ভিত্তিক রেপেলেন্ট ব্যবহার করুন।","গর্ভাবস্থায় আপনার যদি পোকামাকড় তাড়ানোর প্রয়োজন হয়, তাহলে DEET, icaridin বা সয়াবিন তেলের সাথে একটি বেছে নিন। DEET- এবং icaridin-ভিত্তিক পণ্যগুলি মশা এবং টিক উভয়ের বিরুদ্ধে সুরক্ষা দেয়, যখন সয়াবিন তেল-ভিত্তিক পণ্যগুলি শুধুমাত্র মশার বিরুদ্ধে সুরক্ষা দেয়। নিশ্চিত করুন যে DEET ঘনত্ব 30% এর বেশি না হয়, icaridin 20% এর বেশি না হয় এবং সয়াবিন তেল 2% এর বেশি না হয়। সুরক্ষার সময়কালের জন্য সর্বদা লেবেলটি পড়ুন এবং শুধুমাত্র প্রয়োজনে পুনরায় আবেদন করুন।",গর্ভাবস্থায় পোকামাকড় প্রতিরোধক,প্রস্তাবিত উপাদান এবং ঘনত্ব সহ গর্ভাবস্থায় পোকামাকড় তাড়ানোর নিরাপদ ব্যবহার।
"প্রায়শই প্রশ্ন ওঠে যেমন, ""আমার বীমা কি অন্য দেশে হাসপাতালে থাকা এবং সন্তান জন্মদানের কভার করে?"" অথবা ""বিদেশ ভ্রমণের সময় আমি এবং আমার শিশুর কি বীমা করা হয়েছে?""","গর্ভাবস্থায় বিদেশ ভ্রমণের আগে, নিশ্চিত করুন যে আপনার বীমা পলিসি আপনার শিশুর সহ হাসপাতালে ভর্তি বা সন্তান প্রসবের ক্ষেত্রে চিকিৎসা খরচ কভার করে। এই কভারেজটি অকাল জন্মের ক্ষেত্রে বিশেষভাবে গুরুত্বপূর্ণ, যেখানে নিবিড় যত্নের জন্য উল্লেখযোগ্য খরচ হতে পারে। যদিও Régie de lassurance maladie du Québec Québec-এ যত্নের সমতুল্য খরচ ফেরত দেয়, বিদেশে চিকিৎসা খরচ বেশি হতে পারে, এবং আপনি এবং আপনার শিশুর পর্যাপ্তভাবে বীমা করা না হলে আপনি একটি উল্লেখযোগ্য বিলের সম্মুখীন হতে পারেন। প্রস্থানের আগে সর্বদা আপনার বীমাকারীর সাথে কভারেজ নিশ্চিত করুন।",বীমা এবং গর্ভাবস্থা,"বিদেশ ভ্রমণের সময় পর্যাপ্ত বীমা কভারেজ নিশ্চিত করার গুরুত্ব, বিশেষ করে গর্ভাবস্থা এবং জন্মের সময় চিকিৎসা সেবার জন্য।"
প্রসবের সময় কোন হস্তক্ষেপ বিবেচনা করা যেতে পারে এবং আপনি কীভাবে তাদের জন্য পরিকল্পনা করতে পারেন? এই পদ্ধতিগুলি সম্পর্কে আপনার কী জানা উচিত এবং আপনি কীভাবে সিজারিয়ান জন্মের মতো অপ্রত্যাশিত পরিস্থিতির জন্য প্রস্তুত করতে পারেন?,"আপনার জন্ম পরিকল্পনা প্রস্তুত করার সময়, আপনার হাসপাতাল বা জন্মদান কেন্দ্রে উপলব্ধ সম্ভাব্য হস্তক্ষেপগুলি বিবেচনা করুন, যেমন লেবার ইনডাকশন, ভ্রূণ পর্যবেক্ষণ, এপিডুরালস এবং এপিসিওটমি। এই পদ্ধতিগুলির কারণ এবং আপনার এবং আপনার শিশুর উপর তাদের সম্ভাব্য প্রভাব সম্পর্কে জিজ্ঞাসা করুন। প্রসবের সময় আপনি কোন পদ্ধতিগুলি করতে চান এবং কোনটি প্রত্যাখ্যান করতে চান তা নির্ধারণ করুন। এছাড়াও, সিজারিয়ান জন্মের সম্ভাবনা সহ অপ্রত্যাশিত বিকাশের জন্য প্রস্তুত হন এবং প্রক্রিয়া চলাকালীন আপনি আপনার সাথে কাউকে চান কিনা তা স্থির করুন।",প্রসবের সময় হস্তক্ষেপ,"সম্ভাব্য হস্তক্ষেপ, কারণ, প্রভাব এবং অপ্রত্যাশিত উন্নয়ন"
কিভাবে আপনি অন্ত্রের ক্র্যাম্প চিনতে পারেন? কি উপসর্গ অন্ত্রের ক্র্যাম্পের সাথে যুক্ত?,"অন্ত্রের ক্র্যাম্পগুলি পেট জুড়ে ব্যথা দ্বারা চিহ্নিত করা হয়, যা ডায়রিয়া বা কোষ্ঠকাঠিন্যের মতো অবস্থার কারণে হতে পারে। অস্বস্তি সাধারণত অন্ত্র থেকে আসে এবং প্রায়শই মলত্যাগের পরিবর্তনের সাথে যুক্ত থাকে। অন্যান্য ধরনের পেটে ব্যথা থেকে ভিন্ন, অন্ত্রের ক্র্যাম্পগুলি সাধারণত হজম সংক্রান্ত সমস্যার সাথে যুক্ত থাকে।",অন্ত্রের ক্র্যাম্প,অন্ত্রের ক্র্যাম্পের লক্ষণ এবং তাদের কারণ
একটি উল্টানো স্তনবৃন্ত কি,স্তনবৃন্ত যা স্তনের মধ্যে প্রত্যাহার করা হয়।,উল্টানো স্তনবৃন্ত,উল্টানো স্তনের সংজ্ঞা
গর্ভাবস্থায় আয়রন কেন অপরিহার্য? আয়রনের অভাবের প্রভাব কি?,"গর্ভাবস্থায় আয়রন অত্যন্ত গুরুত্বপূর্ণ কারণ এটি রক্তের পরিমাণ বাড়াতে সাহায্য করে এবং শিশু ও প্লাসেন্টার বৃদ্ধিকে সমর্থন করে। এটি শিশুকে জীবনের প্রথম কয়েক মাসের জন্য গুরুত্বপূর্ণ আয়রন সংরক্ষণ করতে সক্ষম করে। গর্ভাবস্থায়, আপনার আয়রনের প্রয়োজনীয়তা জীবনের অন্য যেকোনো পর্যায়ের তুলনায় বেশি। আয়রনের ঘাটতির কারণে মায়ের রক্তস্বল্পতা হতে পারে এবং শিশুর স্বাস্থ্য সমস্যা হতে পারে। মাতৃ ও ভ্রূণ উভয়ের স্বাস্থ্যের জন্য পর্যাপ্ত আয়রন গ্রহণ নিশ্চিত করা অত্যাবশ্যক।",আয়রন,গর্ভাবস্থায় আয়রনের গুরুত্ব।
"শ্রম সাধারণত কখন শুরু হয় এবং লক্ষণগুলি কী কী? আপনার শ্লেষ্মা প্লাগ হারিয়ে গেছে কিনা আপনি কিভাবে জানবেন, এবং এটি কি প্রসব শুরুর সংকেত দেয়?","প্রসব সাধারণত গর্ভাবস্থার 37 থেকে 42 সপ্তাহের মধ্যে স্বতঃস্ফূর্তভাবে শুরু হয় এবং প্রত্যাশিত প্রসবের তারিখটি একটি নির্দেশিকা, এটি একটি কঠোর সময়সীমা নয়। যদি প্রসব 41 সপ্তাহের মধ্যে শুরু না হয়, তাহলে আপনার ডাক্তার বা মিডওয়াইফ ইনডাকশন প্রয়োজনীয় কিনা তা নির্ধারণ করার জন্য পরীক্ষার পরামর্শ দিতে পারেন। শ্লেষ্মা প্লাগ, যা পর্যায়ক্রমে হারিয়ে যেতে পারে এবং কখনও কখনও রক্তে রঞ্জিত হতে পারে, সবসময় ইঙ্গিত দেয় না যে প্রসব শুরু হয়েছে। যদিও এর ক্ষতি একটি চিহ্ন, অন্যান্য লক্ষণ, যেমন সংকোচন বা জল ভাঙ্গা, প্রসবের সূত্রপাত নির্দেশ করতে অনুসরণ করা উচিত।",শ্রম শুরু এবং মিউকাস প্লাগ,"শ্রমের সময়, শ্লেষ্মা প্লাগ এবং শ্রমের লক্ষণ"
শ্রম কি,"প্রক্রিয়া যার মাধ্যমে শিশু জরায়ু থেকে পাস করে 
বাইরের বিশ্বের কাছে, প্রাথমিকভাবে সংকোচনের মাধ্যমে 
জরায়ুর",শ্রম,শ্রম সংজ্ঞা
কেন প্রসবের সময় পর্যবেক্ষণ ব্যবহার করা হয় এবং কোন পরিস্থিতিতে এটি প্রয়োজনীয়?,"প্রসবের সময় পর্যবেক্ষণ করা হয় শিশুর ভালো কাজ করছে তা নিশ্চিত করতে, সংকোচনের ফ্রিকোয়েন্সি ট্র্যাক করতে এবং শিশু কীভাবে তাদের পরিচালনা করছে তা পর্যবেক্ষণ করতে। যদি শিশুর সুস্থতার বিষয়ে উদ্বেগ থাকে, যদি আপনি একটি এপিডুরালের জন্য অনুরোধ করেন, একটি VBAC পরিকল্পনা করছেন, বা উচ্চ-ঝুঁকিপূর্ণ গর্ভাবস্থা থাকলে এটি প্রয়োজনীয়। একটি স্বাভাবিক, জটিল গর্ভাবস্থায়, একটি আল্ট্রাসাউন্ড মেশিনের সাহায্যে নিয়মিতভাবে শিশুর হার্ট পরীক্ষা করা হবে।",শ্রম মনিটরিং,"শ্রমের সময় পর্যবেক্ষণের কারণ, যখন এটি প্রয়োজন হয়"
ল্যাকটোজ অসহিষ্ণুতার সম্মুখীন গর্ভবতী মহিলারা পর্যাপ্ত ক্যালসিয়াম এবং পুষ্টি গ্রহণ নিশ্চিত করার সময় তাদের অবস্থা কীভাবে পরিচালনা করবেন সে সম্পর্কে পরামর্শ চাইতে পারেন।,"আপনি যদি ল্যাকটোজ অসহিষ্ণু হন তবে গর্ভাবস্থায় সঠিক পুষ্টি বজায় রাখার জন্য বিভিন্ন বিকল্প রয়েছে। ল্যাকটোজ-মুক্ত দুধ, দই এবং পনির সহজেই পাওয়া যায় এবং নিয়মিত দুগ্ধজাত পণ্যের মতো একই সুবিধা প্রদান করে। শক্তিশালী সয়া পানীয় হল চমৎকার ল্যাকটোজ-মুক্ত বিকল্প যা প্রয়োজনীয় পুষ্টি সরবরাহ করে। উপরন্তু, ট্যাবলেট বা ড্রপগুলি যেগুলি ল্যাকটোজ হজম করতে সাহায্য করে তা সহায়ক হতে পারেনির্দেশের জন্য আপনার ফার্মাসিস্টের সাথে পরামর্শ করুন। এই সমাধানগুলি আপনাকে অস্বস্তি ছাড়াই আপনার পুষ্টির চাহিদা মেটাতে সাহায্য করতে পারে।",ল্যাকটোজ অসহিষ্ণুতা এবং গর্ভাবস্থা,গর্ভাবস্থায় ল্যাকটোজ অসহিষ্ণুতা নিয়ন্ত্রণ করুন উপযুক্ত বিকল্প এবং হজমের জন্য সহায়ক নির্বাচন করে।
"বৈজ্ঞানিক গবেষণার অভাব, সতর্কতামূলক পরামর্শ।","গর্ভবতী মহিলাদের এবং তাদের অনাগত শিশুদের জন্য ইলেক্ট্রোলাইসিস এবং লেজারের চুল অপসারণের ঝুঁকি নিয়ে কোনও বৈজ্ঞানিক গবেষণা হয়নি। একটি সতর্কতা হিসাবে, এটি সুপারিশ করা হয় যে আপনি এই চুল অপসারণের পদ্ধতিগুলিকে এড়িয়ে চলুন যতক্ষণ না আপনি জন্মদান করেন।",লেজার হেয়ার রিমুভাল এবং ইলেক্ট্রোলাইসিস,গর্ভাবস্থায় ইলেক্ট্রোলাইসিস এবং লেজারের চুল অপসারণের নিরাপত্তা।
শ্রমের সুপ্ত পর্যায়ে কি ঘটে? আপনি কিভাবে প্রাথমিক শ্রম এবং মিথ্যা শ্রমের মধ্যে পার্থক্য করতে পারেন? সুপ্ত পর্যায়ে কখন হাসপাতালে যেতে হবে?,"প্রসবের সুপ্ত পর্যায়ে সংকোচন জড়িত যা সাধারণত খুব শক্তিশালী হয় না এবং অনিয়মিত এবং ছোট মনে হতে পারে। এই পর্যায়ে, এটি শ্রমের শুরু নাকি মিথ্যা শ্রম তা নির্ধারণ করা কঠিন হতে পারে। সংকোচনের সময় আপনি এখনও কথা বলতে সক্ষম হতে পারেন। শান্ত থাকা, বিশ্রাম, খাওয়া এবং ইচ্ছা হলে গোসল করা গুরুত্বপূর্ণ। পর্যায়টি দীর্ঘ বা সংক্ষিপ্ত হতে পারে, এবং আপনার হাসপাতালে যাওয়ার দরকার নেই যদি না আপনার জল ভেঙে যায় বা আপনি আর শিশুর নড়াচড়া অনুভব না করেন। যদি সংকোচন দুর্বল হয়ে যায় বা বন্ধ হয়ে যায়, তাহলে এটাকে মিথ্যা শ্রম বলে মনে করা হয়, যা জরায়ুকে পাকাতে সাহায্য করে প্রস্তুতিমূলক শ্রম।",শ্রমের সুপ্ত পর্যায়,"প্রারম্ভিক প্রসব, সংকোচন, মিথ্যা শ্রম, জরায়ু পাকা, হাসপাতালে পরিদর্শন"
"গর্ভাবস্থায় সাধারণত কখন পায়ে ব্যথা হয়? কি তাদের কারণ, এবং কিছু ত্রাণ পদ্ধতি কি কি? কখন আপনার ডাক্তারের সাথে পরামর্শ করা উচিত?","পায়ে ব্যথা প্রায়শই গর্ভাবস্থার দ্বিতীয়ার্ধে ঘটে এবং 50% এরও বেশি গর্ভবতী মহিলাদের প্রভাবিত করে। এগুলি পায়ের পেশীগুলিতে ল্যাকটিক এবং পাইরুভিক অ্যাসিডের বিল্ড আপের কারণে হয়, যা বেদনাদায়ক ক্র্যাম্পের দিকে পরিচালিত করে, যা সাধারণত রাতে ঘটে। ক্র্যাম্প উপশম করার জন্য, আপনার পায়ের আঙ্গুলগুলিকে উপরের দিকে নির্দেশ করে পা প্রসারিত করুন, আক্রান্ত পেশীগুলি ম্যাসেজ করুন, বিছানা থেকে উঠুন এবং হাঁটুন। যদি পরের দিন অস্বস্তি বা ব্যথা অব্যাহত থাকে তবে এটি সাধারণত গুরুতর নয়। যাইহোক, যদি আপনি ফোলা সহ তীব্র, অবিরাম ব্যথা অনুভব করেন, অবিলম্বে আপনার স্বাস্থ্য পেশাদারের সাথে পরামর্শ করা গুরুত্বপূর্ণ।",গর্ভাবস্থায় পায়ে ক্র্যাম্প,"কারণ, ত্রাণ, কখন চিকিৎসা সহায়তা চাইতে হবে"
"গর্ভবতী ব্যক্তিরা তাদের খাদ্য বাড়াতে প্রোটিন সমৃদ্ধ, উচ্চ ফাইবার এবং সাশ্রয়ী মূল্যের খাবারের বিকল্প খুঁজছেন।","লেগুম, বাদাম এবং বীজ হল সুস্বাদু, পুষ্টিকর এবং বহুমুখী উদ্ভিদ-ভিত্তিক প্রোটিন উত্স যা আপনার খাবারে বৈচিত্র্য যোগ করতে পারে। ফাইবার সমৃদ্ধ, এই খাবারগুলি গর্ভাবস্থায় হজম এবং সামগ্রিক স্বাস্থ্যকে সমর্থন করে। মসুর ডাল, ছোলা এবং মটরশুটি সাশ্রয়ী মূল্যের এবং স্যুপ, সালাদ এবং স্ট্যুতে অন্তর্ভুক্ত করা সহজ। বাদাম এবং বীজগুলি চমৎকার স্ন্যাকস তৈরি করে বা যুক্ত টেক্সচার এবং পুষ্টির জন্য খাবারে যোগ করা যেতে পারে। আপনার ডায়েটে এই বিকল্পগুলি অন্তর্ভুক্ত করা আপনার এবং আপনার শিশুর জন্য প্রয়োজনীয় পুষ্টির সুষম গ্রহণ নিশ্চিত করে।","গর্ভাবস্থায় লেগুম, বাদাম এবং বীজ","গর্ভাবস্থায় উদ্ভিদ-ভিত্তিক প্রোটিন উত্স হিসাবে লেবু, বাদাম এবং বীজের পুষ্টির মূল্য এবং বহুমুখীতা।"
গর্ভাবস্থায় লিগামেন্ট ব্যথার কারণ কী? আপনি কখন লিগামেন্ট ব্যথা অনুভব করেন এবং এটি কি বিপজ্জনক?,"গর্ভাবস্থায় লিগামেন্টের ব্যথা তলপেটে লিগামেন্টগুলি প্রসারিত হওয়ার কারণে হয়। এটি সাধারণত ঘটে যখন আপনি নড়াচড়া করেন, শারীরিকভাবে নিজেকে পরিশ্রম করেন, দীর্ঘ সময় ধরে হাঁটেন বা রাতে ঘুরে যান। এই ব্যথা দ্বিতীয় গর্ভধারণের সময় বেশি দেখা যায় এবং এটি আপনার বা আপনার শিশুর জন্য বিপজ্জনক নয়। এটি গর্ভাবস্থার একটি স্বাভাবিক অংশ কারণ আপনার শরীর ক্রমবর্ধমান শিশুর সাথে খাপ খায়।",লিগামেন্ট ব্যথা,গর্ভাবস্থায় লিগামেন্ট ব্যথার লক্ষণ
"জামাকাপড় প্রয়োগ করুন, প্রতিরক্ষামূলক পোশাক পরুন।","পোকামাকড় প্রতিরোধকগুলির সংস্পর্শ কমাতে, সরাসরি আপনার ত্বকের পরিবর্তে আপনার কাপড়ে প্রয়োগ করার কথা বিবেচনা করুন। উপরন্তু, লম্বা প্যান্ট এবং হালকা রঙের পোশাক পরা পোকামাকড়ের কামড় থেকে রক্ষা করতে সাহায্য করতে পারে।",পোকামাকড় প্রতিরোধক এক্সপোজার সীমিত,গর্ভাবস্থায় পোকামাকড়ের সংস্পর্শ কমানোর বিকল্প পদ্ধতি।
"কিভাবে খাদ্য লিস্টিরিওসিস ব্যাকটেরিয়া দ্বারা দূষিত হতে পারে? কোন খাবারগুলি লিস্টিরিওসিস সংক্রমণের সম্ভাবনা বেশি, এবং কীভাবে সেগুলি প্রতিরোধ করা যায়?","লিস্টেরিওসিস ব্যাকটেরিয়া, লিস্টেরিয়া মনোসাইটোজেনস, পরিবেশে পাওয়া যায় এবং ঠান্ডা তাপমাত্রায়, যেমন গৃহস্থালীর রেফ্রিজারেটর বা মুদি দোকানের হিমায়ন বিভাগে উন্নতি করতে সক্ষম। এটি কাঁচা এবং রান্না করা উভয় খাবারকে দূষিত করতে পারে, বিশেষ করে কাঁচা খাবার থেকে ক্রস-দূষণের মাধ্যমে। লিস্টিরিওসিস ব্যাকটেরিয়া দ্বারা সংক্রামিত খাবারগুলি স্বাভাবিক দেখায়, নষ্ট হওয়ার কোনও দৃশ্যমান লক্ষণ নেই। লিস্টিরিওসিস প্রতিরোধ করতে, ব্যাকটেরিয়া ধ্বংস করার জন্য নিরাপদ অভ্যন্তরীণ তাপমাত্রায় খাবার রান্না বা পুনরায় গরম করতে হবে। লিস্টিরিওসিস বহন করার সম্ভাবনা সবচেয়ে বেশি খাবার হল কম অ্যাসিড, উচ্চ জলযুক্ত খাবার যেগুলি ব্যাকটেরিয়া মেরে ফেলার জন্য সঠিকভাবে রান্না করা বা শিল্প প্রক্রিয়াজাত করা হয়নি। অতিরিক্তভাবে, রেডি-টু-ইট খাবারগুলি ভুলভাবে বা ফ্রিজে দীর্ঘ সময়ের জন্য সংরক্ষণ করা হয়, বা সেগুলি খাওয়ার আগে রান্না করা হয় না, উচ্চ ঝুঁকি বহন করতে পারে।","লিস্টেরিওসিস, খাদ্য, দূষণ, প্রতিরোধ","লিস্টেরিয়া মনোসাইটোজিন, দূষণের উৎস, খাদ্য নিরাপত্তা, ঝুঁকিপূর্ণ খাবার"
লিস্টিরিওসিস কি এবং এর কারণ কি? লিস্টিরিওসিস কিভাবে গর্ভবতী মহিলাদের প্রভাবিত করে? গর্ভাবস্থায় লিস্টিরিওসিসের লক্ষণ এবং জটিলতাগুলি কী কী?,"লিস্টেরিওসিস একটি বিরল রোগ যা লিস্টেরিয়া মনোসাইটোজিন ব্যাকটেরিয়া দ্বারা সৃষ্ট। স্বাস্থ্যকর প্রাপ্তবয়স্কদের জন্য সাধারণত ক্ষতিকারক না হলেও, গর্ভবতী মহিলারা উচ্চ ঝুঁকির সম্মুখীন হন এবং এটি গুরুতর জটিলতার কারণ হতে পারে। গর্ভবতী মহিলাদের লিস্টিরিওসিসের লক্ষণগুলি প্রায়শই জ্বর, ঠান্ডা লাগা, ক্লান্তি, মাথাব্যথা এবং পেশী বা জয়েন্টে ব্যথা সহ ফ্লু-এর মতো লক্ষণগুলির সাথে সাদৃশ্যপূর্ণ। বিরল ক্ষেত্রে, এটি বমি, বমি বমি ভাব, ক্র্যাম্প, ডায়রিয়া এবং কোষ্ঠকাঠিন্যের মতো হজম সংক্রান্ত সমস্যাও সৃষ্টি করতে পারে। ব্যাকটেরিয়া প্লাসেন্টার মধ্য দিয়ে যেতে পারে, যার ফলে গর্ভপাত, অকাল প্রসব, মৃতপ্রসব, বা রক্তে বিষক্রিয়া এবং মেনিনজাইটিস সহ শিশুর গুরুতর সংক্রমণের মতো গুরুতর ফলাফল হতে পারে।","লিস্টেরিওসিস, গর্ভাবস্থা, ঝুঁকি, লক্ষণ","লিস্টেরিয়া মনোসাইটোজেনস, গর্ভাবস্থার উপর প্রভাব, জটিলতা, লক্ষণ"
"কিছু মহিলা পরিবর্তনগুলিকে আলিঙ্গন করে, সেগুলিকে শিশুর বিকাশের লক্ষণ হিসাবে দেখে, অন্যরা তাদের নতুন শরীরের চিত্র গ্রহণের জন্য লড়াই করতে পারে, বিশেষত গর্ভাবস্থার অস্বস্তি এবং লক্ষণগুলির কারণে।","এই পরিবর্তনগুলির সাথে সামঞ্জস্য করার জন্য নিজেকে সময় দেওয়া গুরুত্বপূর্ণ, কারণ এগুলি আপনার শরীরের প্রতিপালন এবং নতুন জীবন আনার অবিশ্বাস্য ক্ষমতার প্রমাণ। আপনি যদি অস্বস্তি বা অসন্তোষ বোধ করেন তবে আপনার বিশ্বাসযোগ্য কারো সাথে কথা বলা সহায়ক।",পরিবর্তনের সাথে বসবাস,"গর্ভাবস্থা বিভিন্ন শারীরিক পরিবর্তন আনতে পারে, এবং প্রতিটি মহিলা এই পরিবর্তনগুলি ভিন্নভাবে অনুভব করে। এই রূপান্তরগুলি একজন মহিলার স্ব-ইমেজ এবং তার শরীরের সাথে আরামকে প্রভাবিত করতে পারে।"
লোচিয়া কী এবং প্রসবের পরে রক্তের ক্ষতি কীভাবে পরিবর্তিত হয়? কখন আপনার একজন স্বাস্থ্যসেবা প্রদানকারীর সাথে পরামর্শ করা উচিত? স্রাব পরিচালনার জন্য আপনি কি ব্যবহার করা উচিত?,"লোচিয়া বলতে প্রসবের পরে রক্তের ক্ষয়কে বোঝায়, যা প্রথম কয়েক দিনের মধ্যে ঋতুস্রাবের চেয়ে ভারী হতে পারে এবং তারপর ধীরে ধীরে হ্রাস পায়। যদি রক্তপাত কমার পরিবর্তে বেড়ে যায়, তাহলে আপনার স্বাস্থ্যসেবা প্রদানকারীর সাথে পরামর্শ করা গুরুত্বপূর্ণ। রক্ত জমাট বেঁধে যাওয়া সাধারণ, বিশেষ করে সকালে বা বুকের দুধ খাওয়ানোর পরে, এবং যতক্ষণ না রক্তপাত কমে যায় ততক্ষণ উদ্বেগের কারণ নেই। সময়ের সাথে সাথে স্রাবের রঙ গোলাপী থেকে বাদামী এবং শেষ পর্যন্ত হলুদে পরিবর্তিত হয়। লোচিয়া সাধারণত তিন থেকে ছয় সপ্তাহ স্থায়ী হয় এবং এই সময়ের মধ্যে, ট্যাম্পন বা মাসিক কাপের পরিবর্তে স্যানিটারি প্যাড ব্যবহার করার পরামর্শ দেওয়া হয়।",লোচিয়া এবং প্রসবোত্তর রক্তপাত,"প্রসবের পর রক্তক্ষরণ, জমাট বাঁধা, স্রাবের রঙ ও গঠন পরিবর্তন, স্যানিটারি প্যাড ব্যবহার"
গর্ভাবস্থায় অ্যামনিওটিক তরল হারানোর তাৎপর্য কী এবং এটি ঘটলে আপনার কী করা উচিত? আপনি কীভাবে বলতে পারেন যে এটি অ্যামনিওটিক তরল কিনা এবং 37 সপ্তাহের আগে বা পরে আপনার জল ভেঙে গেলে এর অর্থ কী?,"অ্যামনিওটিক তরল হ্রাস শ্রম শুরু নির্দেশ করতে পারে। যদি আপনি সন্দেহ করেন যে আপনি অ্যামনিওটিক তরল হারাচ্ছেন, বা আপনি যদি অনিশ্চিত হন, তাহলে আপনার মিডওয়াইফ, জন্মদান সুবিধার সাথে যোগাযোগ করুন বা হাসপাতালে যান। যদি আপনার জল 37 সপ্তাহের আগে ভেঙ্গে যায়, তবে এটি শিশুর জন্য ঝুঁকি তৈরি করে এবং অবিলম্বে মনোযোগ দেওয়া প্রয়োজন। যদি আপনার জল 37 সপ্তাহে বা তার পরে ভেঙে যায়, তাহলে সঠিক যত্ন নিশ্চিত করার জন্য আপনাকে হাসপাতাল বা জন্মদান কেন্দ্রে যেতে হবে।",অ্যামনিওটিক তরল ক্ষতি,অ্যামনিওটিক তরল স্রাব এবং এর তাত্পর্য
গর্ভাবস্থায় অ্যামনিওটিক তরল হারানোর তাৎপর্য কী এবং এটি ঘটলে আপনার কী করা উচিত? এটি অ্যামনিওটিক তরল কিনা আপনি কীভাবে বলতে পারেন এবং 37 সপ্তাহের আগে বা পরে আপনার জল ভেঙে গেলে এর অর্থ কী?,"অ্যামনিওটিক তরল হ্রাস শ্রম শুরু নির্দেশ করতে পারে। যদি আপনি সন্দেহ করেন যে আপনি অ্যামনিওটিক তরল হারাচ্ছেন, বা আপনি যদি অনিশ্চিত হন, তাহলে আপনার মিডওয়াইফ, জন্মদান সুবিধার সাথে যোগাযোগ করুন বা হাসপাতালে যান। যদি আপনার জল 37 সপ্তাহের আগে ভেঙ্গে যায়, তবে এটি শিশুর জন্য ঝুঁকি তৈরি করে এবং অবিলম্বে মনোযোগ দেওয়া প্রয়োজন। যদি আপনার জল 37 সপ্তাহে বা তার পরে ভেঙে যায়, তাহলে সঠিক যত্ন নিশ্চিত করার জন্য আপনাকে হাসপাতাল বা জন্মদান কেন্দ্রে যেতে হবে।",অ্যামনিওটিক তরল ক্ষতি,অ্যামনিওটিক তরল স্রাব এবং এর তাত্পর্য
গর্ভাবস্থায় চেতনা হারানো কি স্বাভাবিক? আপনি যদি অন্যান্য উপসর্গের সাথে অজ্ঞান হয়ে যান তবে আপনার কী করা উচিত? অজ্ঞান হওয়ার জন্য কখন আপনার চিকিৎসা সহায়তা নেওয়া উচিত?,"যদিও গর্ভাবস্থায় অজ্ঞান হওয়া স্বাভাবিক হতে পারে, আপনি মাথা ঘোরা বা অজ্ঞান হয়ে গেলে একজন স্বাস্থ্য পেশাদারের সাথে পরামর্শ করা গুরুত্বপূর্ণ। রক্তপাত, একপাশে প্রচণ্ড পেটে ব্যথা, বুকে ব্যথা, কাঁধে ব্যথা বা ধড়ফড়ের মতো উপসর্গের সাথে অজ্ঞান হয়ে গেলে আপনার সরাসরি জরুরি কক্ষে যাওয়া উচিত। উপরন্তু, যদি আপনার মাথায় বা পেটে আঘাত লেগে থাকে, তাহলে মূল্যায়নের জন্য একজন স্বাস্থ্য পেশাদারের সাথে দেখা করা অত্যন্ত গুরুত্বপূর্ণ।",গর্ভাবস্থায় চেতনা হ্রাস (মূর্ছা),"কারণ, লক্ষণ এবং কখন সাহায্য চাইতে হবে"
কীভাবে বাবা-মায়েরা একটি নবজাতক সন্তানের হার মানতে পারে?,"একটি নবজাতকের হারানো একটি অবিশ্বাস্যভাবে বেদনাদায়ক অভিজ্ঞতা, এবং পিতামাতারা যে গভীর মানসিক এবং শারীরিক চ্যালেঞ্জগুলির মুখোমুখি হতে পারেন তা স্বীকার করা গুরুত্বপূর্ণ৷ যদিও এটি একটি শিশুর জন্মের আগে বা জীবনের প্রথম কয়েক দিনে মারা যাওয়া বিরল, কারণগুলি সাধারণত চরম অকাল বা জন্মগত ত্রুটির সাথে সম্পর্কিত। মৃত প্রসবের ক্ষেত্রে, চিকিৎসা পেশাদাররা প্রায়ই একটি প্রাকৃতিক বা প্ররোচিত যোনি প্রসবের পরামর্শ দেন। এটি মায়ের জন্য বিশেষত কঠিন হতে পারে, কারণ তার শরীর দুধ উৎপাদন শুরু করতে পারে বা প্রসবের পরে রক্তপাত হতে পারে, যা ক্ষতির বেদনাদায়ক অনুস্মারক হিসাবে কাজ করতে পারে। অভিভাবকদের উচিত নিজেদের শোক করার জন্য সময় দেওয়া এবং এই গভীর ক্ষতি প্রক্রিয়া করার জন্য পরামর্শদাতা, সহায়তা গোষ্ঠী বা প্রিয়জনদের কাছ থেকে সমর্থন চাওয়া উচিত।","নবজাতকের ক্ষতি, শোক, ক্ষতি মোকাবেলা","একটি নবজাতকের ক্ষতির সাথে মোকাবিলা করা, বিশেষ করে অকাল জন্ম বা জন্মগত ত্রুটির ক্ষেত্রে।"
ক্রমাগত দু: খিত বা কম বোধ করার কারণ কি?,"কিছু মহিলা গর্ভাবস্থায় বা পরে বিষণ্নতা অনুভব করেন। যখন এই উপসর্গগুলির মধ্যে অনেকগুলি একসাথে ঘটে এবং এক সময়ে এক বা দুই সপ্তাহের বেশি সময় ধরে থাকে, তখন সম্ভবত এটি বিষণ্নতা। এটা গুরুত্বপূর্ণ যে মা একজন স্বাস্থ্যসেবা প্রদানকারীর কাছে যান।",লো বা স্যাড মুড,নিম্ন বা বিষণ্ণ মেজাজের কারণ
কি আমার নিম্ন বা দু: খিত মেজাজ হতে পারে?,"কিছু মহিলা গর্ভাবস্থায় বা পরে বিষণ্নতা অনুভব করেন। যখন এই উপসর্গগুলির মধ্যে অনেকগুলি একসাথে ঘটে এবং এক সময়ে এক বা দুই সপ্তাহের বেশি সময় ধরে থাকে, তখন সম্ভবত এটি বিষণ্নতা। এটা গুরুত্বপূর্ণ যে মা একজন স্বাস্থ্যসেবা প্রদানকারীর কাছে যান।",লো বা স্যাড মুড,নিম্ন বা বিষণ্ণ মেজাজের কারণ
কেন আমি বিষণ্ণ বা হতাশ বোধ করছি?,"কিছু মহিলা গর্ভাবস্থায় বা পরে বিষণ্নতা অনুভব করেন। যখন এই উপসর্গগুলির মধ্যে অনেকগুলি একসাথে ঘটে এবং এক সময়ে এক বা দুই সপ্তাহের বেশি সময় ধরে থাকে, তখন সম্ভবত এটি বিষণ্নতা। এটা গুরুত্বপূর্ণ যে মা একজন স্বাস্থ্যসেবা প্রদানকারীর কাছে যান।",লো বা স্যাড মুড,নিম্ন বা বিষণ্ণ মেজাজের কারণ
কেন আমি একটি নিম্ন বা বিষণ্ণ মেজাজ আছে?,"কিছু মহিলা গর্ভাবস্থায় বা পরে বিষণ্নতা অনুভব করেন। যখন এই উপসর্গগুলির মধ্যে অনেকগুলি একসাথে ঘটে এবং এক সময়ে এক বা দুই সপ্তাহের বেশি সময় ধরে থাকে, তখন সম্ভবত এটি বিষণ্নতা। এটা গুরুত্বপূর্ণ যে মা একজন স্বাস্থ্যসেবা প্রদানকারীর কাছে যান।",লো বা স্যাড মুড,নিম্ন বা বিষণ্ণ মেজাজের কারণ
ম্যালেরিয়া কি গর্ভপাত ঘটাতে পারে?,"ম্যালেরিয়া, মশা দ্বারা সংক্রামিত একটি পরজীবী সংক্রমণ, সবচেয়ে বিধ্বংসী সংক্রামক রোগগুলির মধ্যে একটি, বার্ষিক 1 মিলিয়নেরও বেশি মানুষ মারা যায়। ম্যালেরিয়ায় আক্রান্ত গর্ভবতী মহিলারা সাধারণত গর্ভপাতের উচ্চ হার, অন্তঃসত্ত্বার মৃত্যু, অকাল প্রসব, কম ওজনের নবজাতক এবং নবজাতকের মৃত্যু সহ আরও গুরুতর লক্ষণ এবং ফলাফল অনুভব করে। তারা গুরুতর রক্তাল্পতা এবং মাতৃমৃত্যুর ঝুঁকিতেও রয়েছে।",ম্যালেরিয়া এবং গর্ভাবস্থা,গর্ভাবস্থার ফলাফলের উপর ম্যালেরিয়ার প্রভাব
ম্যালেরিয়া কি গর্ভাবস্থায় জটিলতা সৃষ্টি করতে পারে?,"ম্যালেরিয়া, মশা দ্বারা সংক্রামিত একটি পরজীবী সংক্রমণ, সবচেয়ে বিধ্বংসী সংক্রামক রোগগুলির মধ্যে একটি, বার্ষিক 1 মিলিয়নেরও বেশি মানুষ মারা যায়। ম্যালেরিয়ায় আক্রান্ত গর্ভবতী মহিলারা সাধারণত গর্ভপাতের উচ্চ হার, অন্তঃসত্ত্বার মৃত্যু, অকাল প্রসব, কম ওজনের নবজাতক এবং নবজাতকের মৃত্যু সহ আরও গুরুতর লক্ষণ এবং ফলাফল অনুভব করে। তারা গুরুতর রক্তাল্পতা এবং মাতৃমৃত্যুর ঝুঁকিতেও রয়েছে।",ম্যালেরিয়া এবং গর্ভাবস্থা,গর্ভাবস্থার ফলাফলের উপর ম্যালেরিয়ার প্রভাব
ম্যালেরিয়া কিভাবে গর্ভাবস্থাকে প্রভাবিত করে?,"ম্যালেরিয়া, মশা দ্বারা সংক্রামিত একটি পরজীবী সংক্রমণ, সবচেয়ে বিধ্বংসী সংক্রামক রোগগুলির মধ্যে একটি, বার্ষিক 1 মিলিয়নেরও বেশি মানুষ মারা যায়। ম্যালেরিয়ায় আক্রান্ত গর্ভবতী মহিলারা সাধারণত গর্ভপাতের উচ্চ হার, অন্তঃসত্ত্বার মৃত্যু, অকাল প্রসব, কম ওজনের নবজাতক এবং নবজাতকের মৃত্যু সহ আরও গুরুতর লক্ষণ এবং ফলাফল অনুভব করে। তারা গুরুতর রক্তাল্পতা এবং মাতৃমৃত্যুর ঝুঁকিতেও রয়েছে।",ম্যালেরিয়া এবং গর্ভাবস্থা,গর্ভাবস্থার ফলাফলের উপর ম্যালেরিয়ার প্রভাব
গর্ভাবস্থায় ম্যালেরিয়ার ঝুঁকি কি?,"ম্যালেরিয়া, মশা দ্বারা সংক্রামিত একটি পরজীবী সংক্রমণ, সবচেয়ে বিধ্বংসী সংক্রামক রোগগুলির মধ্যে একটি, বার্ষিক 1 মিলিয়নেরও বেশি মানুষ মারা যায়। ম্যালেরিয়ায় আক্রান্ত গর্ভবতী মহিলারা সাধারণত গর্ভপাতের উচ্চ হার, অন্তঃসত্ত্বার মৃত্যু, অকাল প্রসব, কম ওজনের নবজাতক এবং নবজাতকের মৃত্যু সহ আরও গুরুতর লক্ষণ এবং ফলাফল অনুভব করে। তারা গুরুতর রক্তাল্পতা এবং মাতৃমৃত্যুর ঝুঁকিতেও রয়েছে।",ম্যালেরিয়া এবং গর্ভাবস্থা,গর্ভাবস্থার ফলাফলের উপর ম্যালেরিয়ার প্রভাব
গর্ভাবস্থায় আমি কীভাবে স্ট্রেস পরিচালনা করতে পারি?,"গর্ভাবস্থায় স্ট্রেস নিয়ন্ত্রণের মধ্যে বিশ্রামের জন্য গভীর শ্বাস নেওয়া, নিয়মিত বিশ্রাম নেওয়া বা কাজের মধ্যে বিরতি নেওয়া, ব্যায়াম করা এবং সুষম খাদ্য বজায় রাখা অন্তর্ভুক্ত।",গর্ভাবস্থায় স্ট্রেস পরিচালনা,গর্ভাবস্থায় চাপ মোকাবেলা করার কৌশল
গর্ভাবস্থায় মানসিক চাপ কীভাবে মোকাবেলা করবেন?,"গর্ভাবস্থায় স্ট্রেস নিয়ন্ত্রণের মধ্যে বিশ্রামের জন্য গভীর শ্বাস নেওয়া, নিয়মিত বিশ্রাম নেওয়া বা কাজের মধ্যে বিরতি নেওয়া, ব্যায়াম করা এবং সুষম খাদ্য বজায় রাখা অন্তর্ভুক্ত।",গর্ভাবস্থায় স্ট্রেস পরিচালনা,গর্ভাবস্থায় চাপ মোকাবেলা করার কৌশল
গর্ভাবস্থায় চাপ কমানোর টিপস?,"গর্ভাবস্থায় স্ট্রেস নিয়ন্ত্রণের মধ্যে বিশ্রামের জন্য গভীর শ্বাস নেওয়া, নিয়মিত বিশ্রাম নেওয়া বা কাজের মধ্যে বিরতি নেওয়া, ব্যায়াম করা এবং সুষম খাদ্য বজায় রাখা অন্তর্ভুক্ত।",গর্ভাবস্থায় স্ট্রেস পরিচালনা,গর্ভাবস্থায় চাপ মোকাবেলা করার কৌশল
গর্ভাবস্থায় চাপ মোকাবেলা করার কিছু উপায় কী কী?,"গর্ভাবস্থায় স্ট্রেস নিয়ন্ত্রণের মধ্যে বিশ্রামের জন্য গভীর শ্বাস নেওয়া, নিয়মিত বিশ্রাম নেওয়া বা কাজের মধ্যে বিরতি নেওয়া, ব্যায়াম করা এবং সুষম খাদ্য বজায় রাখা অন্তর্ভুক্ত।",গর্ভাবস্থায় স্ট্রেস পরিচালনা,গর্ভাবস্থায় চাপ মোকাবেলা করার কৌশল
প্রসবের ব্যথা কমানোর জন্য কীভাবে ম্যাসেজ ব্যবহার করা যেতে পারে এবং কোন পদ্ধতিগুলি কার্যকর হতে পারে?,"ম্যাসেজ উদ্বেগ হ্রাস করে এবং মহিলাদের সংকোচনের সাথে মোকাবিলা করতে সাহায্য করে প্রসবের ব্যথা কমাতে পারে। মৃদু ম্যাসাজ আরাম দেয়, যখন বেদনাদায়ক এলাকায় জোরালো ম্যাসেজ বা আকুপ্রেসার সংকোচনের সময় উপশম দিতে পারে, অভিজ্ঞতাকে আরও পরিচালনাযোগ্য করে তোলে।",ব্যথা উপশম জন্য ম্যাসেজ,প্রসবের সময় ম্যাসেজ কৌশল
ম্যাস্টাইটিস কি,স্তনের প্রদাহ। সংক্রমণও হতে পারে।,মাস্টাইটিস,মাস্টাইটিসের সংজ্ঞা
গর্ভবতী মহিলাদের জন্য হাম কী ধরনের ঝুঁকি তৈরি করে?,"হাম একটি অত্যন্ত সংক্রামক রোগ, এবং গর্ভবতী মহিলারা যারা এটি সংক্রামিত হয় তারা আরও গুরুতর অসুস্থতার সম্মুখীন হতে পারে। তাদের গর্ভপাত বা অকাল জন্মের ঝুঁকিও বেশি। যদি আপনার সন্দেহ হয় যে আপনি গর্ভাবস্থায় হামের সংস্পর্শে এসেছেন, তাহলে অবিলম্বে ডাক্তারের পরামর্শ নেওয়া অপরিহার্য।","হাম, গর্ভাবস্থা, সংক্রমণ, ঝুঁকি, গর্ভপাত",গর্ভাবস্থায় হাম
গর্ভবতী ব্যক্তিরা প্রোটিন-সমৃদ্ধ খাদ্যের উৎস এবং লোহা শিশু এবং প্ল্যাসেন্টার বৃদ্ধিকে সমর্থন করে।,"মাংস, খেলা এবং হাঁস-মুরগি প্রোটিন এবং আয়রনের চমৎকার উৎস, উভয়ই আপনার শিশুর বিকাশ এবং গর্ভাবস্থায় রক্ত ​​গঠনের জন্য অপরিহার্য। যাইহোক, লিভার খাওয়ার সময় সতর্কতা অবলম্বন করা হয়, কারণ এতে অত্যধিক ভিটামিন এ রয়েছে, যা গর্ভাবস্থায় সুপারিশ করা হয় না। আপনি যদি বন্য খেলা সেবন করেন, তাহলে সীসার সংস্পর্শে এড়াতে সীসা-মুক্ত গোলাবারুদ সহ শিকার করা প্রাণীদের মাংস বেছে নিন, যা শিশুর বিকাশে বিরূপ প্রভাব ফেলতে পারে। এই বিবেচনাগুলি নিশ্চিত করে যে আপনি সম্ভাব্য ঝুঁকিগুলি হ্রাস করার সময় এই খাবারগুলির সুবিধাগুলি অর্জন করতে পারেন৷","গর্ভাবস্থায় মাংস, খেলা এবং মুরগি","প্রয়োজনীয় সতর্কতা তুলে ধরে গর্ভাবস্থায় প্রয়োজনীয় পুষ্টি সরবরাহে মাংস, খেলা এবং হাঁস-মুরগির গুরুত্ব।"
গর্ভাবস্থায় ওভার-দ্য-কাউন্টার ওষুধ ব্যবহার করা কি নিরাপদ?,সাধারণত গর্ভাবস্থায় ওভার-দ্য-কাউন্টার ওষুধগুলি এড়িয়ে চলার পরামর্শ দেওয়া হয় যদি না সেগুলি আপনার ডাক্তারের দ্বারা সুপারিশ করা হয়।,গর্ভাবস্থায় ওষুধের ব্যবহার,গর্ভাবস্থায় ওষুধ এবং ওষুধের ব্যবহার সম্পর্কিত সুপারিশ
গর্ভাবস্থায় ওষুধের সাথে আমার কি কোনো সতর্কতা অবলম্বন করা উচিত?,সাধারণত গর্ভাবস্থায় ওভার-দ্য-কাউন্টার ওষুধগুলি এড়িয়ে চলার পরামর্শ দেওয়া হয় যদি না সেগুলি আপনার ডাক্তারের দ্বারা সুপারিশ করা হয়।,গর্ভাবস্থায় ওষুধের ব্যবহার,গর্ভাবস্থায় ওষুধ এবং ওষুধের ব্যবহার সম্পর্কিত সুপারিশ
গর্ভাবস্থায় কোন ওষুধের সুপারিশ করা হয় না?,সাধারণত গর্ভাবস্থায় ওভার-দ্য-কাউন্টার ওষুধগুলি এড়িয়ে চলার পরামর্শ দেওয়া হয় যদি না সেগুলি আপনার ডাক্তারের দ্বারা সুপারিশ করা হয়।,গর্ভাবস্থায় ওষুধের ব্যবহার,গর্ভাবস্থায় ওষুধ এবং ওষুধের ব্যবহার সম্পর্কিত সুপারিশ
গর্ভাবস্থায় আমার কোন ওষুধগুলি এড়ানো উচিত?,সাধারণত গর্ভাবস্থায় ওভার-দ্য-কাউন্টার ওষুধগুলি এড়িয়ে চলার পরামর্শ দেওয়া হয় যদি না সেগুলি আপনার ডাক্তারের দ্বারা সুপারিশ করা হয়।,গর্ভাবস্থায় ওষুধের ব্যবহার,গর্ভাবস্থায় ওষুধ এবং ওষুধের ব্যবহার সম্পর্কিত সুপারিশ
"মেমব্রেন সুইপ কী এবং কেন একজন স্বাস্থ্যসেবা প্রদানকারী এটির পরামর্শ দিতে পারেন? কিভাবে পদ্ধতি সঞ্চালিত হয়, এবং আপনি পরে কি আশা করা উচিত?","একটি মেমব্রেন ঝাড়ু দেওয়া, বা ঝিল্লি খুলে ফেলা, এমন একটি পদ্ধতি যা গর্ভাবস্থার শেষের দিকে প্রস্তাবিত হতে পারে যাতে আপনি 41 সপ্তাহে পৌঁছলে জরায়ু সংকোচন শুরু করতে এবং কৃত্রিম আবেশ এড়াতে সাহায্য করতে পারেন। এটি জরায়ুর প্রসারণ এবং ধারাবাহিকতা মূল্যায়ন করার জন্য একটি যোনি পরীক্ষার সময় করা হয়। পদ্ধতিটি অস্বস্তিকর বা এমনকি বেদনাদায়ক হতে পারে এবং কিছু মহিলা 24 ঘন্টা পর্যন্ত দাগ অনুভব করতে পারে।",মেমব্রেন সুইপ,"স্ট্রিপিং মেমব্রেন, শ্রম প্ররোচিত করার পদ্ধতি, অস্বস্তি, দাগ"
"শ্রম প্ররোচিত করার জন্য ব্যবহৃত বিভিন্ন পদ্ধতি কি এবং তারা কিভাবে কাজ করে? কিভাবে সার্ভিক্স প্রস্তুত করা হয়, এবং সংকোচন শুরু করতে বা জল ভাঙতে কোন পদ্ধতি ব্যবহার করা যেতে পারে?","জরায়ুর পাকা হয়ে যাওয়া এবং এটি প্রথম ডেলিভারি কিনা তার উপর নির্ভর করে বিভিন্ন পদ্ধতির মাধ্যমে শ্রম প্ররোচিত করা যেতে পারে। সার্ভিক্স প্রস্তুত করার জন্য, হরমোন চিকিত্সা ব্যবহার করা যেতে পারে, হয় যোনিপথে বা মৌখিকভাবে, এটিকে নরম এবং পাতলা করতে। একটি ছোট বেলুন সহ একটি ক্যাথেটারও জরায়ুমুখে ঢোকানো যেতে পারে যাতে এটি খুলতে সহায়তা করে। শিরায়, মৌখিকভাবে বা যোনিপথে দেওয়া ওষুধের মাধ্যমে সংকোচন হতে পারে। কিছু ক্ষেত্রে, জল কৃত্রিমভাবে ফেটে যেতে পারে, যা একটি অপেক্ষাকৃত ব্যথাহীন পদ্ধতি যা শিশুর ক্ষতি করে না।",শ্রম প্ররোচিত করার পদ্ধতি,"জরায়ুর পাকা হওয়া, হরমোনের চিকিৎসা, বেলুনের সাথে ক্যাথেটার, ওষুধ, অ্যামনিওটিক ঝিল্লি ফেটে যাওয়া"
গর্ভাবস্থার প্রথম দিকে রক্তপাতের কারণগুলি কী এবং গর্ভপাতের প্রাথমিক গর্ভাবস্থার রক্তপাতের সাথে কীভাবে সম্পর্কিত?,"গর্ভাবস্থার প্রারম্ভিক রক্তপাত সাধারণ এবং জরায়ুতে ভ্রূণ ইমপ্লান্টেশনের মত পরিবর্তনের কারণে হতে পারে। যাইহোক, প্রায় অর্ধেক মহিলা যারা গর্ভাবস্থার প্রথম দিকে রক্তপাত অনুভব করেন তাদের গর্ভপাত হতে পারে। কিছু ক্ষেত্রে, কোনো লক্ষণ বা রক্তপাত ছাড়াই গর্ভপাত ঘটতে পারে। আপনি যদি গর্ভাবস্থায় রক্তপাত অনুভব করেন, তাহলে কারণ নির্ধারণ করতে এবং সঠিক যত্ন নিশ্চিত করতে চিকিৎসা মূল্যায়ন করা গুরুত্বপূর্ণ।",গর্ভপাত এবং শোক,গর্ভাবস্থার প্রথম দিকে রক্তপাত এবং গর্ভপাত
কিভাবে গর্ভপাত পরিচালনা করা যেতে পারে?,"গর্ভপাত হল গর্ভধারণের ক্ষতি যা গর্ভাবস্থার 20 সপ্তাহ পর্যন্ত ঘটে, যার বেশিরভাগই 12 সপ্তাহের আগে ঘটে। এটি প্রায়শই দাগ এবং তীব্র ক্র্যাম্পিং দ্বারা পূর্বে হয়। নিশ্চিতকরণে সাধারণত আল্ট্রাসাউন্ড এবং রক্ত ​​​​পরীক্ষা জড়িত থাকে এবং যদি প্রয়োজন হয়, জরায়ুর বিষয়বস্তু অপসারণের জন্য প্রসারণ এবং কিউরেটেজ নামক একটি পদ্ধতি করা যেতে পারে।",গর্ভপাত বা ভ্রূণের ক্ষতি,গর্ভাবস্থায় গর্ভপাত এবং ভ্রূণের ক্ষতি বোঝা
কিভাবে গর্ভপাত নির্ণয় করা হয়?,"গর্ভপাত হল গর্ভধারণের ক্ষতি যা গর্ভাবস্থার 20 সপ্তাহ পর্যন্ত ঘটে, যার বেশিরভাগই 12 সপ্তাহের আগে ঘটে। এটি প্রায়শই দাগ এবং তীব্র ক্র্যাম্পিং দ্বারা পূর্বে হয়। নিশ্চিতকরণে সাধারণত আল্ট্রাসাউন্ড এবং রক্ত ​​​​পরীক্ষা জড়িত থাকে এবং যদি প্রয়োজন হয়, জরায়ুর বিষয়বস্তু অপসারণের জন্য প্রসারণ এবং কিউরেটেজ নামক একটি পদ্ধতি করা যেতে পারে।",গর্ভপাত বা ভ্রূণের ক্ষতি,গর্ভাবস্থায় গর্ভপাত এবং ভ্রূণের ক্ষতি বোঝা
গর্ভাবস্থায় ভ্রূণের ক্ষতির কারণ কী?,"গর্ভপাত হল গর্ভধারণের ক্ষতি যা গর্ভাবস্থার 20 সপ্তাহ পর্যন্ত ঘটে, যার বেশিরভাগই 12 সপ্তাহের আগে ঘটে। এটি প্রায়শই দাগ এবং তীব্র ক্র্যাম্পিং দ্বারা পূর্বে হয়। নিশ্চিতকরণে সাধারণত আল্ট্রাসাউন্ড এবং রক্ত ​​​​পরীক্ষা জড়িত থাকে এবং যদি প্রয়োজন হয়, জরায়ুর বিষয়বস্তু অপসারণের জন্য প্রসারণ এবং কিউরেটেজ নামক একটি পদ্ধতি করা যেতে পারে।",গর্ভপাত বা ভ্রূণের ক্ষতি,গর্ভাবস্থায় গর্ভপাত এবং ভ্রূণের ক্ষতি বোঝা
একটি গর্ভপাত কি?,"গর্ভপাত হল গর্ভধারণের ক্ষতি যা গর্ভাবস্থার 20 সপ্তাহ পর্যন্ত ঘটে, যার বেশিরভাগই 12 সপ্তাহের আগে ঘটে। এটি প্রায়শই দাগ এবং তীব্র ক্র্যাম্পিং দ্বারা পূর্বে হয়। নিশ্চিতকরণে সাধারণত আল্ট্রাসাউন্ড এবং রক্ত ​​​​পরীক্ষা জড়িত থাকে এবং যদি প্রয়োজন হয়, জরায়ুর বিষয়বস্তু অপসারণের জন্য প্রসারণ এবং কিউরেটেজ নামক একটি পদ্ধতি করা যেতে পারে।",গর্ভপাত বা ভ্রূণের ক্ষতি,গর্ভাবস্থায় গর্ভপাত এবং ভ্রূণের ক্ষতি বোঝা
বয়সের সাথে গর্ভপাতের ঝুঁকি কীভাবে পরিবর্তিত হয়? 35 বছরের বেশি এবং 40 বছরের বেশি মহিলাদের জন্য গর্ভপাতের ঝুঁকি কী?,"বয়স বাড়ার সাথে সাথে গর্ভপাতের ঝুঁকি বাড়ে। 35 বছর বা তার বেশি বয়সী মহিলাদের জন্য, চারটি গর্ভধারণের মধ্যে একটি গর্ভপাতের মাধ্যমে শেষ হয়। 40 বছর বা তার বেশি বয়সী মহিলাদের ক্ষেত্রে ঝুঁকি আরও বেশি হয়ে যায়, যেখানে প্রায় দুটি গর্ভধারণের মধ্যে একটি গর্ভপাতের মাধ্যমে শেষ হয়।",বয়সের সাথে গর্ভপাতের ঝুঁকি,"গর্ভপাতের ঝুঁকি বয়সের সাথে বৃদ্ধি পায়, বিশেষ করে 35 বছর বা তার বেশি বয়সী মহিলাদের জন্য।"
"আমি আমার গর্ভনিরোধক পিল খেতে ভুলে গেছি, আমার কি করা উচিত?",আপনার মনে পড়ার সাথে সাথে পিলটি নিন এবং তারপরে আপনাকে নির্দেশিত হিসাবে বাকিটি চালিয়ে যান।,মিসড গর্ভনিরোধক পিল,গর্ভনিরোধক পিল মিস হলে কী করবেন সে বিষয়ে পরামর্শ
"আমার জন্মনিয়ন্ত্রণ পিল খাওয়া মিস, পরবর্তী পদক্ষেপ কি?",আপনার মনে পড়ার সাথে সাথে পিলটি নিন এবং তারপরে আপনাকে নির্দেশিত হিসাবে বাকিটি চালিয়ে যান।,মিসড গর্ভনিরোধক পিল,গর্ভনিরোধক পিল মিস হলে কী করবেন সে বিষয়ে পরামর্শ
আমি যদি আমার গর্ভনিরোধক পিল খেতে ভুলে যাই তাহলে আমি কি করব?,আপনার মনে পড়ার সাথে সাথে পিলটি নিন এবং তারপরে আপনাকে নির্দেশিত হিসাবে বাকিটি চালিয়ে যান।,মিসড গর্ভনিরোধক পিল,গর্ভনিরোধক পিল মিস হলে কী করবেন সে বিষয়ে পরামর্শ
আমি আমার জন্মনিয়ন্ত্রণ পিল মিস করলে কি হবে?,আপনার মনে পড়ার সাথে সাথে পিলটি নিন এবং তারপরে আপনাকে নির্দেশিত হিসাবে বাকিটি চালিয়ে যান।,মিসড গর্ভনিরোধক পিল,গর্ভনিরোধক পিল মিস হলে কী করবেন সে বিষয়ে পরামর্শ
"আমি আমার সন্তানের টিকাদানের সময়সূচী মিস করেছি, এখন আমি কি করব?","যত তাড়াতাড়ি আপনি মনে রাখবেন, আপনার শিশুকে টিকা দেওয়ার জন্য নিয়ে যান।",মিসড ইমিউনাইজেশন অ্যাপয়েন্টমেন্ট,ইমিউনাইজেশন অ্যাপয়েন্টমেন্ট মিস হলে কী করতে হবে তার পরামর্শ
"আমার সন্তান তাদের ইমিউনাইজেশন অ্যাপয়েন্টমেন্ট মিস করেছে, আমার পরবর্তী কী করা উচিত?","যত তাড়াতাড়ি আপনি মনে রাখবেন, আপনার শিশুকে টিকা দেওয়ার জন্য নিয়ে যান।",মিসড ইমিউনাইজেশন অ্যাপয়েন্টমেন্ট,ইমিউনাইজেশন অ্যাপয়েন্টমেন্ট মিস হলে কী করতে হবে তার পরামর্শ
আমি যদি আমার সন্তানকে টিকা দেওয়ার জন্য নিতে ভুলে যাই তাহলে কি হবে?,"যত তাড়াতাড়ি আপনি মনে রাখবেন, আপনার শিশুকে টিকা দেওয়ার জন্য নিয়ে যান।",মিসড ইমিউনাইজেশন অ্যাপয়েন্টমেন্ট,ইমিউনাইজেশন অ্যাপয়েন্টমেন্ট মিস হলে কী করতে হবে তার পরামর্শ
আমি যদি আমার সন্তানের ইমিউনাইজেশন অ্যাপয়েন্টমেন্ট ভুলে যাই তাহলে আমার কী করা উচিত?,"যত তাড়াতাড়ি আপনি মনে রাখবেন, আপনার শিশুকে টিকা দেওয়ার জন্য নিয়ে যান।",মিসড ইমিউনাইজেশন অ্যাপয়েন্টমেন্ট,ইমিউনাইজেশন অ্যাপয়েন্টমেন্ট মিস হলে কী করতে হবে তার পরামর্শ
"একটি সি-সেকশনের পরে, কত তাড়াতাড়ি আমি ঘুরতে শুরু করতে পারি?",আপনি সাধারণত সি-সেকশনের 24 ঘন্টার মধ্যে ঘোরাঘুরি এবং হাঁটা শুরু করতে পারেন।,সি-সেকশনের পরে আন্দোলন,সি-সেকশন করার পরে কখন সরানো শুরু করা নিরাপদ সে সম্পর্কে পরামর্শ।
সি-সেকশনের কতক্ষণ পরে আমি হাঁটা শুরু করতে পারি?,আপনি সাধারণত সি-সেকশনের 24 ঘন্টার মধ্যে ঘোরাঘুরি এবং হাঁটা শুরু করতে পারেন।,সি-সেকশনের পরে আন্দোলন,সি-সেকশন করার পরে কখন সরানো শুরু করা নিরাপদ সে সম্পর্কে পরামর্শ।
আমি কখন সি-সেকশনের পরে সরানো শুরু করতে পারি?,আপনি সাধারণত সি-সেকশনের 24 ঘন্টার মধ্যে ঘোরাঘুরি এবং হাঁটা শুরু করতে পারেন।,সি-সেকশনের পরে আন্দোলন,সি-সেকশন করার পরে কখন সরানো শুরু করা নিরাপদ সে সম্পর্কে পরামর্শ।
একাধিক গর্ভাবস্থা কি? যমজ কি ধরনের এবং তারা কিভাবে পৃথক?,"একাধিক গর্ভাবস্থায় একাধিক শিশুর প্রত্যাশা করা জড়িত, যা অনেক পরিবারের জন্য একটি আশ্চর্যজনক এবং জীবন পরিবর্তনকারী অভিজ্ঞতা হতে পারে। প্রসবপূর্ব যত্ন, জন্ম পরিকল্পনা, এবং পারিবারিক জীবনের সামঞ্জস্য নতুন আগতদের মিটমাট করার জন্য প্রয়োজনীয়। দুই ধরনের যমজ আছে- অভিন্ন যমজ, যেগুলি একই ডিম্বাণু এবং শুক্রাণু থেকে আসে, একই জেনেটিক মেকআপ, লিঙ্গ এবং প্রায়শই একটি প্লাসেন্টা ভাগ করে; এবং ভ্রাতৃত্বপূর্ণ যমজ, যা পৃথক ডিম্বাণু এবং শুক্রাণু থেকে আসে, বিভিন্ন জেনেটিক মেকআপ, তাদের নিজস্ব প্ল্যাসেন্টা এবং সম্ভাব্য ভিন্ন লিঙ্গ রয়েছে।",একাধিক গর্ভধারণ,"যমজ, প্রসবপূর্ব যত্ন, অভিন্ন যমজ, ভ্রাতৃত্বকালীন যমজ, পরিবার পরিকল্পনা।"
একাধিক গর্ভধারণকারী মহিলারা কোন শারীরিক পরিবর্তনগুলি অনুভব করেন? একাধিক গর্ভধারণের ঝুঁকি এবং পুষ্টির চাহিদা কী? যোনি জন্ম কি সম্ভব? কি সমর্থন সংস্থান পাওয়া যায়?,"একাধিক গর্ভধারণের মহিলারা প্রায়শই দ্রুত এবং আরও তীব্র শারীরিক পরিবর্তনগুলি অনুভব করেন, যার ফলে ক্লান্তি এবং অস্বস্তি বৃদ্ধি পেতে পারে। যদি এই অস্বস্তিগুলি বিরক্তিকর হয়ে ওঠে, তাহলে একটি প্রসবপূর্ব যত্ন প্রদানকারীর সাথে আলোচনা করার পরামর্শ দেওয়া হয়। একাধিক গর্ভধারণ উচ্চতর পুষ্টির প্রয়োজনীয়তা এবং অকাল প্রসব সহ জটিলতার বর্ধিত ঝুঁকি নিয়ে আসে, যা অকাল জন্মের কারণ হতে পারে। অপরিণত শিশুদের আরও বিশেষ যত্ন প্রয়োজন। একাধিক শিশু বহন করা সত্ত্বেও, যোনিপথে জন্ম প্রায়ই সম্ভব। অতিরিক্ত সহায়তার জন্য, পিতামাতারা যমজ এবং তিন সন্তানের পিতামাতার জন্য সংস্থা এবং সংস্থানগুলির সাথে সংযোগ করতে পারেন, যেমন কুইবেকের মাম্যানস পিউভার্স।",একাধিক গর্ভাবস্থার জটিলতা,"গর্ভাবস্থার অস্বস্তি, প্রিটার্ম প্রসব, প্রসবপূর্ব যত্ন, পুষ্টির চাহিদা, বহুগুণের পিতামাতার জন্য সহায়তা।"
"মাদকের প্রশাসন, প্রভাব এবং পার্শ্বপ্রতিক্রিয়া","নারকোটিক্স হল ব্যথানাশক যা প্রসবের প্রাথমিক পর্যায়ে ব্যথা উপশম করার জন্য পেশী বা শিরায় ইনজেকশনের মাধ্যমে দেওয়া যেতে পারে। তারা ব্যথা কমায় কিন্তু সম্পূর্ণরূপে নির্মূল করে না। প্রসবের অগ্রগতি এবং ব্যথা বাড়ার সাথে সাথে উচ্চ মাত্রার প্রয়োজন হতে পারে। যাইহোক, মাদকদ্রব্যের পার্শ্বপ্রতিক্রিয়াযেমন তন্দ্রা, বমি বমি ভাব, এবং হৃদস্পন্দনের পরিবর্তনও মাত্রার সাথে তীব্র হয়। এই ওষুধগুলি শিশুর উপরও প্রভাব ফেলতে পারে, তাই এগুলি সাধারণত প্রসবের পরবর্তী পর্যায়ে ব্যবহার করা হয় না। জন্মের পর, শিশুকে কয়েক ঘন্টার জন্য পর্যবেক্ষণের প্রয়োজন হতে পারে যাতে তাদের সিস্টেম থেকে ওষুধগুলি পরিষ্কার করা হয়। এই অস্থায়ী প্রভাব সত্ত্বেও, মাদকদ্রব্য মা বা শিশুর জন্য দীর্ঘমেয়াদী কোনো পরিণতি নেই।",ব্যথা উপশম জন্য মাদকদ্রব্য,প্রসবের সময় ব্যথা উপশমের জন্য মাদকদ্রব্যের ব্যবহার
গর্ভাবস্থায় প্রাকৃতিক স্বাস্থ্য পণ্য নিরাপদ? তারা কি ঝুঁকি জাহির? খাদ্য হিসাবে বা অন্যান্য আকারে ব্যবহার করার সময় প্রাকৃতিক স্বাস্থ্য পণ্যগুলি কীভাবে আলাদা হয়? কি ধরনের প্রাকৃতিক স্বাস্থ্য পণ্য এড়ানো উচিত?,"গাছপালা, প্রয়োজনীয় তেল, পরিপূরক, ভিটামিন এবং খনিজ সহ প্রাকৃতিক স্বাস্থ্য পণ্যগুলি গর্ভাবস্থায় সতর্কতার সাথে ব্যবহার করা উচিত। এই পণ্যগুলির মধ্যে কিছু, বা তাদের উপাদানগুলি ঝুঁকির কারণ হতে পারে, কারণ গর্ভাবস্থায় তাদের প্রভাব সবসময় ভালভাবে বোঝা যায় না এবং তাদের উপাদানগুলি স্পষ্টভাবে তালিকাভুক্ত নাও হতে পারে। পার্সলে, তুলসী এবং রসুনের মতো সাধারণ রান্নার গাছগুলি সাধারণত নিরাপদ, ক্যাপসুল, ট্যাবলেট বা নির্যাসের মধ্যে ঘনীভূত হলে, তারা আরও শক্তিশালী এবং সম্ভাব্য ক্ষতিকারক হয়ে উঠতে পারে। কিছু চা এবং ভেষজ চা ঝুঁকিও উপস্থাপন করতে পারে, তাই গর্ভাবস্থায় প্রাকৃতিক স্বাস্থ্য পণ্য ব্যবহার করার আগে একজন স্বাস্থ্যসেবা পেশাদারের সাথে পরামর্শ করা গুরুত্বপূর্ণ।",গর্ভাবস্থায় প্রাকৃতিক স্বাস্থ্য পণ্য,"গর্ভাবস্থা, প্রাকৃতিক স্বাস্থ্য পণ্য, নিরাপত্তা উদ্বেগ"
গর্ভাবস্থায় কখন বমি বমি ভাব এবং বমি হয়? সাধারণ কারণ কি? এটা কিভাবে পরিচালনা করা যেতে পারে? আপনার কখন ডাক্তার দেখা উচিত?,"বমি বমি ভাব এবং বমি গর্ভাবস্থায় সাধারণ, সাধারণত 3 থেকে 8 সপ্তাহের মধ্যে প্রদর্শিত হয় এবং প্রায়শই 8 সপ্তাহের কাছাকাছি হয়। এগুলি হরমোনের পরিবর্তনের কারণে হয়, প্রায় 75% গর্ভবতী মহিলাদের বমি বমি ভাব এবং 50% বমি বমি ভাব সহ প্রভাবিত করে। এই লক্ষণগুলি পরিচালনা করতে, ঘুম থেকে ওঠার আগে ক্র্যাকার বা টোস্টের মতো হালকা নাস্তা খাওয়া, খাবার ছাড়া দীর্ঘ সময় এড়িয়ে চলা এবং ঘন ঘন ছোট খাবার খাওয়া সহায়ক। তীব্র গন্ধ এড়ানো, সহনীয় খাবার বেছে নেওয়া এবং খাবারের মধ্যে পান করাও উপকারী। যদি বমি বমি ভাব বা বমি দৈনন্দিন জীবনে হস্তক্ষেপ করে বা ওজন হ্রাসের দিকে পরিচালিত করে তবে একজন স্বাস্থ্য পেশাদারের সাথে পরামর্শ করুন। আপনি যদি ডিহাইড্রেশন লক্ষণগুলি অনুভব করেন, যেমন শুষ্ক মুখ, গাঢ় প্রস্রাব, বা গুরুতর বমি হলে অবিলম্বে চিকিত্সার পরামর্শ নিন।",গর্ভাবস্থায় বমি বমি ভাব এবং বমি হওয়া,"কারণ, ত্রাণ, কখন সাহায্য চাইতে হবে"
নবজাতক স্ক্রীনিং এর উদ্দেশ্য কি এবং কি ধরনের স্ক্রীনিং করা হয়? নবজাতকের জন্য রক্ত ​​এবং প্রস্রাব স্ক্রীনিং কিভাবে সঞ্চালিত হয়?,"নবজাতক স্ক্রীনিং এর লক্ষ্য হল বিরল রোগ সনাক্ত করা যা জন্মের সময় স্পষ্ট নয় কিন্তু গুরুতর স্বাস্থ্য ঝুঁকি তৈরি করতে পারে। প্রাথমিক সনাক্তকরণ লক্ষণগুলি উপস্থিত হওয়ার আগে চিকিত্সার জন্য অনুমতি দেয়, গুরুতর জটিলতা প্রতিরোধ করে। শিশুর গোড়ালি থেকে কয়েক ফোঁটা রক্ত ​​নিয়ে জন্মের কয়েক দিনের মধ্যে রক্ত ​​পরীক্ষা করা হয়। যখন শিশুর বয়স 21 দিন হয় তখন প্রস্রাব স্ক্রীনিং করা হয়, এবং বাবা-মাকে একটি কিট দেওয়া হয় এবং তাদের হাসপাতালে বা জন্মদান কেন্দ্রে থাকার সময় অল্প পরিমাণে প্রস্রাব সংগ্রহ করার নির্দেশনা দেওয়া হয়।","নবজাতকের স্ক্রীনিং, প্রাথমিক সনাক্তকরণ","রক্ত পরীক্ষা, প্রস্রাব পরীক্ষা, বিরল রোগ, স্বাস্থ্য ঝুঁকি"
আপনার হাসপাতালে থাকার সময় নার্স এবং ডাক্তাররা আপনার নবজাতককে কী যত্ন প্রদান করবেন? আপনার শিশুর জন্য কোন প্রতিরোধমূলক ব্যবস্থার পরামর্শ দেওয়া যেতে পারে?,"আপনার হাসপাতাল বা বার্থিং সেন্টারে থাকার সময়, নার্স, ডাক্তার বা মিডওয়াইফরা আপনার নবজাতকের সুস্থতা নিশ্চিত করার জন্য প্রয়োজনীয় যত্ন প্রদান করবে, যার মধ্যে রক্তপাত রোধে ভিটামিন কে শট দেওয়ার মতো প্রতিরোধমূলক ব্যবস্থা এবং গুরুতর সংক্রমণ প্রতিরোধে আপনার শিশুর চোখে অ্যান্টিবায়োটিক মলম প্রয়োগ করা। আপনার শিশুর যত্ন সম্পর্কে আপনার যদি কোনো উদ্বেগ বা প্রশ্ন থাকে, তাহলে স্বাস্থ্য পেশাদারদের সাথে কথা বলতে দ্বিধা করবেন না।",নবজাতকের যত্ন,"ভিটামিন কে শট, অ্যান্টিবায়োটিক মলম, প্রতিরোধমূলক যত্ন, স্বাস্থ্য পেশাদার"
"একটি নবজাতকের চোখের বৈশিষ্ট্যগুলি কী কী, তাদের রঙ এবং অশ্রু উৎপাদন সহ, এবং কখন তারা পরিবর্তন হয়?","হালকা ত্বকের নবজাতকদের সাধারণত নীল-ধূসর বা স্লেট নীল চোখ থাকে, যখন গাঢ় চামড়ার শিশুদের জন্মের সময় কালো চোখ থাকে। চোখ সাধারণত 3 মাসের মধ্যে তাদের স্থায়ী রঙে পৌঁছায়, যদিও তারা এক বছর পর্যন্ত পরিবর্তিত হতে পারে। নবজাতক সাধারণত অশ্রু তৈরি না করে কাঁদে, যা সাধারণত 1 থেকে 2 মাস বয়সের মধ্যে দেখা যায়।",নবজাতকের চোখ,"চোখের রঙ, অশ্রু উত্পাদন, পরিবর্তন"
"নবজাতকের চোখের বৈশিষ্ট্যগুলি কী কী, তাদের রঙ এবং অশ্রু উত্পাদন সহ, এবং কখন তারা পরিবর্তন হয়?","হালকা ত্বকের নবজাতকদের সাধারণত নীল-ধূসর বা স্লেট নীল চোখ থাকে, যখন গাঢ় চামড়ার শিশুদের জন্মের সময় কালো চোখ থাকে। চোখ সাধারণত 3 মাসের মধ্যে তাদের স্থায়ী রঙে পৌঁছায়, যদিও তারা এক বছর পর্যন্ত পরিবর্তিত হতে পারে। নবজাতক সাধারণত অশ্রু তৈরি না করে কাঁদে, যা সাধারণত 1 থেকে 2 মাস বয়সের মধ্যে দেখা যায়।",নবজাতকের চোখ,"চোখের রঙ, অশ্রু উত্পাদন, পরিবর্তন"
পিতামাতার তাদের নবজাতকের যৌনাঙ্গের বিকাশ এবং যত্ন সম্পর্কে কী জানা উচিত এবং তাদের সম্ভাব্য সমস্যাগুলি কীভাবে পরিচালনা করা উচিত?,"নবজাতক মেয়েদের ক্ষেত্রে, জন্মের পর প্রথম কয়েকদিন ল্যাবিয়া মাইনোরা ফুলে যেতে পারে, ভালভা ঠোঁটের মধ্যে একটি সাদা আমানত থাকে, যা পরিষ্কার করা উচিত নয় কারণ এটি সুরক্ষা হিসাবে কাজ করে। মায়ের হরমোনের কারণেও যোনি থেকে অল্প পরিমাণ রক্ত ​​আসতে পারে, যা স্বাভাবিক। ছেলেদের ক্ষেত্রে, অণ্ডকোষ সাধারণত অণ্ডকোষে নেমে আসে, তবে তা না হলে ডাক্তারের পরামর্শ নেওয়া উচিত। কপালের চামড়া জোরপূর্বক সরানো উচিত নয়, কারণ বেশিরভাগ ছেলেদের মধ্যে এটি স্বাভাবিকভাবেই প্রসারিত এবং 3 বছর বয়সের মধ্যে নিচে নেমে যায়। সাংস্কৃতিক বা ধর্মীয় কারণে খতনা করানো বাঞ্ছনীয় নয়, কারণ এটি কোনো চিকিৎসা উদ্দেশ্যে কাজ করে না।",নবজাতকের যৌনাঙ্গের যত্ন,"যৌনাঙ্গের বিকাশ, ল্যাবিয়া মাইনোরা, অণ্ডকোষ, অগ্রভাগ, খতনা"
হাসপাতালে বা জন্মদান কেন্দ্রে থাকার সময় আপনার নবজাতকের কোন শারীরিক পরীক্ষা করা হবে? এই পরীক্ষার উদ্দেশ্য কি?,"হাসপাতালে বা জন্মদান কেন্দ্রে আপনার থাকার সময়, একজন স্বাস্থ্য পেশাদার আপনার নবজাতক সুস্থ আছে কিনা তা নিশ্চিত করতে এবং কোনো সম্ভাব্য সমস্যা শনাক্ত করতে তার একটি পুঙ্খানুপুঙ্খ শারীরিক পরীক্ষা করবেন।",নবজাতকের শারীরিক পরীক্ষা,"স্বাস্থ্য পরীক্ষা, সম্ভাব্য সমস্যা, হাসপাতালে থাকা"
"একটি নবজাতকের ত্বকের বৈশিষ্ট্যগুলি কী কী, এর রঙ এবং সংবেদনশীলতা সহ, এবং জন্মের পরে কী পরিবর্তন ঘটে?","একটি নবজাতকের ত্বকের রঙ পরিবর্তিত হতে পারে, তাপমাত্রা নিয়ন্ত্রণের কারণে হাত ও পা প্রায়ই 48 ঘন্টা পর্যন্ত ফ্যাকাশে বা নীল দেখায়। ত্বকও ছিদ্রযুক্ত দেখা যেতে পারে, যা সাধারণত শিশুর উষ্ণ হওয়ার পরে সমাধান হয়ে যায়। ত্বক নরম, মসৃণ এবং কিছু জায়গায় স্বচ্ছ হতে পারে, কুঁচকে যাওয়া এবং খোসা ছাড়ানো, বিশেষ করে হাত ও পায়ে। জন্মের সময়, বাচ্চাদের ভার্নিক্স কেসোসায় আচ্ছাদিত করা যেতে পারে, একটি সাদা প্রতিরক্ষামূলক আবরণ যা কয়েক ঘন্টা বা দিনের মধ্যে শোষণ করে। প্রিটারম সহ কিছু শিশুরও সূক্ষ্ম নিচের মতো চুল থাকতে পারে যা কয়েক সপ্তাহ পরে অদৃশ্য হয়ে যায়।",নবজাতকের ত্বক,"ত্বকের রঙ, মটলিং, ভার্নিক্স কেসোসা এবং সংবেদনশীলতা"
"নবজাতকের ত্বকের বৈশিষ্ট্যগুলি কী কী, এর রঙ এবং সংবেদনশীলতা সহ, এবং জন্মের পরে কী পরিবর্তন ঘটে?","একটি নবজাতকের ত্বকের রঙ পরিবর্তিত হতে পারে, তাপমাত্রা নিয়ন্ত্রণের কারণে হাত ও পা প্রায়ই 48 ঘন্টা পর্যন্ত ফ্যাকাশে বা নীল দেখায়। ত্বকও ছিদ্রযুক্ত দেখা যেতে পারে, যা সাধারণত শিশুর উষ্ণ হওয়ার পরে সমাধান হয়ে যায়। ত্বক নরম, মসৃণ এবং কিছু জায়গায় স্বচ্ছ হতে পারে, কুঁচকে যাওয়া এবং খোসা ছাড়ানো, বিশেষ করে হাত ও পায়ে। জন্মের সময়, বাচ্চাদের ভার্নিক্স কেসোসায় আচ্ছাদিত করা যেতে পারে, একটি সাদা প্রতিরক্ষামূলক আবরণ যা কয়েক ঘন্টা বা দিনের মধ্যে শোষণ করে। প্রিটারম সহ কিছু শিশুরও সূক্ষ্ম নিচের মতো চুল থাকতে পারে যা কয়েক সপ্তাহ পরে অদৃশ্য হয়ে যায়।",নবজাতকের ত্বক,"ত্বকের রঙ, মটলিং, ভার্নিক্স কেসোসা এবং সংবেদনশীলতা"
নবজাতকদের মধ্যে কি ধরনের ত্বকের দাগ দেখা যায় এবং তাদের প্রতি পিতামাতার প্রতিক্রিয়া কেমন হওয়া উচিত?,"নবজাতকের চোখের মাঝখানে, চোখের পাতায় বা মাথার তালুর পিছনে ছোট ছোট লাল দাগ থাকতে পারে, যা হালকাভাবে চাপলে সাদা হয়ে যায় এবং শিশু কাঁদলে আরও দৃশ্যমান হয়। এই দাগগুলি সাধারণত প্রথম বছরের মধ্যে অদৃশ্য হয়ে যায়। অতিরিক্তভাবে, কিছু শিশুর নিতম্বে বা পিঠে নীলাভ দাগ থাকতে পারে, যা সাধারণত ৩ বছর বয়সে বিবর্ণ হয়ে যায়। অন্যান্য চিহ্ন স্থায়ী হতে পারে, কিন্তু এই অস্থায়ী দাগ নিয়ে উদ্বেগের কোনো প্রয়োজন নেই।",নবজাতকের ত্বকে দাগ,"লাল দাগ, নীলাভ চিহ্ন, অস্থায়ী বনাম স্থায়ী চিহ্ন"
দুঃস্বপ্ন এবং রাতের আতঙ্ক কীভাবে আলাদা? বাবা-মায়ের প্রত্যেকের প্রতি কেমন সাড়া দেওয়া উচিত? যখন এই সমস্যাগুলি সাধারণত সমাধান হয়?,"অনেক শিশু 1 বছর বয়সের আশেপাশে রাতের আতঙ্কের সম্মুখীন হতে শুরু করে, এই সময় তারা চিৎকার করতে পারে এবং কাঁদতে পারে কিন্তু গভীর ঘুমে থাকে। আঘাতের ঝুঁকি না থাকলে আপনাকে তাদের জাগানোর দরকার নেই। রাতের আতঙ্ক সাধারণত সময়ের সাথে সাথে নিজেরাই সমাধান করে। যদি একটি শিশু আতঙ্কের মধ্যে জেগে ওঠে, এটি সম্ভবত একটি দুঃস্বপ্ন, এবং আশ্বাস দেওয়া তাদের শান্ত হতে এবং ঘুমাতে সাহায্য করতে পারে। শিশু বড় হওয়ার সাথে সাথে দুঃস্বপ্ন এবং রাতের আতঙ্ক সাধারণত কমে যায় এবং বড় বাচ্চাদের সেগুলি পরিচালনা করতে সহায়তা করার জন্য সংস্থান উপলব্ধ রয়েছে।","দুঃস্বপ্ন, রাতের আতঙ্ক, আশ্বাস, শিশুর ঘুম","দুঃস্বপ্ন, রাতের আতঙ্ক এবং শিশুদের মধ্যে সেগুলি পরিচালনা করার উপায়।"
আমি কিভাবে আমার শিশুকে শান্ত করতে পারি যে রাতে কাঁদে?,মনে হচ্ছে আপনার শিশু হয়তো কোলিক ব্যথা অনুভব করছে। নির্ধারিত হিসাবে গ্রাইপ জল ব্যবহার বিবেচনা করুন।,রাতের বেলা কান্না,"রাতে অতিরিক্ত কান্নাকাটি করা একটি শিশুর সাথে আচরণ করা, সম্ভবত কোলিক ব্যথার কারণে।"
আমার বাচ্চা রাতে খুব কাঁদে। আমি কি করব?,মনে হচ্ছে আপনার শিশু হয়তো কোলিক ব্যথা অনুভব করছে। নির্ধারিত হিসাবে গ্রাইপ জল ব্যবহার বিবেচনা করুন।,রাতের বেলা কান্না,"রাতে অতিরিক্ত কান্নাকাটি করা একটি শিশুর সাথে আচরণ করা, সম্ভবত কোলিক ব্যথার কারণে।"
আমার বাচ্চা রাতে কাঁদতে থাকে। কোন পরামর্শ?,মনে হচ্ছে আপনার শিশু হয়তো কোলিক ব্যথা অনুভব করছে। নির্ধারিত হিসাবে গ্রাইপ জল ব্যবহার বিবেচনা করুন।,রাতের বেলা কান্না,"রাতে অতিরিক্ত কান্নাকাটি করা একটি শিশুর সাথে আচরণ করা, সম্ভবত কোলিক ব্যথার কারণে।"
আমার শিশু রাতে অতিরিক্ত কান্না করলে আমি কি করব?,মনে হচ্ছে আপনার শিশু হয়তো কোলিক ব্যথা অনুভব করছে। নির্ধারিত হিসাবে গ্রাইপ জল ব্যবহার বিবেচনা করুন।,রাতের বেলা কান্না,"রাতে অতিরিক্ত কান্নাকাটি করা একটি শিশুর সাথে আচরণ করা, সম্ভবত কোলিক ব্যথার কারণে।"
নাইট্রাস অক্সাইডের প্রশাসন এবং প্রভাব,"নাইট্রাস অক্সাইড, যা সাধারণত ""লাফিং গ্যাস"" নামে পরিচিত, প্রসবের সময় আংশিক ব্যথা উপশম করার জন্য একটি শ্বাস-প্রশ্বাসের মুখোশের মাধ্যমে পরিচালিত হয়। এটি সাধারণত ভালভাবে সহ্য করা হয় তবে কিছু ব্যক্তির মধ্যে বমি বমি ভাব এবং মাথা ঘোরার মতো পার্শ্ব প্রতিক্রিয়া সৃষ্টি করতে পারে।",ব্যথা উপশম জন্য নাইট্রাস অক্সাইড,"শ্রমের সময় নাইট্রাস অক্সাইড (""লাফিং গ্যাস"") ব্যবহার"
গর্ভাবস্থায় হাতে অসাড়তা এবং ব্যথার কারণ কী এবং এটি কীভাবে চিকিত্সা করা যায়? কখন আপনার ডাক্তারের সাথে পরামর্শ করা উচিত?,"গর্ভাবস্থায় হাতে অসাড়তা এবং ব্যথা, 2য় এবং 3য় ত্রৈমাসিকে সাধারণ, প্রায়ই তরল ধারণ (এডিমা) দ্বারা সৃষ্ট হয়, যা কব্জির মধ্যবর্তী স্নায়ুকে সংকুচিত করে। এই অবস্থা সাধারণত উভয় হাতকে প্রভাবিত করে, বেশিরভাগ রাতে ঘটে এবং প্রসবের পরে সমাধান হয়। এটি পরিচালনা করতে, ত্রাণের জন্য একটি অর্থোটিক ডিভাইস বা কব্জি রক্ষাকারী ব্যবহার করার চেষ্টা করুন। যদি সমস্যাটি অব্যাহত থাকে বা আপনি দুর্বলতা অনুভব করেন তবে একজন ডাক্তারের কাছ থেকে চিকিৎসার পরামর্শ নিন, বিশেষ করে যদি প্রসবের পরেও লক্ষণগুলি চলতে থাকে।",হাতে অসাড়তা এবং ব্যথা,"কারণ, ত্রাণ কৌশল, কখন চিকিৎসার পরামর্শ নিতে হবে"
"গর্ভবতী মহিলাদের শিশুর সঠিক বিকাশ নিশ্চিত করতে এবং তাদের নিজস্ব স্বাস্থ্য বজায় রাখার জন্য সুষম খাদ্যের দিকে মনোনিবেশ করতে উত্সাহিত করা হয়। বার্তাটি প্রায়ই নির্দেশিকা সহ আসে যেমন, ""গর্ভাবস্থায় আমার কী খাওয়া উচিত?"" অথবা ""আমি কিভাবে নিশ্চিত করতে পারি যে আমার শিশু তাদের প্রয়োজনীয় পুষ্টি পাচ্ছে?""","গর্ভাবস্থায় একটি স্বাস্থ্যকর খাদ্যের মধ্যে রয়েছে বিভিন্ন ধরনের শাকসবজি, ফলমূল, গোটা শস্য জাতীয় খাবার এবং প্রোটিন সমৃদ্ধ খাবার। এই খাদ্য গোষ্ঠীগুলির প্রত্যেকটি আপনার সামগ্রিক সুস্থতায় অবদান রাখে, শক্তি প্রদান করে এবং আপনার শিশুর বিকাশে সহায়তা করে। খাদ্য নির্দেশিকা স্ন্যাপশট খাবারের পরিকল্পনা করতে এবং পুষ্টির চাহিদা পূরণ করা নিশ্চিত করতে সাহায্য করার জন্য একটি দরকারী টুল। এই খাদ্য গোষ্ঠীগুলিকে আপনার প্রতিদিনের খাবারে কীভাবে অন্তর্ভুক্ত করবেন সে সম্পর্কে বিস্তারিত তথ্যের জন্য, food-guide.canada.ca/en/food-guide-snapshot/ দেখুন।",গর্ভাবস্থায় পুষ্টিকর খাদ্য,"গর্ভাবস্থায় একটি সুষম খাদ্যের গুরুত্ব, প্রধান খাদ্য গোষ্ঠী সহ।"
স্বাস্থ্যকর স্ন্যাকস গর্ভাবস্থায় পুষ্টির চাহিদা মেটাতে সাহায্য করতে পারে যখন চিন্তা করে একত্রিত করা হয়।,আপনার এবং আপনার শিশুর প্রয়োজনীয় পুষ্টি আপনি পান তা নিশ্চিত করার জন্য খাবারের মধ্যে স্ন্যাকিং একটি দুর্দান্ত উপায়। চেষ্টা করার জন্য এখানে কিছু পুষ্টিকর স্ন্যাক ধারণা রয়েছে:,গর্ভাবস্থায় পুষ্টিকর খাবারের আইডিয়া,গর্ভবতী ব্যক্তিদের প্রয়োজনীয় পুষ্টি নিশ্চিত করতে নাস্তার পরামর্শ।
কিভাবে স্থূলতা গর্ভাবস্থার জটিলতা প্রভাবিত করে?,"গর্ভবতী হওয়ার আগে একজন মহিলা যত বেশি ভারী হয়, প্রিক্ল্যাম্পসিয়া, গর্ভকালীন ডায়াবেটিস মেলিটাস, মৃতপ্রসব এবং সিজারিয়ান ডেলিভারি সহ গর্ভাবস্থার জটিলতার ঝুঁকি তত বেশি। অতিরিক্ত ওজন এবং স্থূল মহিলারা যারা গর্ভাবস্থার আগে ওজন হ্রাস করে তাদের স্বাস্থ্যকর গর্ভধারণের সম্ভাবনা রয়েছে।",গর্ভাবস্থার জটিলতার সময় স্থূলতা,গর্ভাবস্থায় স্থূলতার সাথে সম্পর্কিত জটিলতা
গর্ভাবস্থায় স্থূলতার ঝুঁকি কি?,"গর্ভবতী হওয়ার আগে একজন মহিলা যত বেশি ভারী হয়, প্রিক্ল্যাম্পসিয়া, গর্ভকালীন ডায়াবেটিস মেলিটাস, মৃতপ্রসব এবং সিজারিয়ান ডেলিভারি সহ গর্ভাবস্থার জটিলতার ঝুঁকি তত বেশি। অতিরিক্ত ওজন এবং স্থূল মহিলারা যারা গর্ভাবস্থার আগে ওজন হ্রাস করে তাদের স্বাস্থ্যকর গর্ভধারণের সম্ভাবনা রয়েছে।",গর্ভাবস্থার জটিলতার সময় স্থূলতা,গর্ভাবস্থায় স্থূলতার সাথে সম্পর্কিত জটিলতা
গর্ভাবস্থায় আমি মোটা হলে কি হতে পারে?,"গর্ভবতী হওয়ার আগে একজন মহিলা যত বেশি ভারী হয়, প্রিক্ল্যাম্পসিয়া, গর্ভকালীন ডায়াবেটিস মেলিটাস, মৃতপ্রসব এবং সিজারিয়ান ডেলিভারি সহ গর্ভাবস্থার জটিলতার ঝুঁকি তত বেশি। অতিরিক্ত ওজন এবং স্থূল মহিলারা যারা গর্ভাবস্থার আগে ওজন হ্রাস করে তাদের স্বাস্থ্যকর গর্ভধারণের সম্ভাবনা রয়েছে।",গর্ভাবস্থার জটিলতার সময় স্থূলতা,গর্ভাবস্থায় স্থূলতার সাথে সম্পর্কিত জটিলতা
গর্ভাবস্থায় স্থূল হলে আমি কী জটিলতা পেতে পারি?,"গর্ভবতী হওয়ার আগে একজন মহিলা যত বেশি ভারী হয়, প্রিক্ল্যাম্পসিয়া, গর্ভকালীন ডায়াবেটিস মেলিটাস, মৃতপ্রসব এবং সিজারিয়ান ডেলিভারি সহ গর্ভাবস্থার জটিলতার ঝুঁকি তত বেশি। অতিরিক্ত ওজন এবং স্থূল মহিলারা যারা গর্ভাবস্থার আগে ওজন হ্রাস করে তাদের স্বাস্থ্যকর গর্ভধারণের সম্ভাবনা রয়েছে।",গর্ভাবস্থার জটিলতার সময় স্থূলতা,গর্ভাবস্থায় স্থূলতার সাথে সম্পর্কিত জটিলতা
কিভাবে oligohydramnios গর্ভাবস্থা প্রভাবিত করে?,অলিগোহাইড্রামনিওস গর্ভাবস্থায় ঘটে যখন শিশুর চারপাশে অ্যামনিওটিক তরলের পরিমাণ গর্ভকালীন বয়সের জন্য প্রত্যাশার চেয়ে কম থাকে। অ্যামনিওটিক তরল শিশুর বিকাশের জন্য অত্যন্ত গুরুত্বপূর্ণ এবং খুব কম স্বাস্থ্য সমস্যা বা অন্তর্নিহিত অবস্থা নির্দেশ করতে পারে।,অলিগোহাইড্রামনিওস,গর্ভাবস্থায় অলিগোহাইড্রামনিওস বোঝা
অলিগোহাইড্রামনিওসের লক্ষণগুলি কী কী?,অলিগোহাইড্রামনিওস গর্ভাবস্থায় ঘটে যখন শিশুর চারপাশে অ্যামনিওটিক তরলের পরিমাণ গর্ভকালীন বয়সের জন্য প্রত্যাশার চেয়ে কম থাকে। অ্যামনিওটিক তরল শিশুর বিকাশের জন্য অত্যন্ত গুরুত্বপূর্ণ এবং খুব কম স্বাস্থ্য সমস্যা বা অন্তর্নিহিত অবস্থা নির্দেশ করতে পারে।,অলিগোহাইড্রামনিওস,গর্ভাবস্থায় অলিগোহাইড্রামনিওস বোঝা
অলিগোহাইড্রামনিওস কি?,অলিগোহাইড্রামনিওস গর্ভাবস্থায় ঘটে যখন শিশুর চারপাশে অ্যামনিওটিক তরলের পরিমাণ গর্ভকালীন বয়সের জন্য প্রত্যাশার চেয়ে কম থাকে। অ্যামনিওটিক তরল শিশুর বিকাশের জন্য অত্যন্ত গুরুত্বপূর্ণ এবং খুব কম স্বাস্থ্য সমস্যা বা অন্তর্নিহিত অবস্থা নির্দেশ করতে পারে।,অলিগোহাইড্রামনিওস,গর্ভাবস্থায় অলিগোহাইড্রামনিওস বোঝা
গর্ভাবস্থায় আমার অ্যামনিওটিক তরল কম কেন?,অলিগোহাইড্রামনিওস গর্ভাবস্থায় ঘটে যখন শিশুর চারপাশে অ্যামনিওটিক তরলের পরিমাণ গর্ভকালীন বয়সের জন্য প্রত্যাশার চেয়ে কম থাকে। অ্যামনিওটিক তরল শিশুর বিকাশের জন্য অত্যন্ত গুরুত্বপূর্ণ এবং খুব কম স্বাস্থ্য সমস্যা বা অন্তর্নিহিত অবস্থা নির্দেশ করতে পারে।,অলিগোহাইড্রামনিওস,গর্ভাবস্থায় অলিগোহাইড্রামনিওস বোঝা
"কেন গর্ভাবস্থায় ওমেগা -3 ফ্যাটি অ্যাসিড গুরুত্বপূর্ণ, এবং কিভাবে আপনি খাদ্য থেকে পেতে পারেন?","ওমেগা-৩ ফ্যাটি অ্যাসিড আপনার শিশুর মস্তিষ্ক, স্নায়ুতন্ত্র এবং ভিজ্যুয়াল সিস্টেমের বিকাশের জন্য অত্যন্ত গুরুত্বপূর্ণ। মাছ, বিশেষ করে তৈলাক্ত জাতের যেমন স্যামন, ম্যাকেরেল, হেরিং, সার্ডিনস এবং লেক হোয়াইটফিশ, ওমেগা-৩ এর সেরা উৎস। উপরন্তু, আপনি ক্যানোলা, ফ্ল্যাক্সসিড এবং বাদামের তেলের মতো খাবারে, সেইসাথে গ্রাউন্ড ফ্ল্যাক্সসিড, চিয়া বীজ এবং আখরোটগুলিতে অল্প পরিমাণে ওমেগা -3 পেতে পারেন। কিছু খাবার, যেমন নির্দিষ্ট দুধ এবং ডিম, এছাড়াও ওমেগা -3 দিয়ে শক্তিশালী করা হয়। এই খাবারগুলিকে নিয়মিত আপনার খাদ্যতালিকায় অন্তর্ভুক্ত করে, আপনি সাধারণত আপনার ওমেগা-3 চাহিদা পূরণ করতে পারেন। আপনি যদি একটি ওমেগা -3 সম্পূরক গ্রহণ করতে চান তবে একজন স্বাস্থ্য পেশাদারের সাথে পরামর্শ করা গুরুত্বপূর্ণ।",ওমেগা-৩,গর্ভাবস্থায় ওমেগা-৩ ফ্যাটি অ্যাসিডের গুরুত্ব এবং খাদ্যের উৎস।
গর্ভাবস্থায় কি ওভার-দ্য-কাউন্টার ওষুধ ব্যবহার করা যেতে পারে? জড়িত ঝুঁকি আছে? গর্ভাবস্থায় ওভার-দ্য-কাউন্টার ওষুধ ব্যবহার করার আগে কী করা উচিত? গর্ভাবস্থায় ওষুধ ব্যবহারের ক্ষেত্রে একজন স্বাস্থ্য পেশাদার কীভাবে সাহায্য করতে পারেন?,"কিছু ওভার-দ্য-কাউন্টার ওষুধ গর্ভাবস্থায় অল্প সময়ের জন্য ব্যবহার করা যেতে পারে, তবে অন্যগুলি জটিলতা সৃষ্টি করতে পারে। কোনো ওভার-দ্য-কাউন্টার ওষুধ ব্যবহার করার আগে ফার্মাসিস্ট বা অন্যান্য স্বাস্থ্য পেশাদারের সাথে পরামর্শ করা গুরুত্বপূর্ণ। তারা ওষুধ ছাড়াই অস্বস্তি কমানোর বিকল্প উপায় সম্পর্কে পরামর্শ দিতে পারে, গর্ভাবস্থায় ব্যবহারের জন্য নিরাপদ ওষুধের সুপারিশ করতে পারে, অন্যান্য ওষুধের সাথে সম্ভাব্য মিথস্ক্রিয়া পরীক্ষা করতে পারে এবং কীভাবে ওষুধটি সঠিকভাবে ব্যবহার করতে হয় তার নির্দেশিকা প্রদান করতে পারে।",গর্ভাবস্থায় ওভার-দ্য-কাউন্টার ওষুধ,"গর্ভাবস্থা, ওষুধের নিরাপত্তা, ফার্মাসিস্টের পরামর্শ"
দুধের অতিরিক্ত উৎপাদন কি?,দুধ উৎপাদন যা শিশুর চাহিদাকে ছাড়িয়ে যায়।,দুধের অতিরিক্ত উৎপাদন,দুধের সংজ্ঞার অতিরিক্ত উৎপাদন
"প্রশ্ন যেমন ""গর্ভাবস্থায় বিদেশ ভ্রমণ করা কি নিরাপদ?"" অথবা ""গর্ভাবস্থায় বিদেশে ভ্রমণ করার আগে আমার কী বিবেচনা করা উচিত?"" প্রত্যাশিত মায়েদের মধ্যে সাধারণ।","বিদেশ ভ্রমণের পরিকল্পনা করার আগে, আপনার গন্তব্য, ভ্রমণের সময়কাল এবং যেকোনো প্রয়োজনীয় ভ্যাকসিন সম্পর্কে আপনার জন্মপূর্ব যত্ন প্রদানকারীর সাথে পরামর্শ করুন। তারা প্রয়োজন অনুযায়ী আপনার প্রসবপূর্ব যত্ন সামঞ্জস্য করতে পারে এবং আরও পরামর্শের জন্য আপনাকে একজন ভ্রমণ স্বাস্থ্য বিশেষজ্ঞের কাছে পাঠাতে পারে। আপ-টু-ডেট ভ্রমণ পরামর্শ এবং গন্তব্য-নির্দিষ্ট সুপারিশের জন্য, travel.gc.ca/travelling/advisories-এ যান।",গর্ভাবস্থায় বিদেশ ভ্রমণ,স্বাস্থ্য বিবেচনা এবং ভ্রমণ পরামর্শ সংস্থান সহ আন্তর্জাতিক ভ্রমণের পরিকল্পনা করা গর্ভবতী মহিলাদের জন্য সুপারিশ।
অক্সিটোসিন কি,"মস্তিষ্কের মধ্যে একটি গ্রন্থি দ্বারা উত্পাদিত একটি হরমোন। 
অক্সিটোসিন আমাদের রক্তে সঞ্চালিত হয়, যার ফলে জরায়ু 
প্রসবের সময় সংকোচন এবং বহিষ্কার 
বুকের দুধের।",অক্সিটোসিন,অক্সিটোসিন সংজ্ঞা
প্রসবের সময় বিভিন্ন ব্যথার ওষুধের বিকল্প,"হাসপাতালে, প্রসবের সময় ব্যথার ওষুধের বিকল্পগুলির মধ্যে একটি এপিডুরাল, মাদকদ্রব্য, নাইট্রাস অক্সাইড গ্যাস, বা একটি পুডেন্ডাল নার্ভ ব্লক অন্তর্ভুক্ত থাকতে পারে। আপনার হাসপাতালে কোন বিকল্পগুলি উপলব্ধ রয়েছে তা আগে থেকেই জিজ্ঞাসা করা গুরুত্বপূর্ণ, কারণ ওষুধের প্রতি প্রত্যেকের প্রতিক্রিয়া পরিবর্তিত হতে পারে। এই বিকল্পগুলি সম্পর্কে আপনার কোন প্রশ্ন থাকলে আপনার জন্মপূর্ব যত্ন প্রদানকারী বা ডেলিভারি টিমকে জিজ্ঞাসা করতে দ্বিধা করবেন না।",ব্যথার ওষুধের বিকল্প,প্রসবের সময় ব্যথা উপশম পদ্ধতি উপলব্ধ
প্রস্রাব করার সময় জ্বালাপোড়া অনুভব করার কারণগুলি কী কী?,"যখন একজন মহিলা গর্ভবতী হন, তখন তার রোগ প্রতিরোধ ক্ষমতা কমে যায়, যা তাকে UTI-এর মতো সংক্রমণের জন্য সংবেদনশীল করে তোলে। একটি ইউটিআই হল মূত্রনালীর একটি ব্যাকটেরিয়া সংক্রমণ।",প্রস্রাবের সময় ব্যথা বা জ্বালাপোড়া,প্রস্রাবের সময় ব্যথা বা জ্বালাপোড়ার কারণ
প্রস্রাবের সময় ব্যথা বা জ্বালাপোড়ার কারণ কী হতে পারে?,"যখন একজন মহিলা গর্ভবতী হন, তখন তার রোগ প্রতিরোধ ক্ষমতা কমে যায়, যা তাকে UTI-এর মতো সংক্রমণের জন্য সংবেদনশীল করে তোলে। একটি ইউটিআই হল মূত্রনালীর একটি ব্যাকটেরিয়া সংক্রমণ।",প্রস্রাবের সময় ব্যথা বা জ্বালাপোড়া,প্রস্রাবের সময় ব্যথা বা জ্বালাপোড়ার কারণ
আমি যখন বাথরুম ব্যবহার করি তখন কেন আমি ব্যথা বা জ্বালা অনুভব করি?,"যখন একজন মহিলা গর্ভবতী হন, তখন তার রোগ প্রতিরোধ ক্ষমতা কমে যায়, যা তাকে UTI-এর মতো সংক্রমণের জন্য সংবেদনশীল করে তোলে। একটি ইউটিআই হল মূত্রনালীর একটি ব্যাকটেরিয়া সংক্রমণ।",প্রস্রাবের সময় ব্যথা বা জ্বালাপোড়া,প্রস্রাবের সময় ব্যথা বা জ্বালাপোড়ার কারণ
আমি প্রস্রাব করার সময় কেন ব্যথা হয় বা জ্বলে?,"যখন একজন মহিলা গর্ভবতী হন, তখন তার রোগ প্রতিরোধ ক্ষমতা কমে যায়, যা তাকে UTI-এর মতো সংক্রমণের জন্য সংবেদনশীল করে তোলে। একটি ইউটিআই হল মূত্রনালীর একটি ব্যাকটেরিয়া সংক্রমণ।",প্রস্রাবের সময় ব্যথা বা জ্বালাপোড়া,প্রস্রাবের সময় ব্যথা বা জ্বালাপোড়ার কারণ
গর্ভাবস্থায় নিরাপদে পেইন্ট এবং পেইন্ট রিমুভার ব্যবহার করার জন্য সুপারিশ।,"বেশিরভাগ অভ্যন্তরীণ পেইন্টগুলি ল্যাটেক্স-ভিত্তিক, যার অর্থ এগুলি জল-পাতলা এবং সাধারণত গর্ভাবস্থায় মাঝে মাঝে ব্যবহারের জন্য নিরাপদ বলে মনে করা হয়। যাইহোক, তেল-ভিত্তিক পেইন্টগুলি এড়ানো উচিত কারণ এতে ক্ষতিকারক দ্রাবক রয়েছে যা ভ্রূণকে প্রভাবিত করতে পারে। এটি অসম্ভাব্য যে তাজা আঁকা কক্ষের সংক্ষিপ্ত এক্সপোজার আপনার শিশুর ক্ষতি করবে, বিশেষ করে যদি এলাকাটি ভাল বায়ুচলাচল হয়। ঝুঁকি কমাতে, স্যান্ডার্স বা পেইন্ট রিমুভার দিয়ে পেইন্ট স্ট্রাইপ করা এড়িয়ে চলুন, কারণ এটি আপনাকে পেইন্ট রিমুভারে পুরানো পেইন্ট বা বিষাক্ত রাসায়নিকের প্রভাব ফেলতে পারে।",গর্ভাবস্থায় পেইন্ট এবং পেইন্ট রিমুভার,গর্ভাবস্থায় পেইন্ট এবং পেইন্ট রিমুভারের নিরাপদ ব্যবহার।
পেরিনিয়াম কি,"যোনির মধ্যবর্তী শরীরের অংশ এবং  
মলদ্বার",পেরিনিয়াম,পেরিনিয়ামের সংজ্ঞা
"অ-ওষুধযুক্ত পণ্যের ব্যবহার, ওষুধযুক্ত ক্রিমগুলির জন্য স্বাস্থ্যসেবা প্রদানকারীদের সাথে পরীক্ষা করা।","বেশিরভাগ প্রসাধনী, যার মধ্যে রয়েছে মুখের ক্রিম এবং ঔষধি উপাদান ছাড়া হ্যান্ড এবং বডি লোশন, গর্ভাবস্থায় ব্যবহার করা নিরাপদ। যাইহোক, যদি আপনি একটি ঔষধযুক্ত ক্রিম ব্যবহার করেন তবে গর্ভবতী অবস্থায় এটি ব্যবহার করা নিরাপদ কিনা তা নিশ্চিত করতে আপনার ডাক্তার বা ফার্মাসিস্টের সাথে পরামর্শ করার পরামর্শ দেওয়া হয়।",গর্ভাবস্থায় ব্যক্তিগত যত্ন,"গর্ভাবস্থায় প্রসাধনী, ক্রিম এবং মেকআপের নিরাপদ ব্যবহার।"
আপনি যদি গর্ভাবস্থায় পার্টুসিস (হুপিং কাশি) আক্রান্ত কারও সংস্পর্শে থাকেন তবে আপনার কী করা উচিত?,"আপনি যদি আপনার নির্ধারিত তারিখের 4 সপ্তাহের মধ্যে পারটুসিস (হুপিং কাশি) আক্রান্ত কারো সাথে যোগাযোগ করেন, তাহলে একজন ডাক্তারের সাথে দেখা করা গুরুত্বপূর্ণ। Pertussis গুরুতর হতে পারে, বিশেষ করে নবজাতকদের জন্য, এবং আপনার এবং আপনার শিশু উভয়ের স্বাস্থ্য নিশ্চিত করার জন্য প্রাথমিক চিকিৎসার পরামর্শ অত্যন্ত গুরুত্বপূর্ণ।","Pertussis, গর্ভাবস্থা, হুপিং কাশি, এক্সপোজার",নির্ধারিত তারিখের আগে পারটুসিস (হুপিং কাশি) এর সংস্পর্শে আসা
"শারীরিক ও মানসিক সুস্থতা, শক্তি, পিঠে ব্যথা, গর্ভকালীন ডায়াবেটিস, জন্মের পর পুনরুদ্ধার।","গর্ভাবস্থায় শারীরিকভাবে সক্রিয় থাকা আপনার শারীরিক ও মানসিক সুস্থতার জন্য ভালো। যে মহিলারা গর্ভাবস্থায় সক্রিয় থাকেন তারা গর্ভাবস্থার শারীরিক পরিবর্তনগুলিকে আরও ভালভাবে মোকাবেলা করেন, তাদের শক্তি বেশি থাকে এবং শ্বাসকষ্ট কম হয়। গর্ভাবস্থা জুড়ে নিয়মিত এবং বিভিন্ন শারীরিক ক্রিয়াকলাপ অনুশীলন করা উপকারী এবং নিরাপদ। এটি কোষ্ঠকাঠিন্য প্রতিরোধ করে এবং উপশম করে, পিঠে ব্যথা কমায় এবং গর্ভকালীন ডায়াবেটিসের মতো কিছু গর্ভাবস্থার জটিলতা প্রতিরোধ করে। উন্নত শারীরিক ফিটনেস আপনাকে জন্ম দেওয়ার পরে আরও সহজে পুনরুদ্ধার করতে সহায়তা করতে পারে।",শারীরিক কার্যকলাপ,গর্ভাবস্থায় শারীরিক কার্যকলাপের সুবিধা।
আপনার প্রসবপূর্ব পরিদর্শনের সময় একটি শারীরিক পরীক্ষা কী জড়িত? পরবর্তী নিয়োগের সময় কী পর্যবেক্ষণ করা হবে?,"আপনার প্রথম প্রসবপূর্ব অ্যাপয়েন্টমেন্টের সময়, একটি শারীরিক পরীক্ষা করা হবে, যার মধ্যে একটি স্ত্রীরোগ সংক্রান্ত পরীক্ষা, আপনার ওজন এবং রক্তচাপ পরীক্ষা করা এবং শিশুর হৃদস্পন্দন শোনা অন্তর্ভুক্ত থাকতে পারে। সার্ভিকাল ক্যান্সার স্ক্রীনিংয়ের জন্য একটি পিএপি পরীক্ষার পরামর্শ দেওয়া যেতে পারে, যা গর্ভাবস্থায় বা জন্মের পরেও করা যেতে পারে। পরীক্ষার পরে হালকা রক্তপাত সাধারণ এবং উদ্বেগের কারণ হওয়া উচিত নয়। পরবর্তী অ্যাপয়েন্টমেন্টে, আপনার স্বাস্থ্য পেশাদার সাধারণত আপনার ওজন, রক্তচাপ, আপনার জরায়ুর উচ্চতা (প্রায় 20 সপ্তাহ থেকে শুরু হয়) এবং শিশুর হৃদস্পন্দন পরীক্ষা করবেন।",শারীরিক পরীক্ষা এবং পরবর্তী নিয়োগ,"সম্পূর্ণ শারীরিক পরীক্ষা, স্ত্রীরোগ সংক্রান্ত পরীক্ষা, গর্ভাবস্থার অগ্রগতি পর্যবেক্ষণ"
কিভাবে প্ল্যাসেন্টাল জটিলতা নির্ণয় করা হয়?,"গর্ভাবস্থায় প্ল্যাসেন্টাল জটিলতার মধ্যে রয়েছে প্ল্যাসেন্টাল অ্যাব্রেশন এবং প্লাসেন্টা প্রিভিয়া। প্লাসেন্টাল বিপর্যয় ঘটে যখন প্লাসেন্টা জরায়ুর প্রাচীর থেকে অকালে বিচ্ছিন্ন হয়ে যায়, যার ফলে রক্তপাত হয় এবং ভ্রূণের অক্সিজেন ও পুষ্টি কমে যায়। কারণ প্রায়ই অজানা।",প্লাসেন্টাল জটিলতা,গর্ভাবস্থায় প্ল্যাসেন্টাল অ্যাব্রাপেশন এবং প্লাসেন্টা প্রিভিয়া বোঝা
প্ল্যাসেন্টাল জটিলতা কি?,"গর্ভাবস্থায় প্ল্যাসেন্টাল জটিলতার মধ্যে রয়েছে প্ল্যাসেন্টাল অ্যাব্রেশন এবং প্লাসেন্টা প্রিভিয়া। প্লাসেন্টাল বিপর্যয় ঘটে যখন প্লাসেন্টা জরায়ুর প্রাচীর থেকে অকালে বিচ্ছিন্ন হয়ে যায়, যার ফলে রক্তপাত হয় এবং ভ্রূণের অক্সিজেন ও পুষ্টি কমে যায়। কারণ প্রায়ই অজানা।",প্লাসেন্টাল জটিলতা,গর্ভাবস্থায় প্ল্যাসেন্টাল অ্যাব্রাপেশন এবং প্লাসেন্টা প্রিভিয়া বোঝা
প্লাসেন্টা প্রিভিয়া কি?,"গর্ভাবস্থায় প্ল্যাসেন্টাল জটিলতার মধ্যে রয়েছে প্ল্যাসেন্টাল অ্যাব্রেশন এবং প্লাসেন্টা প্রিভিয়া। প্লাসেন্টাল বিপর্যয় ঘটে যখন প্লাসেন্টা জরায়ুর প্রাচীর থেকে অকালে বিচ্ছিন্ন হয়ে যায়, যার ফলে রক্তপাত হয় এবং ভ্রূণের অক্সিজেন ও পুষ্টি কমে যায়। কারণ প্রায়ই অজানা।",প্লাসেন্টাল জটিলতা,গর্ভাবস্থায় প্ল্যাসেন্টাল অ্যাব্রাপেশন এবং প্লাসেন্টা প্রিভিয়া বোঝা
প্ল্যাসেন্টাল বিপর্যয় কি?,"গর্ভাবস্থায় প্ল্যাসেন্টাল জটিলতার মধ্যে রয়েছে প্ল্যাসেন্টাল অ্যাব্রেশন এবং প্লাসেন্টা প্রিভিয়া। প্লাসেন্টাল বিপর্যয় ঘটে যখন প্লাসেন্টা জরায়ুর প্রাচীর থেকে অকালে বিচ্ছিন্ন হয়ে যায়, যার ফলে রক্তপাত হয় এবং ভ্রূণের অক্সিজেন ও পুষ্টি কমে যায়। কারণ প্রায়ই অজানা।",প্লাসেন্টাল জটিলতা,গর্ভাবস্থায় প্ল্যাসেন্টাল অ্যাব্রাপেশন এবং প্লাসেন্টা প্রিভিয়া বোঝা
আয়রন সমৃদ্ধ কিছু উদ্ভিদ-ভিত্তিক খাবার কী কী এবং আপনি কীভাবে আয়রন শোষণ বাড়াতে পারেন?,"উদ্ভিদ-ভিত্তিক খাবার যেমন শিম (শুকনো মটরশুটি, মসুর ডাল, ছোলা), মাঝারি বা শক্ত টফু, আয়রন-ফোর্টিফাইড প্রাতঃরাশের সিরিয়াল, কিছু শাকসবজি (কুমড়ো, সবুজ মটর, আলু, পালং শাক, শাক, বাদাম (কাজু, বাদাম, পেস্তা), পাম্পারফোর্ট এবং বীজ, পাম্পের ফল এবং বীজ রুটি আয়রনের চমৎকার উৎস। যাইহোক, প্রাণী উত্স থেকে লোহা উদ্ভিদ উত্স থেকে ভাল শোষিত হয়. উদ্ভিদ-ভিত্তিক আয়রনের শোষণ বাড়ানোর জন্য, এই খাবারগুলিকে ভিটামিন সি-সমৃদ্ধ খাবার যেমন কিউই, সাইট্রাস ফল, গোলমরিচ বা ব্রকোলির সাথে যুক্ত করার পরামর্শ দেওয়া হয়। অতিরিক্তভাবে, খাবারের সময় কফি বা চা পান করা এড়িয়ে চলুন, কারণ তারা আয়রন শোষণকে বাধা দিতে পারে।",উদ্ভিদ ভিত্তিক খাবার,উদ্ভিদ-ভিত্তিক খাবার থেকে আয়রনের উৎস এবং শোষণের টিপস।
প্রসবের সময় কোন অবস্থানগুলি সাহায্য করতে পারে এবং কীভাবে তারা প্রসব প্রক্রিয়াকে সমর্থন করে?,"প্রসবের সময়, বিভিন্ন অবস্থান সার্ভিকাল প্রসারণে সহায়তা করতে পারে এবং শিথিলতা বাড়াতে পারে। দাঁড়ানো, স্কোয়াট করা, ফিজিও বলের উপর বসা, বা খাড়া উপরের শরীরের সমস্ত চারে হাঁটু গেড়ে থাকা শ্রমের গতি বাড়াতে সাহায্য করতে পারে। আপনার পিঠের উপর শুয়ে থাকা প্রায়শই অস্বস্তিকর, তবে আপনার পাশে শুয়ে থাকা আরও স্বস্তি প্রদান করতে পারে যদি বিশ্রামের প্রয়োজন হয়। বিভিন্ন অবস্থানের চেষ্টা করা শ্রমের সময় পরিবর্তিত চাহিদার সাথে খাপ খাইয়ে নিতে সাহায্য করে এবং প্রক্রিয়াটিকে আরও কার্যকর এবং সহনীয় করে তুলতে পারে।",শ্রম সান্ত্বনা জন্য অবস্থান,"সার্ভিকাল প্রসারণ, শিথিলকরণ, এবং কার্যকর শ্রম অবস্থান"
অবিলম্বে ত্বক থেকে ত্বকের যোগাযোগ সম্ভব না হলে আপনার কী করা উচিত? কীভাবে একজন পিতামাতা বা গুরুত্বপূর্ণ ব্যক্তির ত্বক থেকে ত্বকের সাথে যোগাযোগ করা বা রাখা শিশুর উপকার করে? এই বন্ধন সময়ের আবেগগত দিক কি?,"যদি চিকিৎসার কারণে অবিলম্বে ত্বক থেকে ত্বকের যোগাযোগ সম্ভব না হয়, তাহলে বাবা বা অন্য কোনো গুরুত্বপূর্ণ ব্যক্তি শিশুটিকে ধরে রাখতে পারেন। চিন্তা করবেন না যদি ত্বক থেকে ত্বকের সাথে যোগাযোগ না করা হয়অন্যান্য সুযোগ থাকবে, এবং আপনার শিশু ঠিক থাকবে। এটি আপনার সাথে বা অন্য প্রিয়জনের সাথেই হোক না কেন, আপনার শিশু শরীরের উষ্ণতায় স্বাচ্ছন্দ্য বোধ করবে এবং পরিচিত কণ্ঠস্বর চিনতে শুরু করবে। এই বন্ধনকালীন সময়ে, আপনার শিশু তার জিহ্বা বের করা, মিটমিট করা, এবং আরও দ্রুত শ্বাস নেওয়ার মতো নড়াচড়া প্রদর্শন করবে। এটি পরিবারের জন্য আবিষ্কারের একটি বিস্ময়কর এবং আবেগপূর্ণ সময় চিহ্নিত করে, সংযোগকে শক্তিশালী করে।",জন্মোত্তর বন্ধন,"ত্বক থেকে ত্বকের বিকল্প, শিশুর সাথে বন্ধন, পিতামাতার সংযোগ, মানসিক আবিষ্কার"
"প্রসবের পরে, কখন জন্মনিয়ন্ত্রণ ব্যবহার করা শুরু করা নিরাপদ?",আপনি স্বাভাবিক প্রসবের দুই সপ্তাহ পরে জন্মনিয়ন্ত্রণ পদ্ধতি ব্যবহার শুরু করতে পারেন।,প্রসবোত্তর জন্ম নিয়ন্ত্রণ,সন্তান প্রসবের পরে কখন জন্মনিয়ন্ত্রণ পদ্ধতি শুরু করা যেতে পারে সে সম্পর্কে তথ্য
আমি কি সন্তান প্রসবের দুই সপ্তাহ পরে জন্ম নিয়ন্ত্রণ শুরু করতে পারি?,আপনি স্বাভাবিক প্রসবের দুই সপ্তাহ পরে জন্মনিয়ন্ত্রণ পদ্ধতি ব্যবহার শুরু করতে পারেন।,প্রসবোত্তর জন্ম নিয়ন্ত্রণ,সন্তান প্রসবের পরে কখন জন্মনিয়ন্ত্রণ পদ্ধতি শুরু করা যেতে পারে সে সম্পর্কে তথ্য
প্রসবের কত তাড়াতাড়ি পরে আমি জন্ম নিয়ন্ত্রণ পদ্ধতি ব্যবহার করতে পারি?,আপনি স্বাভাবিক প্রসবের দুই সপ্তাহ পরে জন্মনিয়ন্ত্রণ পদ্ধতি ব্যবহার শুরু করতে পারেন।,প্রসবোত্তর জন্ম নিয়ন্ত্রণ,সন্তান প্রসবের পরে কখন জন্মনিয়ন্ত্রণ পদ্ধতি শুরু করা যেতে পারে সে সম্পর্কে তথ্য
জন্মনিয়ন্ত্রণ পদ্ধতি হিসেবে কাজ করার জন্য স্তন্যপান করানোর জন্য কোন শর্ত পূরণ করতে হবে? আপনি যদি এখনও আপনার মাসিক না হয়ে থাকে তবে আপনি কি এটির উপর নির্ভর করতে পারেন? কখন আপনার একজন স্বাস্থ্যসেবা প্রদানকারীর সাথে পরামর্শ করা উচিত?,"জন্মনিয়ন্ত্রণ পদ্ধতি হিসেবে বুকের দুধ খাওয়ানোর জন্য, নিম্নলিখিত শর্তগুলি অবশ্যই পূরণ করতে হবে- আপনার শিশুর বয়স অবশ্যই ছয় মাসের কম হতে হবে, আপনাকে ফর্মুলা, খাবার বা জলের পরিচয় না দিয়েই একচেটিয়াভাবে বুকের দুধ খাওয়ানো উচিত, এবং খাওয়ানো অবশ্যই চাহিদা অনুযায়ী হওয়া উচিত এবং দিনে চার ঘণ্টা এবং রাতে ছয় ঘণ্টার বেশি নয়। উপরন্তু, আপনি এখনও মাসিক শুরু করা উচিত নয়. এমনকি আপনার পিরিয়ড না থাকলেও ডিম্বস্ফোটন হতে পারে এবং আপনি গর্ভবতী হতে পারেন। নির্দেশনার জন্য LAM বা জন্ম নিয়ন্ত্রণের অন্যান্য প্রাকৃতিক পদ্ধতি ব্যবহার করার আগে একজন স্বাস্থ্যসেবা প্রদানকারীর সাথে পরামর্শ করার পরামর্শ দেওয়া হয়।",প্রসবোত্তর জন্ম নিয়ন্ত্রণ,"LAM পদ্ধতি, বুকের দুধ খাওয়ানো, প্রাকৃতিক জন্ম নিয়ন্ত্রণ"
জন্ম দেওয়ার পরে আমি কখন জন্ম নিয়ন্ত্রণ ব্যবহার শুরু করতে পারি?,আপনি স্বাভাবিক প্রসবের দুই সপ্তাহ পরে জন্মনিয়ন্ত্রণ পদ্ধতি ব্যবহার শুরু করতে পারেন।,প্রসবোত্তর জন্ম নিয়ন্ত্রণ,সন্তান প্রসবের পরে কখন জন্মনিয়ন্ত্রণ পদ্ধতি শুরু করা যেতে পারে সে সম্পর্কে তথ্য
প্রসবের পর মলত্যাগের স্বাভাবিক সময় কি? আপনি যদি প্রসবোত্তর কোষ্ঠকাঠিন্য অনুভব করেন তবে আপনি কী করতে পারেন?,"যোনিপথে প্রসবের পর প্রথম দুই থেকে তিন দিন বা সিজারিয়ানের তিন থেকে পাঁচ দিন পর মলত্যাগ না হওয়াটাই স্বাভাবিক। এই সময়ের পরে যদি আপনার একটি না থাকে তবে আপনার কোষ্ঠকাঠিন্য হতে পারে, যা প্রসবের পরে সাধারণ। কোষ্ঠকাঠিন্যে সাহায্য করার জন্য, ধীরে ধীরে আপনার উচ্চ ফাইবারযুক্ত খাবার যেমন পুরো শস্য, শাকসবজি, ফল, লেবু এবং বাদাম খাওয়ার পরিমাণ বাড়ান। প্রচুর পানি পান করুন, আপনার তাগিদ অনুভব করার সাথে সাথে বাথরুমে যান এবং আপনি যখন প্রস্তুত হন তখন কম তীব্রতার শারীরিক কার্যকলাপ শুরু করুন। যদি এই পদক্ষেপগুলি যথেষ্ট না হয়, একটি রেচক সাহায্য করতে পারে কিনা তা দেখতে একজন স্বাস্থ্যসেবা প্রদানকারীর সাথে পরামর্শ করুন।",প্রসবোত্তর মলত্যাগ,যোনি বা সিজারিয়ান ডেলিভারির পরে কোষ্ঠকাঠিন্যের সাথে মোকাবিলা করা
প্রসবের পর বিষণ্নতার লক্ষণগুলো কী কী? আপনি কিভাবে প্রসবোত্তর বিষণ্নতা এবং স্বাভাবিক জন্ম-পরবর্তী সংগ্রামের মধ্যে পার্থক্য করতে পারেন?,"প্রতি 5 জনের মধ্যে 1 জন মহিলা সন্তান প্রসবের পরে বিষণ্নতায় ভোগেন। প্রসবোত্তর বিষণ্নতার লক্ষণগুলির মধ্যে দুঃখ, দৈনন্দিন কাজকর্মে আগ্রহ হ্রাস, ক্ষুধার পরিবর্তন, ক্লান্তি, উদ্বেগ, বিরক্তি, মূল্যহীনতার অনুভূতি, শিশুর সাথে বন্ধনে অসুবিধা, মনোনিবেশ করতে সমস্যা এবং এমনকি আত্মহত্যার চিন্তাভাবনা অন্তর্ভুক্ত থাকতে পারে। যদিও এই লক্ষণগুলির মধ্যে কিছু সাধারণ জন্ম-পরবর্তী চ্যালেঞ্জগুলির সাথে ওভারল্যাপ করতে পারে যেমন ক্লান্তি বা বুকের দুধ খাওয়ানোর ফলে ক্ষুধায় পরিবর্তন, এটি গুরুত্ব সহকারে নেওয়া গুরুত্বপূর্ণ। আপনি যদি এই লক্ষণগুলির মধ্যে বেশ কয়েকটি অনুভব করেন, বিশেষ করে মৃত্যুর চিন্তা বা আপনার শিশুর সাথে বন্ধনে অসুবিধা হলে, স্বাস্থ্যসেবা প্রদানকারীর সাহায্য নেওয়া বা সহায়তা পরিষেবার সাথে যোগাযোগ করা গুরুত্বপূর্ণ।",প্রসবোত্তর বিষণ্নতা,"উপসর্গ, লক্ষণ এবং কখন সাহায্য চাইতে হবে"
পুরুষদের মধ্যে প্রসবোত্তর বিষণ্নতার লক্ষণ কি? পুরুষরা কীভাবে মহিলাদের থেকে আলাদাভাবে বিষণ্নতা প্রকাশ করতে পারে?,"10 জনের মধ্যে 1 জন পুরুষ সন্তানের জন্মের পরে বিষণ্নতা অনুভব করে। যদিও পুরুষরা মহিলাদের অনুরূপ আবেগ অনুভব করতে পারে, তারা তাদের কষ্টকে বিভিন্ন উপায়ে প্রকাশ করতে পারে। পুরুষদের মধ্যে হতাশার লক্ষণগুলির মধ্যে আগ্রাসন, বিরক্তি, মেজাজের পরিবর্তন এবং শারীরিক অস্বস্তি যেমন পেটে ব্যথা, মাথাব্যথা বা শ্বাস নিতে অসুবিধা অন্তর্ভুক্ত থাকতে পারে। কিছু পুরুষ অত্যধিক কাজ বা খেলাধুলার মতো অতিসক্রিয় আচরণে জড়িত হতে পারে বা মোকাবেলা করার পদ্ধতি হিসাবে অ্যালকোহল বা ড্রাগ ব্যবহার করতে পারে। যদি আপনি বা আপনার সঙ্গী বিষণ্ণতার লক্ষণ দেখান, তাহলে সহায়তা চাওয়া গুরুত্বপূর্ণ। চিকিত্সা উপলব্ধ, এবং একজন স্বাস্থ্যসেবা পেশাদারের সাথে পরামর্শ করা মানসিক স্বাস্থ্য পরিচালনার একটি গুরুত্বপূর্ণ পদক্ষেপ।",পুরুষদের মধ্যে প্রসবোত্তর বিষণ্নতা,উপসর্গ এবং সহায়তা চাওয়া
সন্তান জন্ম দেওয়ার পর ক্লান্তি বোধ করা কি স্বাভাবিক? পুনরুদ্ধারের সময় আপনি কীভাবে আপনার শক্তির মাত্রা পরিচালনা করতে পারেন?,"হ্যাঁ, প্রসবের পরে ক্লান্ত বোধ করা স্বাভাবিক, আপনার যোনিপথে বা সিজারিয়ান ডেলিভারি হোক না কেন। পুনরুদ্ধারের সময় লাগে, এবং শক্তির একটি ভাল স্তর ফিরে পেতে বেশ কয়েক সপ্তাহ সময় লাগতে পারে। আপনার পুনরুদ্ধারের গতি এবং শক্তির মাত্রা শিশুর চাহিদা, আপনার ঘুমের গুণমান এবং উপলব্ধ সহায়তার মতো বিষয়গুলির উপর নির্ভর করে পরিবর্তিত হতে পারে। ক্লান্তি নিয়ন্ত্রণ করতে, আপনার শিশুর ঘুমের সময় বিশ্রাম নেওয়ার চেষ্টা করুন এবং যখন আপনার প্রয়োজন হবে তখন সাহায্য চাইতে দ্বিধা করবেন না। আপনার শরীর সুস্থ হওয়ার সাথে সাথে নিজের সাথে ধৈর্য ধরুন।",প্রসবোত্তর ক্লান্তি,"পুনরুদ্ধারের সময়, শক্তির মাত্রা এবং সন্তানের জন্মের পরে স্ব-যত্নের গুরুত্ব"
সন্তান জন্ম দেওয়ার পর কোন স্বাস্থ্যবিধি অভ্যাস গুরুত্বপূর্ণ? যোনিপথে এবং সিজারিয়ান জন্মের পরে আপনার কীভাবে নিজের যত্ন নেওয়া উচিত?,"জন্ম দেওয়ার পরে, সঠিক স্বাস্থ্যবিধি বজায় রাখা অত্যন্ত গুরুত্বপূর্ণ। কমপক্ষে প্রতি 4 ঘন্টা অন্তর আপনার স্যানিটারি প্যাড পরিবর্তন করা, সামনে থেকে পিছনে মুছা এবং টয়লেট ব্যবহার করার পরে আপনার হাত ধোয়ার পরামর্শ দেওয়া হচ্ছে। আপনার নিজেকে দিনে একবার বা তার বেশি ধুতে হবে তবে যোনি ডাচ ব্যবহার করা এড়িয়ে চলুন। আপনার যদি যোনিপথে জন্ম হয় তবে আপনি একটি পরিষ্কার টবে গোসল বা স্নান করতে পারেন, তবে তেল বা বাবল স্নান এড়িয়ে চলুন। আপনার যদি সিজারিয়ান ডেলিভারি হয়ে থাকে, তাহলে আপনি এখনই গোসল করতে পারেন, তবে স্নান করার আগে প্রায় পাঁচ দিন অপেক্ষা করার পরামর্শ দেওয়া হয়, যাতে ছেদটি ভালোভাবে নিরাময় হয়।",প্রসবোত্তর স্বাস্থ্যবিধি,"প্রসবের পরে স্বাস্থ্যবিধি টিপস, যোনি এবং সিজারিয়ান ডেলিভারির পরে যত্ন"
"বেবি ব্লুজ কি, এবং কতদিন স্থায়ী হয়? মেজাজ পরিবর্তনের সাথে মানিয়ে নিতে নতুন মায়েরা কী করতে পারেন? আপনি কখন সাহায্য চাইতে হবে?","শিশুর জন্মের পর বেবি ব্লুজ একটি সাধারণ অভিজ্ঞতা, যা মেজাজের পরিবর্তন এবং স্বাভাবিকের চেয়ে বেশি কান্নার দ্বারা চিহ্নিত, সাধারণত কয়েক দিন থেকে প্রায় দুই সপ্তাহ পর্যন্ত স্থায়ী হয়। হরমোনের পরিবর্তন এবং ক্লান্তি এই অস্থায়ী অবস্থার প্রধান কারণ। মোকাবেলা করার জন্য, এটি আপনার অনুভূতি সম্পর্কে কথা বলতে, নিজেকে কাঁদতে, পরিবার এবং বন্ধুদের কাছ থেকে সমর্থন পেতে, ঘুমাতে, নিজের যত্ন নিতে এবং আপনার শিশুর সাথে ত্বক থেকে ত্বকের যোগাযোগের অনুশীলন করতে সহায়তা করে। যদি বেবি ব্লুজ দুই সপ্তাহের বেশি সময় ধরে চলতে থাকে, অথবা যদি আপনি ক্রমবর্ধমান দু: খিত বা খিটখিটে বোধ করেন তবে এটি প্রসবোত্তর বিষণ্নতার ইঙ্গিত দিতে পারে এবং একজন মনোবিজ্ঞানীর মতো স্বাস্থ্যসেবা পেশাদারের সাথে যোগাযোগ করা বা 8-1-1 নম্বরে Info-Santé-এর সাথে যোগাযোগ করার পরামর্শ দেওয়া হয়।",প্রসবোত্তর মেজাজ পরিবর্তন,"বেবি ব্লুজ, মোকাবেলার টিপস, বিষণ্নতার লক্ষণ"
প্রসবের পরে শারীরিক কার্যকলাপ পুনরায় শুরু করা কি নিরাপদ? আপনি কোন কার্যক্রম দিয়ে শুরু করতে পারেন এবং কখন?,"হ্যাঁ, একবার আপনি প্রস্তুত বোধ করলে এবং আপনার ব্যথা কমে গেলে প্রসবের পরে ধীরে ধীরে শারীরিক কার্যকলাপ পুনরায় শুরু করা নিরাপদ। কম তীব্রতার ক্রিয়াকলাপ দিয়ে শুরু করুন, যেমন হাঁটা, একটি দৈনিক হাঁটা দিয়ে শুরু করুন এবং ধীরে ধীরে ফ্রিকোয়েন্সি এবং দৈর্ঘ্য বৃদ্ধি করুন। প্রসবোত্তর চার থেকে ছয় সপ্তাহের মধ্যে, আপনি আপনার শরীরের সীমাবদ্ধতার কথা শুনে আপনার কার্যকলাপের তীব্রতা বাড়াতে পারেন, যেমন দ্রুত হাঁটা। আপনার পেরিনিয়াম তার পেশীর স্বর ফিরে না পাওয়া পর্যন্ত দৌড়ানোর মতো উচ্চ-প্রভাবিত ব্যায়ামগুলি এড়িয়ে চলুন, যা কয়েক সপ্তাহ থেকে কয়েক মাস সময় নিতে পারে। সাঁতারের মতো ক্রিয়াকলাপগুলি পুনরায় শুরু করার আগে বা প্রসবের সময় আপনার কোনও জটিলতা থাকলে আপনার স্বাস্থ্যসেবা প্রদানকারীর সাথে পরামর্শ করুন।",প্রসবোত্তর শারীরিক কার্যকলাপ,"প্রসবের পরে ব্যায়াম পুনরায় শুরু করা, কার্যকলাপে ধীরে ধীরে বৃদ্ধি, আপনার শরীরের কথা শোনার গুরুত্ব"
"প্রসবের পরে, পুনরুদ্ধার করতে কতক্ষণ সময় লাগে এবং কী কী লক্ষণ দেখা উচিত? কোন লক্ষণগুলি অবিলম্বে চিকিৎসা সহায়তা বা স্বাস্থ্যসেবা প্রদানকারীর সাথে পরামর্শের প্রয়োজন নির্দেশ করে?","প্রসবের পরে, আপনার শরীরের পুনরুদ্ধার হতে সময় নেওয়া স্বাভাবিক, প্রায়শই শক্তি ফিরে পেতে কয়েক সপ্তাহ সময় লাগে। আপনি যদি ভারী রক্তপাত, জ্বর, তীব্র পেটে ব্যথা, শ্বাস নিতে অসুবিধা, ফোলা সহ পায়ে ব্যথা, গুরুতর মাথাব্যথা বা দৃষ্টি পরিবর্তনের মতো লক্ষণগুলি অনুভব করেন তবে অবিলম্বে চিকিত্সার পরামর্শ নেওয়া গুরুত্বপূর্ণ। আপনার ডাক্তার, মিডওয়াইফ বা জরুরী পরিষেবার সাথে যোগাযোগ করুন যদি আপনি রক্তক্ষরণের মতো লক্ষণ বা শকের লক্ষণ যেমন দুর্বলতা, বিভ্রান্তি বা ফ্যাকাশেতা লক্ষ্য করেন।",প্রসবোত্তর পুনরুদ্ধার,"প্রসবের পরে পুনরুদ্ধার, জটিলতার লক্ষণ, কখন চিকিৎসা সহায়তা চাইতে হবে"
কিভাবে প্রসব যৌন কার্যকলাপ এবং ঘনিষ্ঠতা প্রভাবিত করতে পারে?,"সন্তান প্রসবের পরে, অনেক লোক ক্লান্তি, হরমোনের পরিবর্তন, পিতামাতার সাথে সামঞ্জস্য এবং সন্তানের জন্ম থেকে শারীরিক বা মানসিক পুনরুদ্ধারের মতো কারণগুলির কারণে যৌন ইচ্ছা হ্রাস অনুভব করে। উপরন্তু, হরমোনের পরিবর্তনের কারণে স্তন্যপান করানোর ফলে যোনিপথের শুষ্কতা হতে পারে, যা প্রয়োজনে জল-ভিত্তিক লুব্রিকেন্ট ব্যবহার করে উপশম করা যেতে পারে। যৌন কার্যকলাপ আবার শুরু করার সময় প্রতিটি দম্পতির জন্য পরিবর্তিত হয়। কোন নির্দিষ্ট নিয়ম নেই, এবং আপনার শরীর এবং আপনার সঙ্গীর চাহিদা শোনা গুরুত্বপূর্ণ। ঘনিষ্ঠতা একটি নতুন রূপ নিতে পারে, এবং তাড়াহুড়ো করার দরকার নেই; আপনার নতুন জীবনের সাথে খাপ খাইয়ে নিন এবং আপনার সঙ্গীর সাথে খোলামেলা যোগাযোগ করুন।",প্রসবোত্তর যৌনতা,সন্তান প্রসবের পর যৌন ইচ্ছা এবং ঘনিষ্ঠতা
প্রসবের পর সেলাইয়ের যত্ন কেমন হওয়া উচিত? আপনি যদি আপনার সেলাইগুলিতে সংক্রমণের লক্ষণগুলি লক্ষ্য করেন তবে আপনার কী করা উচিত?,"প্রসবের পর সেলাই নিরাময়ের জন্য যত্ন নেওয়া জরুরি। আপনার পেরিনিয়ামে সেলাই থাকলে চিন্তা করবেন না; মলত্যাগের সময় তারা ছিঁড়বে না। গোসল বা গোসলের পর, ড্রেসিং করার আগে আলতো করে সেলাই শুকিয়ে নিন। যাদের সিজারিয়ান ডেলিভারি হয়েছে, তাদের জন্য একটি পরিষ্কার তোয়ালে দিয়ে আপনার পেটের সেলাই ভালোভাবে শুকানো গুরুত্বপূর্ণ। সাত দিন পরে, আপনি যে কোনও আঠালো স্ট্রিপগুলি অপসারণ করতে পারেন যা স্বাভাবিকভাবে বন্ধ হয়নি। যদি আপনি সংক্রমণের লক্ষণগুলি লক্ষ্য করেন, যেমন লালভাব বা স্রাব, আপনার স্বাস্থ্যসেবা প্রদানকারীর সাথে যোগাযোগ করুন।",প্রসবোত্তর সেলাই যত্ন,যোনিপথ বা সিজারিয়ান ডেলিভারির পরে সেলাইয়ের যত্ন নিন
সন্তান প্রসবের পর প্রস্রাবের সমস্যা হওয়া কি স্বাভাবিক? পেলভিক ফ্লোর পেশীগুলি পুনরুদ্ধার করতে কতক্ষণ সময় লাগে এবং আপনি সাহায্য করতে কী করতে পারেন?,"প্রসবের পরের দিনগুলিতে প্রস্রাব করার সময় প্রস্রাব ফুটো হওয়া এবং জ্বালাপোড়া অনুভব করা স্বাভাবিক। আপনি প্রস্রাব করার সময় গরম জল দিয়ে আপনার ভালভা স্প্রে করে জ্বালাপোড়া উপশম করতে পারেন। যদি কয়েক সপ্তাহ ধরে প্রস্রাব বেরোতে থাকে, তাহলে তা আপনার স্বাস্থ্যসেবা প্রদানকারীর কাছে উল্লেখ করুন। পেলভিক ফ্লোর পেশী, যা মূত্রাশয়, জরায়ু এবং মলদ্বারকে সমর্থন করে, গর্ভাবস্থা এবং প্রসবের সময় প্রসারিত হতে পারে এবং তাদের স্বর ফিরে পেতে কয়েক সপ্তাহ বা মাস সময় লাগতে পারে। কেগেল ব্যায়াম করা সাহায্য করতে পারে, তবে শুরু করার সঠিক সময় এবং কীভাবে সেগুলি সঠিকভাবে করা যায় সে সম্পর্কে আপনার স্বাস্থ্যসেবা প্রদানকারীর সাথে পরামর্শ করা ভাল। আপনি যদি প্রস্রাব ফুটো, যৌন মিলনের সময় ব্যথা বা অন্যান্য সমস্যা অনুভব করেন, তাহলে পরামর্শের জন্য আপনার প্রদানকারীর সাথে কথা বলুন বা পেরিনাল পুনর্বাসন বিশেষজ্ঞদের কাছে রেফারেল করুন।",প্রসবোত্তর মূত্রনালী এবং পেলভিক ফ্লোরের যত্ন,"প্রসবের পরে প্রস্রাব ফুটো, পেলভিক ফ্লোর পুনরুদ্ধার এবং পেরিনিয়ামের স্বাস্থ্য"
কিভাবে গর্ভাবস্থার পরে ওজন হ্রাস কাজ করে? প্রসবোত্তর ওজন কমানোর জন্য একটি যুক্তিসঙ্গত প্রত্যাশা কি? আপনার কি ডায়েটে যেতে হবে?,"প্রসবের পর, শিশুর প্রসবের মাধ্যমে অবিলম্বে কিছু ওজন কমে যায়, প্লাসেন্টা এবং অ্যামনিয়োটিক তরল, তারপরে জরায়ু সঙ্কুচিত হয় এবং রক্তের পরিমাণ কমে যায় এবং ফুলে যায়। পরবর্তী কয়েক সপ্তাহে, আপনার শরীর ধীরে ধীরে গর্ভাবস্থায় জমে থাকা চর্বিকে ব্যবহার করবে। যদিও ওজন হ্রাস নারী থেকে নারীতে পরিবর্তিত হয়, একটি যুক্তিসঙ্গত প্রত্যাশা হল প্রতি মাসে 1 থেকে 2 কেজি (2 থেকে 4 পাউন্ড।) একটি সুষম খাদ্য এবং একটি সক্রিয় জীবনধারার সাথে হ্রাস করা। ওজন কমানোর ডায়েটে যাওয়া, বিশেষ করে স্তন্যপান করানোর সময়, সুপারিশ করা হয় না কারণ এটি দুধ উৎপাদন এবং আপনার শক্তির মাত্রাকে প্রভাবিত করতে পারে। ধৈর্য ধরা গুরুত্বপূর্ণ, কারণ আপনার শরীর তার সঠিক প্রাক-গর্ভাবস্থায় ফিরে আসতে পারে না",প্রসবোত্তর ওজন হ্রাস,"প্রসবের পর ধীরে ধীরে ওজন হ্রাস, ধৈর্যের গুরুত্ব, সুষম খাদ্য এবং সক্রিয় জীবনধারা"
"উন্মুক্ত ত্বকে পণ্য প্রয়োগ করুন, অতিরিক্ত ধুয়ে ফেলুন।","যদিও এমন কোন বৈজ্ঞানিক প্রমাণ নেই যে পোকামাকড় প্রতিরোধকগুলি শিশুর জন্য ঝুঁকি তৈরি করে, এটি শুধুমাত্র উন্মুক্ত ত্বকে প্রতিরোধক প্রয়োগ করা এবং যে কোনও অতিরিক্ত পণ্য ধুয়ে ফেলা গুরুত্বপূর্ণ।",গর্ভাবস্থায় পোকামাকড় প্রতিরোধক ব্যবহারের জন্য সতর্কতা,গর্ভাবস্থায় পোকামাকড় নিরোধক প্রয়োগের জন্য নিরাপত্তা নির্দেশিকা।
ঝুঁকিপূর্ণ কার্যকলাপ এড়ানো এবং ব্যক্তিগত সীমা সম্মান.,"চিন্তা করবেন নাব্যায়াম আপনার শিশুর গর্ভপাত বা ক্ষতির ঝুঁকি বাড়ায় না। আপনার প্রসবপূর্ব যত্ন প্রদানকারী আপনাকে বলবেন যদি আপনার স্বাস্থ্য পরিস্থিতি শারীরিক কার্যকলাপে বাধা দেয়। যাইহোক, স্কুবা ডাইভিং, পতনের ঝুঁকি সহ খেলাধুলা, শারীরিক যোগাযোগ, প্রভাব বা আঘাতের মতো কার্যকলাপগুলি সুপারিশ করা হয় না। সিট-আপ, গরম বা আর্দ্র পরিবেশে ক্রিয়াকলাপ বা উচ্চ উচ্চতায় (2,500 মিটারের উপরে) এড়ানোও ভাল। আপনার শরীরের কথা শুনুন এবং আপনার সীমাকে সম্মান করুন।",শারীরিক কার্যকলাপের জন্য সতর্কতা,গর্ভাবস্থায় শারীরিক কার্যকলাপের জন্য নিরাপত্তা নির্দেশিকা।
আপনি কি ব্যাখ্যা করতে পারেন প্রিক্ল্যাম্পসিয়া কি?,"প্রিক্ল্যাম্পসিয়া একটি গুরুতর চিকিৎসা অবস্থা যা অকাল প্রসব এবং মৃত্যুর কারণ হতে পারে। এর কারণ অজানা, তবে কিছু মহিলার বর্ধিত ঝুঁকি রয়েছে। ঝুঁকির কারণগুলির মধ্যে রয়েছে প্রথম গর্ভধারণ, পূর্ববর্তী গর্ভাবস্থায় প্রিক্ল্যাম্পসিয়া, বিদ্যমান অবস্থা যেমন উচ্চ রক্তচাপ, ডায়াবেটিস, কিডনি রোগ এবং অন্যান্য, 35 বছর বা তার বেশি বয়সী হওয়া, দুই বা তার বেশি ভ্রূণ বহন করা এবং স্থূলতা।",প্রিক্ল্যাম্পসিয়া,প্রিক্ল্যাম্পসিয়া বোঝা
প্রিক্ল্যাম্পসিয়া সম্পর্কে বিস্তারিত কি?,"প্রিক্ল্যাম্পসিয়া একটি গুরুতর চিকিৎসা অবস্থা যা অকাল প্রসব এবং মৃত্যুর কারণ হতে পারে। এর কারণ অজানা, তবে কিছু মহিলার বর্ধিত ঝুঁকি রয়েছে। ঝুঁকির কারণগুলির মধ্যে রয়েছে প্রথম গর্ভধারণ, পূর্ববর্তী গর্ভাবস্থায় প্রিক্ল্যাম্পসিয়া, বিদ্যমান অবস্থা যেমন উচ্চ রক্তচাপ, ডায়াবেটিস, কিডনি রোগ এবং অন্যান্য, 35 বছর বা তার বেশি বয়সী হওয়া, দুই বা তার বেশি ভ্রূণ বহন করা এবং স্থূলতা।",প্রিক্ল্যাম্পসিয়া,প্রিক্ল্যাম্পসিয়া বোঝা
গর্ভাবস্থায় প্রিক্ল্যাম্পসিয়া বলতে কী বোঝায়?,"প্রিক্ল্যাম্পসিয়া একটি গুরুতর চিকিৎসা অবস্থা যা অকাল প্রসব এবং মৃত্যুর কারণ হতে পারে। এর কারণ অজানা, তবে কিছু মহিলার বর্ধিত ঝুঁকি রয়েছে। ঝুঁকির কারণগুলির মধ্যে রয়েছে প্রথম গর্ভধারণ, পূর্ববর্তী গর্ভাবস্থায় প্রিক্ল্যাম্পসিয়া, বিদ্যমান অবস্থা যেমন উচ্চ রক্তচাপ, ডায়াবেটিস, কিডনি রোগ এবং অন্যান্য, 35 বছর বা তার বেশি বয়সী হওয়া, দুই বা তার বেশি ভ্রূণ বহন করা এবং স্থূলতা।",প্রিক্ল্যাম্পসিয়া,প্রিক্ল্যাম্পসিয়া বোঝা
প্রিক্ল্যাম্পসিয়া কি?,"প্রিক্ল্যাম্পসিয়া একটি গুরুতর চিকিৎসা অবস্থা যা অকাল প্রসব এবং মৃত্যুর কারণ হতে পারে। এর কারণ অজানা, তবে কিছু মহিলার বর্ধিত ঝুঁকি রয়েছে। ঝুঁকির কারণগুলির মধ্যে রয়েছে প্রথম গর্ভধারণ, পূর্ববর্তী গর্ভাবস্থায় প্রিক্ল্যাম্পসিয়া, বিদ্যমান অবস্থা যেমন উচ্চ রক্তচাপ, ডায়াবেটিস, কিডনি রোগ এবং অন্যান্য, 35 বছর বা তার বেশি বয়সী হওয়া, দুই বা তার বেশি ভ্রূণ বহন করা এবং স্থূলতা।",প্রিক্ল্যাম্পসিয়া,প্রিক্ল্যাম্পসিয়া বোঝা
"গর্ভবতী মহিলারা প্রায়শই খাবারের প্রতি বিদ্বেষ অনুভব করেন, যার ফলে তারা একবার উপভোগ করা খাবার এড়িয়ে চলেন। এটি উদ্বেগের কারণ হতে পারে, ""কেন আমি যা খেতে পারি না?"" বা ""যদি আমি নির্দিষ্ট কিছু খাবার খেতে না পারি তাহলে আমি কীভাবে নিশ্চিত হতে পারি যে আমি এখনও যথেষ্ট পুষ্টি পাচ্ছি?""","বিশেষ করে গর্ভাবস্থার প্রথম ত্রৈমাসিকে খাবারের প্রতি বিদ্বেষ সাধারণ, এবং সেগুলি আপনাকে মাংস বা হাঁস-মুরগির মতো কিছু খাবার খাওয়া বন্ধ করে দিতে পারে। যাইহোক, আপনি এখনও প্রোটিনের জন্য অন্যান্য পুষ্টিকর বিকল্পগুলি যেমন লেবুস, ডিম বা মাছ প্রতিস্থাপন করে একটি সুষম খাদ্য বজায় রাখতে পারেন। আপনি যদি দেখেন যে আপনার ঘৃণা বা আকাঙ্ক্ষাগুলি ঘন ঘন, বিরক্তিকর, বা এটি খাওয়া কঠিন করে তোলে, তাহলে পরামর্শের জন্য আপনার জন্মপূর্ব যত্ন প্রদানকারী বা পুষ্টিবিদের সাথে কথা বলতে দ্বিধা করবেন না। আপনি আপনার এবং আপনার শিশুর উভয় পুষ্টির চাহিদা পূরণ করছেন তা নিশ্চিত করার জন্য এই বিশেষজ্ঞরা আপনাকে সমাধান খুঁজে পেতে সাহায্য করতে পারে।",গর্ভাবস্থার বিদ্বেষ,গর্ভাবস্থায় খাবারের প্রতিকূলতার ঘটনা এবং কীভাবে সেগুলি পরিচালনা করা যায়।
"গর্ভবতী মহিলারা প্রায়শই খাবারের প্রতি বিদ্বেষ অনুভব করেন, যার ফলে তারা একবার উপভোগ করা খাবার এড়িয়ে চলেন। এটি উদ্বেগের কারণ হতে পারে, ""কেন আমি যা খেতে পারি না?"" বা ""যদি আমি নির্দিষ্ট খাবার খেতে না পারি তাহলে আমি কীভাবে নিশ্চিত হতে পারি যে আমি এখনও যথেষ্ট পুষ্টি পাচ্ছি?""","বিশেষ করে গর্ভাবস্থার প্রথম ত্রৈমাসিকে খাবারের প্রতি বিদ্বেষ সাধারণ, এবং সেগুলি আপনাকে মাংস বা হাঁস-মুরগির মতো কিছু খাবার খাওয়া বন্ধ করে দিতে পারে। যাইহোক, আপনি এখনও প্রোটিনের জন্য অন্যান্য পুষ্টিকর বিকল্পগুলি যেমন লেবুস, ডিম বা মাছ প্রতিস্থাপন করে একটি সুষম খাদ্য বজায় রাখতে পারেন। আপনি যদি দেখেন যে আপনার ঘৃণা বা আকাঙ্ক্ষাগুলি ঘন ঘন, বিরক্তিকর বা এটি খাওয়া কঠিন করে তোলে, তাহলে পরামর্শের জন্য আপনার প্রসবপূর্ব যত্ন প্রদানকারী বা পুষ্টিবিদের সাথে কথা বলতে দ্বিধা করবেন না। আপনি আপনার এবং আপনার শিশুর উভয় পুষ্টির চাহিদা পূরণ করছেন তা নিশ্চিত করার জন্য এই বিশেষজ্ঞরা আপনাকে সমাধান খুঁজে পেতে সাহায্য করতে পারে।",গর্ভাবস্থার বিদ্বেষ,গর্ভাবস্থায় খাবারের প্রতিকূলতার ঘটনা এবং কীভাবে সেগুলি পরিচালনা করা যায়।
"গর্ভবতী মহিলারা প্রায়শই কিছু খাবারের প্রতি তীব্র আকাঙ্ক্ষা নিয়ে বিস্ময় বা উদ্বেগ প্রকাশ করে। প্রশ্ন যেমন, ""কেন আমি নির্দিষ্ট খাবার চাই?"" অথবা ""আমার লালসা কি স্বাভাবিক?"" সাধারণ","গর্ভাবস্থায় লোভ সাধারণ এবং চকলেট বা নোনতা খাবারের মতো অস্বাস্থ্যকর খাবার থেকে শুরু করে ফল বা দুগ্ধজাত খাবারের মতো আরও পুষ্টিকর বিকল্প পর্যন্ত হতে পারে। এই আকাঙ্ক্ষাগুলি প্রায়শই হরমোনের পরিবর্তন দ্বারা চালিত হয়, এবং যদিও তারা তীব্র হতে পারে, তারা অগত্যা একটি নির্দিষ্ট পুষ্টির প্রয়োজনকে প্রতিফলিত করে না। তৃষ্ণা নিয়ন্ত্রণে সাহায্য করার জন্য, নিয়মিত খাওয়া এবং একটি সুষম খাদ্য বজায় রাখা উপকারী। সামগ্রিকভাবে ভাল খাওয়া নিশ্চিত করে যে আপনার শরীর তার প্রয়োজনীয় পুষ্টি পায়, এমনকি যদি আপনি মাঝে মাঝে আপনার লালসায় লিপ্ত হন। মূল বিষয় হল সংযম এবং নিশ্চিত করা যে লোভ স্বাস্থ্যকর খাবারের প্রতিস্থাপন না করে।",গর্ভাবস্থার লালসা,গর্ভাবস্থায় খাবারের লোভের অভিজ্ঞতা এবং কীভাবে সেগুলি পরিচালনা করা যায়।
গর্ভাবস্থায় সাধারণ অস্বস্তি কি কি? কিভাবে গর্ভাবস্থায় ক্লান্তি উপশম করা যায়? ক্লান্তির কারণ কী এবং কীভাবে এটি পরিচালনা করা যায়? আপনি কখন সাহায্য চাইতে হবে?,"গর্ভাবস্থা বিভিন্ন শারীরিক পরিবর্তন নিয়ে আসে যা অস্বস্তির কারণ হতে পারে, যেমন ক্লান্তি, যা প্রাথমিক পর্যায়ে সাধারণ এবং তৃতীয় ত্রৈমাসিকে ফিরে আসতে পারে। ক্লান্তির কারণগুলির মধ্যে রয়েছে হরমোনের পরিবর্তন, ঘন ঘন প্রস্রাব, পিঠে ব্যথা বা পায়ে ক্র্যাম্পের মতো সমস্যাগুলি থেকে কম ঘুম হওয়া এবং অপর্যাপ্ত আয়রন গ্রহণ বা ডিহাইড্রেশনের মতো কারণগুলি। ক্লান্তি নিয়ন্ত্রণের জন্য, পর্যাপ্ত ঘুম (810 ঘন্টা), ঘুমের গুণমানে হস্তক্ষেপকারী সমস্যাগুলি সমাধান করা, বমি বমি ভাবের জন্য আপনার খাদ্যকে মানিয়ে নেওয়া এবং আপনি হাইড্রেটেড আছেন তা নিশ্চিত করা গুরুত্বপূর্ণ। যদি এই টিপসগুলি আপনার উপসর্গগুলির উন্নতি না করে, বা যদি আপনার অবস্থা আরও খারাপ হয়, তাহলে একজন স্বাস্থ্য পেশাদারের পরামর্শ নিন বা নির্দেশনার জন্য Info-Santé (8-1-1) এর সাথে যোগাযোগ করুন।",গর্ভাবস্থার অস্বস্তি এবং ক্লান্তি,"গর্ভাবস্থার পরিবর্তন, ক্লান্তি, উপশমের টিপস"
গর্ভাবস্থা সম্পর্কিত মাড়ির সমস্যাগুলি কীভাবে পরিচালনা করবেন এবং কখন দাঁতের যত্ন নেওয়া উচিত,"গর্ভাবস্থার মাড়ির প্রদাহ, যা 100% পর্যন্ত গর্ভবতী মহিলাদের প্রভাবিত করে, সাধারণত দ্বিতীয় মাসে শুরু হয় এবং এটি হরমোনের পরিবর্তনের কারণে হয় যা মাড়িকে আরও সংবেদনশীল করে তোলে, যার ফলে ফুলে যায় এবং রক্তপাত হয়। খারাপ হওয়া রোধ করতে, দিনে অন্তত দুবার আপনার দাঁত ব্রাশ করুন এবং প্রতিদিন ফ্লস করুন, কারণ ফ্লসিংয়ের মাধ্যমে মাড়ি থেকে রক্তপাত হওয়া স্বাভাবিক। ফোলা এবং রক্তপাত সাধারণত প্রসবের এক মাস পরে সমাধান হয়। অবস্থার উন্নতি না হলে, আরও মূল্যায়নের জন্য একজন ডেন্টিস্টের সাথে দেখা করার কথা বিবেচনা করুন।",গর্ভাবস্থার জিঞ্জিভাইটিস,"কারণ, প্রতিরোধ, কখন ডেন্টিস্ট দেখাবেন"
গর্ভাবস্থায় পনিরের নিরাপদ প্রকারগুলি কী কী এবং কোনটি এড়ানো উচিত?,"গর্ভাবস্থায়, পনির যা রান্না করা খাবারে ব্যবহার করা হয় এবং নিরাপদ অভ্যন্তরীণ তাপমাত্রায় আনা হয়, যেমন সস, ক্যাসারোল বা আউ গ্র্যাটিন, সেগুলি খাওয়া নিরাপদ। পারমেসান এবং রোমানোর মতো শক্ত পনির, সেইসাথে পাস্তুরিত দুধ (যেমন চেডার, গৌদা এবং সুইস), পনির দই, কুটির পনির, রিকোটা, ক্রিম পনির এবং প্রক্রিয়াজাত স্প্রেডেবল চিজগুলি থেকে তৈরি শক্ত চিজগুলিকে নিরাপদ বলে মনে করা হয়। যাইহোক, গর্ভবতী মহিলাদের ব্রি, বোকোনসিনি, ক্যামেম্বার্ট এবং ফেটা, আধা-নরম পনির যেমন সেন্ট-পলিন এবং হাভারতির মতো নরম পনির, সেইসাথে নীল পনিরগুলি এড়ানো উচিত, সেগুলি পাস্তুরিত বা আনপাস্তুরাইজড দুধ থেকে তৈরি হোক না কেন। উপরন্তু, unpasteurized (কাঁচা) দুধ থেকে তৈরি শক্ত চিজ এড়ানো উচিত।","গর্ভাবস্থা, পনির নিরাপত্তা",গর্ভাবস্থায় এড়ানো নিরাপদ চিজ এবং চিজ
গর্ভাবস্থায় দুধ এবং দুগ্ধজাত দ্রব্যের জন্য নিরাপদ পছন্দগুলি কী এবং কোনটি এড়ানো উচিত?,"গর্ভাবস্থায়, খাদ্যজনিত অসুস্থতার ঝুঁকি এড়াতে শুধুমাত্র পাস্তুরিত দুধ এবং পাস্তুরিত দুধ থেকে তৈরি দুগ্ধজাত পণ্য খাওয়া অপরিহার্য। পাস্তুরিত (কাঁচা) দুধ এবং পাস্তুরিত দুধ থেকে তৈরি দুগ্ধজাত দ্রব্য কঠোরভাবে এড়ানো উচিত কারণ তারা ক্ষতিকারক ব্যাকটেরিয়া বহন করতে পারে যা মা এবং শিশু উভয়ের জন্যই ঝুঁকির কারণ হতে পারে।","গর্ভাবস্থা, দুগ্ধ, দুধের নিরাপত্তা",পাস্তুরিত বনাম আনপাস্তুরাইজড দুগ্ধজাত পণ্য
গর্ভাবস্থায় ডিম এবং ডিম-ভিত্তিক পণ্যগুলির জন্য নিরাপদ পছন্দগুলি কী এবং কী এড়ানো উচিত? কীভাবে ডিম রান্না করা উচিত বা নিরাপত্তার জন্য রেসিপিতে ব্যবহার করা উচিত?,"গর্ভবতী মহিলাদের ভালভাবে রান্না করা ডিম খাওয়া উচিত, যার মধ্যে শক্ত কুসুম এবং সাদা, যেমন অমলেট, সেদ্ধ ডিম বা স্ক্র্যাম্বল করা ডিম পাওয়া যায়। পাস্তুরিত ডিম এবং ডিমের সাদা অংশগুলি এমন রেসিপিগুলির জন্য ব্যবহার করা উচিত যাতে সাধারণত কাঁচা ডিমের প্রয়োজন হয়, যেমন বাড়িতে তৈরি মেয়োনিজ বা ভিনাইগ্রেটস। কুইচের মতো ডিম-ভিত্তিক খাবারগুলিও নিরাপদ অভ্যন্তরীণ তাপমাত্রায় রান্না করা উচিত। অন্যদিকে, কাঁচা বা সর্দিযুক্ত ডিম যেমন রোদে পাকানো, নরম-সিদ্ধ বা পোচ করা ডিম এড়িয়ে চলতে হবে। অতিরিক্তভাবে, কাঁচা বা কম রান্না করা ডিম দিয়ে তৈরি রেসিপি, যেমন পাস্তুরিত মেয়োনিজ, সিজার সালাদ ড্রেসিং, বাড়িতে তৈরি ডিমনগ, মুস বা কাঁচা কুকি ময়দা, গর্ভাবস্থায় খাওয়া উচিত নয়। নিরাপত্তার জন্য ঘরে তৈরি ডিমনগকে 71°C (160°F)তে গরম করা উচিত।","গর্ভাবস্থা, ডিম, ডিম-ভিত্তিক পণ্য, খাদ্য নিরাপত্তা","নিরাপদ ডিম প্রস্তুতি, কাঁচা বা কম সিদ্ধ ডিম, পাস্তুরিত পণ্য"
গর্ভাবস্থায় নিরাপদ মাছ এবং সামুদ্রিক খাবারের পছন্দগুলি কী এবং কোনটি এড়ানো উচিত? নিরাপত্তা নিশ্চিত করতে মাছ কিভাবে প্রস্তুত করা উচিত?,"গর্ভবতী মহিলাদের নিরাপত্তা নিশ্চিত করতে নিরাপদ অভ্যন্তরীণ তাপমাত্রায় রান্না করা বা পুনরায় গরম করা মাছ এবং সামুদ্রিক খাবার বেছে নেওয়া উচিত। নিরাপদ বিকল্পগুলির মধ্যে রয়েছে মাছ এবং সামুদ্রিক খাবার যা সঠিকভাবে রান্না করা বা পুনরায় গরম করা হয়, সেইসাথে টিনজাত মাছ এবং সামুদ্রিক খাবারের পণ্য যা খোলা না হওয়া পর্যন্ত হিমায়নের প্রয়োজন হয় না। ধূমপান করা মাছ এবং সামুদ্রিক খাবার কেবলমাত্র সেবন করা উচিত যদি সেগুলি ফ্রিজে বা হিমায়িত করা হয় এবং সঠিকভাবে রান্না করা হয় বা নিরাপদ অভ্যন্তরীণ তাপমাত্রায় পুনরায় গরম করা হয়। অন্যদিকে, কাঁচা বা কম রান্না করা মাছ এবং সামুদ্রিক খাবার যেমন টারটারে, সুশি, সেভিচে বা কাঁচা ঝিনুক এড়িয়ে চলা উচিত। ধূমপান করা মাছ বা সামুদ্রিক খাবার যা ফ্রিজে বিক্রি করা হয় এবং পুনরায় গরম করা হয় না তাও গর্ভাবস্থায় অনিরাপদ।","গর্ভাবস্থা, মাছ, সামুদ্রিক খাবার, খাদ্য নিরাপত্তা","নিরাপদ সীফুড পছন্দ, কাঁচা মাছ, পুনরায় গরম করা"
"গর্ভাবস্থায় শাকসবজি, ফল এবং জুসের জন্য নিরাপদ পছন্দগুলি কী এবং কী এড়ানো উচিত? কিভাবে ফল এবং সবজি নিরাপত্তার জন্য প্রস্তুত করা উচিত?","গর্ভবতী মহিলাদের পাস্তুরিত ফলের রস বা আনপাস্তুরাইজড জুস খাওয়া উচিত যা একটি ফোঁড়ায় আনা হয়েছে এবং তারপরে নিরাপত্তার জন্য ঠান্ডা করা হয়েছে। সম্ভাব্য দূষক অপসারণের জন্য তাজা ফল এবং শাকসবজি খাওয়ার আগে ভালভাবে ধুয়ে নেওয়া উচিত। রান্না করা বা টিনজাত স্প্রাউটগুলি নিরাপদ, তবে কাঁচা স্প্রাউট যেমন আলফালফা, ক্লোভার, মূলা, মুগের ডাল এবং শিমের স্প্রাউটগুলি খাদ্যজনিত অসুস্থতার ঝুঁকির কারণে এড়ানো উচিত। অপরিশোধিত ফল ও সবজিও এড়িয়ে চলা উচিত কারণ এগুলো ক্ষতিকর ব্যাকটেরিয়া বহন করতে পারে।","গর্ভাবস্থা, ফলমূল, শাকসবজি, খাদ্য নিরাপত্তা","ফল, শাকসবজি, জুস এবং স্প্রাউটের নিরাপদ হ্যান্ডলিং"
কেন গর্ভবতী মহিলারা নির্দিষ্ট সংক্রমণের জন্য বেশি ঝুঁকিপূর্ণ? গর্ভাবস্থায় কোন সংক্রমণের ঝুঁকি থাকে? কিভাবে টক্সোপ্লাজমোসিস সংক্রমণ হয়?,"গর্ভাবস্থায়, একজন মহিলার রোগ প্রতিরোধ ক্ষমতা পরিবর্তিত হয়, যা তাকে কিছু সংক্রমণের জন্য আরও ঝুঁকিপূর্ণ করে তোলে, যেমন লিস্টিরিওসিস, যা মা এবং ভ্রূণ উভয়ের উপর মারাত্মক প্রভাব ফেলতে পারে। লিস্টিরিওসিস এবং টক্সোপ্লাজমোসিসের মতো সংক্রমণ গর্ভাবস্থায় আরও গুরুতর হতে পারে। টক্সোপ্লাজমোসিস একটি পরজীবী দ্বারা সঞ্চারিত হয় যা কাঁচা বা কম রান্না করা মাংসে পাওয়া যায়, সেইসাথে বিড়ালের মলের মধ্যেও। বিড়াল এবং বাগান সম্পর্কে বিভাগগুলিতে আরও বিশদ পাওয়া যাবে।","গর্ভাবস্থা, সংক্রমণ, টক্সোপ্লাজমোসিস, লিস্টেরিওসিস","ইমিউন সিস্টেমের পরিবর্তন, সংক্রমণের ঝুঁকি, টক্সোপ্লাজমোসিস সংক্রমণ"
গর্ভবতী মহিলাদের জন্য নিরাপদ মাংসের পছন্দগুলি কী এবং তাদের কোনটি এড়ানো উচিত? কিভাবে মাংস নিরাপদে প্রস্তুত করা যেতে পারে?,"গর্ভবতী মহিলাদের নিরাপদ অভ্যন্তরীণ তাপমাত্রায় রান্না করা বা পুনরায় গরম করা মাংস, খেলা এবং মুরগি বেছে নেওয়া উচিত যাতে নিরাপত্তা নিশ্চিত করা যায়। নিরাপদ পছন্দের মধ্যে রয়েছে সঠিকভাবে রান্না করা ঘরে তৈরি প্যাটেস, সঠিকভাবে সংরক্ষণ করা মাংসের স্প্রেড এবং রেফ্রিজারেটেড ডেলি মাংস যা গরম না হওয়া পর্যন্ত পুনরায় গরম করা হয়। অন্যদিকে, কাঁচা বা কম রান্না করা মাংস যেমন টার্টেয়ার বা কার্পাসিও, সেইসাথে প্যাটেস এবং মাংসের স্প্রেড যেগুলি খোলা না হওয়া পর্যন্ত হিমায়নের প্রয়োজন হয় না, এড়ানো উচিত। উপরন্তু, রেফ্রিজারেটেড ডেলি মাংস যা পুনরায় গরম করা হয় না এবং ধূমপান করা সসেজ (হট ডগ) সরাসরি প্যাকেজ থেকে খাওয়া হয় তাও অনিরাপদ। এই আইটেমগুলিকে নিরাপদ অভ্যন্তরীণ তাপমাত্রায় পুনরায় গরম করা দূষণ রোধ করার জন্য অত্যন্ত গুরুত্বপূর্ণ।","গর্ভাবস্থা, মাংস, হাঁস, খাদ্য নিরাপত্তা","নিরাপদ মাংস পছন্দ, খাবার এড়ানো, পুনরায় গরম করা, দূষণ"
আমি যদি ওষুধ গ্রহণ করি এবং জানতে পারি যে আমি গর্ভবতী তা আমার কী করা উচিত?,"আপনি যদি জানতে পারেন যে আপনি গর্ভবতী এবং বর্তমানে ওষুধ খাচ্ছেন, তাহলে অবিলম্বে একজন ডাক্তার বা ফার্মাসিস্টের সাথে পরামর্শ করা গুরুত্বপূর্ণ। আপনার চিকিৎসা চালিয়ে যাওয়া, সামঞ্জস্য করা বা বন্ধ করা উচিত কিনা সে বিষয়ে তারা আপনাকে গাইড করতে পারে। পেশাদার পরামর্শ ছাড়া আপনার ওষুধ বন্ধ না করা গুরুত্বপূর্ণ, কারণ এটি আপনার এবং আপনার শিশু উভয়ের জন্য জটিলতার কারণ হতে পারে। উপরন্তু, আপনি যদি গর্ভাবস্থায় অসুস্থ হয়ে পড়েন, তবে অনেক অসুস্থতার এখনও নিরাপদে চিকিত্সা করা যেতে পারে। সর্বদা সর্বোত্তম পদক্ষেপের জন্য আপনার স্বাস্থ্যসেবা প্রদানকারীর সাথে কথা বলুন এবং নিশ্চিত করুন যে আপনার গর্ভাবস্থার জন্য নির্ধারিত চিকিত্সা উপযুক্ত।","গর্ভাবস্থা, ওষুধ, স্বাস্থ্য পরামর্শ",গর্ভাবস্থায় ওষুধের ব্যবহার
গর্ভাবস্থায় আমার কি আমার ওষুধ বা প্রাকৃতিক স্বাস্থ্য পণ্য চালিয়ে যাওয়া উচিত?,"আপনি যদি গর্ভবতী হন বা গর্ভবতী হওয়ার পরিকল্পনা করেন এবং প্রেসক্রিপশন বা ওভার-দ্য-কাউন্টার ওষুধ বা প্রাকৃতিক স্বাস্থ্য পণ্য ব্যবহার করেন তবে আপনার স্বাস্থ্যসেবা প্রদানকারীর সাথে পরামর্শ করা গুরুত্বপূর্ণ। তারা আপনাকে পরামর্শ দিতে পারে যে আপনার ওষুধগুলি চালিয়ে যাওয়া, বন্ধ করা বা সামঞ্জস্য করা উচিত, কারণ কিছু আপনার শিশুর জন্য অনিরাপদ হতে পারে। উদ্বেগ, মৃগীরোগ, উচ্চ রক্তচাপ, হাইপোথাইরয়েডিজম, বিষণ্নতা, হাঁপানি বা ডায়াবেটিসের মতো অবস্থার জন্য ব্যবহৃত ওষুধগুলির জন্য এটি বিশেষভাবে গুরুত্বপূর্ণ, যার জন্য গর্ভাবস্থার আগে বা সময় সামঞ্জস্যের প্রয়োজন হতে পারে। আপনি এবং আপনার শিশু উভয়ের নিরাপত্তা এবং সুস্থতা নিশ্চিত করতে সর্বদা একজন ডাক্তার বা ফার্মাসিস্টের কাছ থেকে নির্দেশনা নিন।","গর্ভাবস্থা, ওষুধ, প্রাকৃতিক স্বাস্থ্য পণ্য, স্বাস্থ্য পরামর্শ",গর্ভাবস্থায় ওষুধের ব্যবহার এবং স্বাস্থ্য পণ্য
34 সপ্তাহের আগে জন্ম হলে একটি অকাল শিশুর কী যত্ন নেওয়া হয়? একটি নবজাতক নিবিড় পরিচর্যা ইউনিটে কীভাবে একটি অকাল শিশুকে সমর্থন করা হয়?,"34 সপ্তাহের আগে জন্ম নেওয়া একটি অকাল শিশুকে সাধারণত একটি নবজাতক নিবিড় পরিচর্যা ইউনিটে (এনআইসিইউ) স্থানান্তর করা হয়, যেখানে তারা বিভিন্ন ধরণের যত্ন পেতে পারে। এর মধ্যে রয়েছে শরীরের তাপমাত্রা বজায় রাখার জন্য একটি ইনকিউবেটরে রাখা, জন্ডিস হলে ফটোথেরাপি গ্রহণ করা এবং হাইড্রেশন এবং পুষ্টির জন্য একটি শিরায় দ্রবণ (IV) দেওয়া। উপরন্তু, শিশুর শ্বাস-প্রশ্বাস এবং খাওয়ানোর ক্ষেত্রে সহায়তার প্রয়োজন হতে পারে যতক্ষণ না তারা এইগুলি স্বাধীনভাবে পরিচালনা করার জন্য যথেষ্ট শক্তিশালী হয়।","অকাল শিশু যত্ন, নবজাতকের নিবিড় পরিচর্যা","ইনকিউবেটর, ফটোথেরাপি, শিরায় দ্রবণ, শ্বাস সহায়তা, খাওয়ানোর সহায়তা"
আপনি যদি নিয়মিত সংকোচন অনুভব করেন এবং 37 সপ্তাহের আগে যোনি স্রাব বৃদ্ধি পান তবে আপনার কী করা উচিত? 37 সপ্তাহ পরে এটি কি নির্দেশ করে?,"আপনি যদি 37 সপ্তাহের আগে একদিনে সাতটির বেশি নিয়মিত সংকোচন অনুভব করেন, যোনি স্রাব বৃদ্ধি সহ, এটি অকাল প্রসবের ইঙ্গিত দিতে পারে। এই ক্ষেত্রে, মূল্যায়নের জন্য আপনার স্বাস্থ্য পেশাদার বা হাসপাতালের সাথে যোগাযোগ করা গুরুত্বপূর্ণ, কারণ তাড়াতাড়ি ধরা পড়লে কখনও কখনও অকাল প্রসব বন্ধ করা যেতে পারে। যাইহোক, 37 সপ্তাহের পরে, একই লক্ষণগুলি সাধারণত স্বাভাবিক প্রসব শুরুর ইঙ্গিত দেয়, কারণ আপনার শিশুকে আর অকাল প্রসব করা হয় না।",অকাল প্রসবের লক্ষণ,নিয়মিত সংকোচন এবং 37 সপ্তাহের আগে স্রাব বৃদ্ধি
আপনি প্রসবপূর্ব যত্ন ব্যাখ্যা করতে পারেন?,"প্রসবপূর্ব যত্ন, যা প্রসবপূর্ব যত্ন নামেও পরিচিত, আপনি গর্ভবতী থাকাকালীন যে স্বাস্থ্যসেবা পান।",প্রসবপূর্ব যত্ন সংজ্ঞা,প্রসবপূর্ব যত্নের সংজ্ঞা এবং ব্যাখ্যা
প্রসবপূর্ব যত্নের সংজ্ঞা দাও।,"প্রসবপূর্ব যত্ন, যা প্রসবপূর্ব যত্ন নামেও পরিচিত, আপনি গর্ভবতী থাকাকালীন যে স্বাস্থ্যসেবা পান।",প্রসবপূর্ব যত্ন সংজ্ঞা,প্রসবপূর্ব যত্নের সংজ্ঞা এবং ব্যাখ্যা
প্রসবপূর্ব যত্ন কি জড়িত?,"প্রসবপূর্ব যত্ন, যা প্রসবপূর্ব যত্ন নামেও পরিচিত, আপনি গর্ভবতী থাকাকালীন যে স্বাস্থ্যসেবা পান।",প্রসবপূর্ব যত্ন সংজ্ঞা,প্রসবপূর্ব যত্নের সংজ্ঞা এবং ব্যাখ্যা
প্রসবপূর্ব যত্ন কি?,"প্রসবপূর্ব যত্ন, যা প্রসবপূর্ব যত্ন নামেও পরিচিত, আপনি গর্ভবতী থাকাকালীন যে স্বাস্থ্যসেবা পান।",প্রসবপূর্ব যত্ন সংজ্ঞা,প্রসবপূর্ব যত্নের সংজ্ঞা এবং ব্যাখ্যা
"কি ধরনের প্রসবপূর্ব ক্রিয়াকলাপ উপলব্ধ, এবং কারা অংশগ্রহণ করতে পারে? আপনি কিভাবে আপনার এলাকায় এই কার্যক্রম খুঁজে পেতে পারেন?","প্রসবপূর্ব ক্রিয়াকলাপ যেমন যোগব্যায়াম, অ্যারোবিকস, অ্যাকুয়াফিটনেস এবং অন্যান্য ক্লাসগুলি সক্রিয় থাকার, অন্যান্য গর্ভবতী পিতামাতার সাথে দেখা করার এবং গর্ভাবস্থায় দরকারী তথ্য অর্জনের একটি মজাদার উপায় সরবরাহ করে। এই কার্যক্রম পদ্ধতির পরিপ্রেক্ষিতে পরিবর্তিত হয়, শুরুর তারিখ, সময়কাল, অংশগ্রহণকারীদের সংখ্যা এবং খরচ। কিছু ক্রিয়াকলাপ বিশেষত গর্ভবতী মহিলাদের জন্য, অন্যগুলি দম্পতিদের জন্য উন্মুক্ত। আপনার এলাকায় কি পাওয়া যায় তা জানতে, আপনার স্বাস্থ্য পেশাদারকে জিজ্ঞাসা করুন বা আপনার স্থানীয় CLSC এর সাথে যোগাযোগ করুন।",জন্মপূর্ব কার্যক্রম,"কার্যক্রমের ধরন, সুবিধা, প্রাপ্যতা এবং স্থানীয় ক্লাস খোঁজা"
প্রসবপূর্ব ক্লাসগুলি কী কভার করে এবং কার উপস্থিত হওয়া উচিত? আপনি কিভাবে আপনার এলাকায় প্রসবপূর্ব ক্লাস খুঁজে পেতে পারেন?,"প্রসবপূর্ব ক্লাসগুলি গর্ভাবস্থা, শ্রম, প্রসব, বুকের দুধ খাওয়ানো এবং নবজাতকের যত্নের মতো বিষয়গুলিকে কভার করে। এই ক্লাসগুলি সাধারণত গ্রুপ সেটিংসে অনুষ্ঠিত হয় এবং পিতা বা অংশীদারদের অংশগ্রহণের জন্য উত্সাহিত করা হয়। তারা একই ধরনের অভিজ্ঞতার মধ্য দিয়ে যাওয়া অন্যদের সাথে সংযোগ করার সুযোগও প্রদান করে। আপনার এলাকায় প্রসবপূর্ব ক্লাসগুলি খুঁজে পেতে, আপনার স্বাস্থ্য পেশাদারকে জিজ্ঞাসা করুন বা আপনার স্থানীয় CLSC এর সাথে যোগাযোগ করুন।",প্রসবপূর্ব ক্লাস,"কভার করা বিষয়, গোষ্ঠী সেটিং, অংশীদার সম্পৃক্ততা, স্থানীয় ক্লাস খোঁজা"
কিভাবে আপনি আপনার শিশুর বাড়িতে আগমনের জন্য প্রস্তুত করতে পারেন? আপনি আপনার বাড়ির সংগঠিত করতে এবং এটি সামঞ্জস্য করা সহজ করতে কি করতে পারেন? আপনার সাহায্যের প্রয়োজন হলে আপনার কি করা উচিত? কিভাবে আপনি আপনার শিশুর সাথে প্রথম দিন এবং সপ্তাহ পরিচালনা করতে পারেন?,"আপনার শিশুর আগমনের জন্য প্রস্তুত করার জন্য, আপনি অতিরিক্ত খাবার রান্না করতে পারেন এবং সেগুলিকে হিমায়িত করতে পারেন, ধার করে বা শিশুর প্রয়োজনীয় জিনিসপত্র কিনে বাড়ি প্রস্তুত করতে পারেন, এবং কাজকর্ম বা পরিষ্কার করার মতো আপনার সাহায্যের প্রয়োজন হতে পারে এমন জিনিসগুলির একটি তালিকা তৈরি করুন৷ যদি সাহায্য না দেওয়া হয়, তাহলে অগ্রিম সাহায্য চাইতে দ্বিধা করবেন না। নমনীয় এবং সমর্থনের জন্য উন্মুক্ত হওয়া আপনাকে বাড়িতে আপনার শিশুর প্রথম দিন এবং সপ্তাহগুলিতে সামঞ্জস্য করতে সাহায্য করবে।",বাড়িতে শিশুর আগমনের প্রস্তুতি,"বাড়ি সংগঠিত করার জন্য টিপস, সাহায্য চাওয়া এবং নমনীয় হওয়ার জন্য"
কিভাবে আপনি বাড়িতে আপনার শিশুর আগমনের জন্য প্রস্তুত করতে পারেন? আপনি আপনার বাড়ির সংগঠিত করতে এবং এটি সামঞ্জস্য করা সহজ করতে কি করতে পারেন? আপনার সাহায্যের প্রয়োজন হলে আপনার কি করা উচিত? কিভাবে আপনি আপনার শিশুর সাথে প্রথম দিন এবং সপ্তাহ পরিচালনা করতে পারেন?,"আপনার শিশুর আগমনের জন্য প্রস্তুত করার জন্য, আপনি অতিরিক্ত খাবার রান্না করতে পারেন এবং সেগুলিকে হিমায়িত করতে পারেন, ধার করে বা শিশুর প্রয়োজনীয় জিনিসপত্র কিনে বাড়ি প্রস্তুত করতে পারেন, এবং কাজকর্ম বা পরিষ্কার করার মতো আপনার সাহায্যের প্রয়োজন হতে পারে এমন জিনিসগুলির একটি তালিকা তৈরি করুন৷ যদি সাহায্য না দেওয়া হয়, তাহলে অগ্রিম সাহায্য চাইতে দ্বিধা করবেন না। নমনীয় এবং সমর্থনের জন্য উন্মুক্ত হওয়া আপনাকে বাড়িতে আপনার শিশুর প্রথম দিন এবং সপ্তাহগুলিতে সামঞ্জস্য করতে সাহায্য করবে।",বাড়িতে শিশুর আগমনের জন্য প্রস্তুতি,"বাড়ি সংগঠিত করার জন্য টিপস, সাহায্য চাওয়া এবং নমনীয় হওয়ার জন্য"
আপনি কিভাবে একটি VBAC এর জন্য প্রস্তুত করবেন এবং প্রসবের সময় কোন ধরনের সহায়তা সাহায্য করতে পারে? আপনি কি VBAC চলাকালীন ব্যথা উপশমের বিকল্পগুলি ব্যবহার করতে পারেন?,"একটি VBAC-এর জন্য প্রস্তুতির সাথে যেকোন যোনি প্রসবের প্রস্তুতির মতো একই পদক্ষেপ জড়িত, যেমন প্রসবপূর্ব ক্লাস নেওয়া এবং ব্যথা উপশমের বিকল্পগুলি সম্পর্কে শেখা। প্রসবের সময় সমর্থন থাকা, বন্ধু, পরিবারের সদস্য বা ডৌলার কাছ থেকে, প্রসবকে মসৃণ করে এবং সি-সেকশনের প্রয়োজনের সম্ভাবনা কমিয়ে অভিজ্ঞতার উন্নতি করতে পারে। আপনি চাইলে প্রসবের সময় এপিডুরালের মতো ব্যথা উপশমের বিকল্পগুলিও বেছে নিতে পারেন।",একটি VBAC এর জন্য প্রস্তুতি নিচ্ছেন৷,"সি-সেকশনের পরে যোনিপথে প্রসবের জন্য প্রস্তুতি, প্রসবকালীন সহায়তা, ব্যথা উপশমের বিকল্প"
জন্ম ও পরিদর্শন সুবিধার জন্য প্রাথমিক পরিকল্পনার উপর জোর দেওয়া।,"আপনার নির্ধারিত তারিখ যত ঘনিয়ে আসছে, কখন হাসপাতালে বা জন্মদান কেন্দ্রে যেতে হবে সে সম্পর্কে আপনার প্রসবপূর্ব যত্ন প্রদানকারীর সাথে চেক করা গুরুত্বপূর্ণ। অনেক সুবিধা আপনাকে যেকোনো প্রশ্নের জন্য 20 সপ্তাহ থেকে শুরু করে সরাসরি তাদের সাথে যোগাযোগ করতে দেয়। আপনার নির্ধারিত তারিখ পর্যন্ত সপ্তাহগুলিতে, আপনার হাসপাতালের ব্যাগ প্রস্তুত করা শুরু করুন এবং আপনার অন্যান্য শিশুদের যত্নের ব্যবস্থা করুন, যাতে প্রসব শুরু হলে আপনি চাপে না পড়েন। আপনার জন্মের বিকল্পগুলি, সুবিধা দ্বারা প্রদত্ত পরিষেবাগুলি এবং তাদের যে কোনও নির্দিষ্ট নিয়ম বা রুটিন সম্পর্কেও চিন্তা করা উচিত। অনেক হাসপাতাল এবং বার্থিং সেন্টার ভার্চুয়াল ট্যুর প্রদান করে বা আপনাকে প্রসবের ঘর এবং উপলব্ধ সরঞ্জামগুলির সাথে পরিচিত করতে ব্যক্তিগতভাবে দেখার অনুমতি দেয়। আপনি যদি অনিশ্চিত হন, আপনার স্বাস্থ্য পেশাদার বা প্রসবপূর্ব ক্লাস প্রশিক্ষককে আপনার পছন্দের অবস্থানের সাথে স্বাচ্ছন্দ্য বোধ করার জন্য সুযোগগুলি দেখার বিষয়ে জিজ্ঞাসা করুন।",প্রসবের জন্য প্রস্তুতি নিচ্ছেন,জন্ম ও হাসপাতাল বা বার্থিং সেন্টারে থাকার জন্য প্রস্তুতির বিষয়ে নির্দেশিকা।
আমার নির্ধারিত তারিখের আগে সংকোচন হওয়ার কারণ কী?,সমস্ত সংকোচনের অর্থ এই নয় যে আপনি প্রসবকালীন অবস্থায় আছেন। সত্যিকারের শ্রম শুরু হওয়ার আগে আপনার সংকোচন চালু এবং বন্ধ হতে পারে। এগুলোকে মিথ্যা প্রসব বেদনা বা ব্র্যাক্সটন-হিক্স সংকোচন বলা হয়। এগুলি আপনার শরীরকে প্রসব এবং জন্মের জন্য প্রস্তুত হতে সাহায্য করার জন্য জরায়ুমুখকে নরম ও পাতলা করে। আপনার নির্ধারিত তারিখের ঠিক আগের সপ্তাহগুলিতে আপনি সেগুলি অনুভব করতে পারেন। সত্যিকারের শ্রম সংকোচন এবং মিথ্যা শ্রম সংকোচনের মধ্যে পার্থক্য শেখা আপনাকে জানতে সাহায্য করতে পারে যখন আপনি সত্যিই শ্রমে আছেন।,প্রিটার্ম লেবার পেইন,অকাল প্রসব বেদনা বোঝা
আমার নির্ধারিত তারিখের আগে সংকোচনের কারণ কী হতে পারে?,সমস্ত সংকোচনের অর্থ এই নয় যে আপনি প্রসবকালীন অবস্থায় আছেন। সত্যিকারের শ্রম শুরু হওয়ার আগে আপনার সংকোচন চালু এবং বন্ধ হতে পারে। এগুলোকে মিথ্যা প্রসব বেদনা বা ব্র্যাক্সটন-হিক্স সংকোচন বলা হয়। এগুলি আপনার শরীরকে প্রসব এবং জন্মের জন্য প্রস্তুত হতে সাহায্য করার জন্য জরায়ুমুখকে নরম ও পাতলা করে। আপনার নির্ধারিত তারিখের ঠিক আগের সপ্তাহগুলিতে আপনি সেগুলি অনুভব করতে পারেন। সত্যিকারের শ্রম সংকোচন এবং মিথ্যা শ্রম সংকোচনের মধ্যে পার্থক্য শেখা আপনাকে জানতে সাহায্য করতে পারে যখন আপনি সত্যিই শ্রমে আছেন।,প্রিটার্ম লেবার পেইন,অকাল প্রসব বেদনা বোঝা
কেন আমি প্রথম দিকে প্রসব বেদনা অনুভব করছি?,সমস্ত সংকোচনের অর্থ এই নয় যে আপনি প্রসবকালীন অবস্থায় আছেন। সত্যিকারের শ্রম শুরু হওয়ার আগে আপনার সংকোচন চালু এবং বন্ধ হতে পারে। এগুলোকে মিথ্যা প্রসব বেদনা বা ব্র্যাক্সটন-হিক্স সংকোচন বলা হয়। এগুলি আপনার শরীরকে প্রসব এবং জন্মের জন্য প্রস্তুত হতে সাহায্য করার জন্য জরায়ুমুখকে নরম ও পাতলা করে। আপনার নির্ধারিত তারিখের ঠিক আগের সপ্তাহগুলিতে আপনি সেগুলি অনুভব করতে পারেন। সত্যিকারের শ্রম সংকোচন এবং মিথ্যা শ্রম সংকোচনের মধ্যে পার্থক্য শেখা আপনাকে জানতে সাহায্য করতে পারে যখন আপনি সত্যিই শ্রমে আছেন।,প্রিটার্ম লেবার পেইন,অকাল প্রসব বেদনা বোঝা
আমার নির্ধারিত তারিখের আগে কেন আমার প্রসব ব্যথা হয়?,সমস্ত সংকোচনের অর্থ এই নয় যে আপনি প্রসবকালীন অবস্থায় আছেন। সত্যিকারের শ্রম শুরু হওয়ার আগে আপনার সংকোচন চালু এবং বন্ধ হতে পারে। এগুলোকে মিথ্যা প্রসব বেদনা বা ব্র্যাক্সটন-হিক্স সংকোচন বলা হয়। এগুলি আপনার শরীরকে প্রসব এবং জন্মের জন্য প্রস্তুত হতে সাহায্য করার জন্য জরায়ুমুখকে নরম ও পাতলা করে। আপনার নির্ধারিত তারিখের ঠিক আগের সপ্তাহগুলিতে আপনি সেগুলি অনুভব করতে পারেন। সত্যিকারের শ্রম সংকোচন এবং মিথ্যা শ্রম সংকোচনের মধ্যে পার্থক্য শেখা আপনাকে জানতে সাহায্য করতে পারে যখন আপনি সত্যিই শ্রমে আছেন।,প্রিটার্ম লেবার পেইন,অকাল প্রসব বেদনা বোঝা
কিছু খাবার বাদ দিলে কি নবজাতকের অ্যালার্জির ঝুঁকি কমে?,"গর্ভাবস্থায় আপনার খাদ্য থেকে খাবার বাদ দিলে আপনার নবজাতকের খাদ্য অ্যালার্জির ঝুঁকি কমে না। আসলে, কিছু খাবার বাদ দিয়ে, আপনি আপনার স্বাস্থ্য এবং আপনার শিশুর বিকাশ উভয়ের জন্য প্রয়োজনীয় প্রয়োজনীয় পুষ্টি থেকে নিজেকে বঞ্চিত করতে পারেন। আপনার যদি অ্যালার্জি সম্পর্কে উদ্বেগ থাকে, তাহলে সঠিক নির্দেশনার জন্য আপনার স্বাস্থ্য পেশাদারের সাথে সেগুলি নিয়ে আলোচনা করা ভাল।","এলার্জি প্রতিরোধ, গর্ভাবস্থা",গর্ভাবস্থায় খাদ্য এলার্জি
কীভাবে খাদ্য-বাহিত সংক্রমণ প্রতিরোধ করা যায়,"যদিও পরিবেশ থেকে সমস্ত জীবাণু নির্মূল করা অসম্ভব, খাদ্য এবং জল সহ, খাদ্যে পাওয়া বেশিরভাগ জীবাণু ক্ষতিকারক নয়। আপনার পাচক এবং ইমিউন সিস্টেম তাদের বিরুদ্ধে রক্ষা করার জন্য কাজ করে। যাইহোক, ভাল স্বাস্থ্যবিধি অনুশীলন করা, যেমন আপনার হাত ধোয়া, সঠিক তাপমাত্রায় খাবার রান্না করা এবং নিয়মিত পৃষ্ঠতল পরিষ্কার করা, আপনাকে গর্ভাবস্থায় খাদ্যজনিত সংক্রমণ থেকে রক্ষা করতে সাহায্য করতে পারে।","খাদ্য-বাহিত সংক্রমণ প্রতিরোধ, স্বাস্থ্যবিধি, গর্ভাবস্থা",গর্ভাবস্থায় খাদ্যজনিত সংক্রমণের ঝুঁকি
সাধারণ খাদ্য নিরাপত্তা ব্যবস্থা,"খাদ্য-বাহিত সংক্রমণ প্রতিরোধ করার জন্য, খাদ্য প্রস্তুতির সাথে জড়িত প্রত্যেকের জন্য সঠিক খাদ্য নিরাপত্তা অনুশীলনগুলি অনুসরণ করা গুরুত্বপূর্ণ। এর মধ্যে রয়েছে নিরাপদ খাবার বেছে নেওয়া, সঠিক তাপমাত্রায় সংরক্ষণ করা, পরিষ্কার হাতে সেগুলি পরিচালনা করা এবং সঠিক তাপমাত্রায় রান্না করা। যদিও এই ব্যবস্থাগুলি প্রত্যেকের জন্য প্রযোজ্য, গর্ভবতী মহিলাদেরও নির্দিষ্ট খাবার সম্পর্কে সচেতন হওয়া উচিত যা একটি বড় ঝুঁকি তৈরি করে। আরও বিস্তারিত নির্দেশনার জন্য 110 পৃষ্ঠায় ""গর্ভবতী মহিলাদের জন্য প্রতিরোধ টিপস"" বিভাগটি পড়ুন।","পুরো পরিবারের জন্য প্রতিরোধ টিপস, খাদ্য নিরাপত্তা, পারিবারিক স্বাস্থ্যবিধি","খাদ্য-বাহিত সংক্রমণ প্রতিরোধ, পরিবারের জন্য খাদ্য নিরাপত্তা"
প্রসবের পরে আপনি কখন শুধুমাত্র প্রোজেস্টিন পিল ব্যবহার করা শুরু করতে পারেন এবং কোন বিধিনিষেধ আছে কি?,"আপনি জন্ম দেওয়ার পরে যে কোনও সময় প্রোজেস্টিন-শুধুমাত্র পিল ব্যবহার করা শুরু করতে পারেন, কারণ কোনও নির্দিষ্ট বিধিনিষেধ নেই, অনুমান করে যে কোনও দ্বন্দ্ব নেই।",প্রোজেস্টিন-শুধুমাত্র বড়ি,শুধুমাত্র প্রোজেস্টিন পিল শুরু করার সময়
গর্ভবতী মহিলারা তাদের ডায়েটে প্রোটিনের গুরুত্ব এবং নিয়মিত প্রোটিন সমৃদ্ধ খাবারের ধরন সম্পর্কে জিজ্ঞাসা করতে পারেন।,"আপনার শিশুর অঙ্গ এবং পেশীগুলির বিকাশের জন্য গর্ভাবস্থায় প্রোটিন অত্যাবশ্যক, এবং এটি সারা দিন আপনার শক্তির মাত্রা বজায় রাখতে সাহায্য করে। এই চাহিদাগুলিকে সমর্থন করার জন্য প্রতিটি খাবার এবং জলখাবারে প্রোটিন সমৃদ্ধ খাবার অন্তর্ভুক্ত করুন। উদ্ভিদ-ভিত্তিক প্রোটিন যেমন লেগুম, বাদাম, বীজ এবং সয়া পণ্য যেমন টফু সহ বিভিন্ন উত্স বেছে নিন। এই বিকল্পগুলি শুধুমাত্র প্রয়োজনীয় পুষ্টি সরবরাহ করে না বরং একটি সুষম এবং টেকসই খাদ্যের প্রচার করে।",গর্ভাবস্থায় প্রোটিন জাতীয় খাবার,গর্ভাবস্থায় ভ্রূণের বিকাশ এবং মাতৃশক্তির মাত্রা বজায় রাখতে প্রোটিনের ভূমিকা।
পুডেন্ডাল নার্ভ ব্লকের প্রশাসন এবং প্রভাব,একটি পুডেন্ডাল নার্ভ ব্লক হল একটি ব্যথা উপশম পদ্ধতি যা প্রসবের ঠেলাঠেলি পর্যায়ের ঠিক আগে দেওয়া হয়। এটি পেরিনিয়াম এবং যোনি এলাকায় ব্যথা কমিয়ে কাজ করে। প্রক্রিয়াটির মধ্যে একটি দীর্ঘ সুই ব্যবহার করে যোনিপথের মাধ্যমে দুটি পুডেন্ডাল স্নায়ুতে একটি চেতনানাশক ইনজেকশন অন্তর্ভুক্ত করা হয়।,ব্যথা উপশম জন্য Pudendal নার্ভ ব্লক,প্রসবের সময় পুডেনডাল নার্ভ ব্লক ব্যবহার
আপনার সার্ভিক্স সম্পূর্ণরূপে প্রসারিত হলে কি হয়? ধাক্কা দেওয়ার তাগিদ কেমন অনুভব করে এবং সম্পূর্ণ প্রসারণের আগে যদি আপনি এটি অনুভব করেন তবে আপনার কী করা উচিত? ঠেলাঠেলি করার সময় মলত্যাগ করা বা পেরিনিয়াল টিয়ার অনুভব করা কি স্বাভাবিক? কিভাবে একটি epidural ধাক্কা তাড়ার সংবেদন প্রভাবিত করে?,"একবার আপনার সার্ভিক্স সম্পূর্ণরূপে 10 সেমি প্রসারিত হয়ে গেলে, সংবেদনগুলি পরিবর্তিত হয় এবং আপনি সম্ভবত ধাক্কা দেওয়ার তাগিদ অনুভব করবেন। সংকোচনগুলি শক্তিশালী হয়ে ওঠে, আপনার সমস্ত শক্তি আপনার শিশুকে বাইরে ঠেলে দেওয়ার উপর ফোকাস করে। আপনি যদি সম্পূর্ণ প্রসারণের আগে তাগিদ অনুভব করেন, তাহলে আপনার যত্ন দল আপনাকে নির্দেশ দেবে কখন এটিকে আরও কার্যকর করার জন্য চাপ দেওয়া শুরু করতে হবে। ধাক্কা দেওয়ার সময়, একটি মলত্যাগ স্বাভাবিক, এবং আপনার পেরিনিয়ামটি যথেষ্ট প্রসারিত না হলে ছিঁড়ে যেতে পারে, তবে এই অশ্রুগুলি সাধারণত ভালভাবে নিরাময় করে। আপনার যদি এপিডুরাল থাকে, তাহলে প্রাথমিকভাবে ধাক্কা দেওয়ার তাগিদ কমে যেতে পারে, কিন্তু আপনার শিশুর নিচে নেমে যাওয়ার সাথে সাথে আপনি সচেতনতা ফিরে পাবেন, আপনাকে আরও কার্যকরভাবে ধাক্কা দেওয়ার অনুমতি দেবে।",পুশিং স্টেজ,"জরায়ুর প্রসারণ, ধাক্কা দেওয়ার তাগিদ, মলত্যাগ, পেরিনিয়াল টিয়ার, এপিডুরাল প্রভাব"
আপনার প্রথম প্রসবপূর্ব অ্যাপয়েন্টমেন্টের সময় আপনার স্বাস্থ্য পেশাদার কি ধরনের প্রশ্ন জিজ্ঞাসা করতে পারে? কেন এই পর্যায়ে পরীক্ষা এবং উদ্বেগ নিয়ে আলোচনা করা গুরুত্বপূর্ণ?,"আপনার প্রথম প্রসবপূর্ব অ্যাপয়েন্টমেন্টের সময়, আপনার স্বাস্থ্য পেশাদার সম্ভবত আপনার শেষ মাসিকের তারিখ, গর্ভাবস্থার আগে এবং পরে আপনার স্বাস্থ্য, পূর্ববর্তী গর্ভধারণ, পারিবারিক চিকিৎসার ইতিহাস, কোনো স্ত্রীরোগ সংক্রান্ত সমস্যা, আপনার জীবনধারা, ধর্মীয় বিশ্বাস, চাপের উত্স এবং আপনার কাজের পরিবেশ সম্পর্কে জিজ্ঞাসা করবেন। জেনেটিক স্ক্রীনিং সহ পরীক্ষাগুলি সম্পর্কে যেকোন উদ্বেগ বা প্রশ্নগুলির সমাধান করারও এটি সময়, যা আদর্শভাবে গর্ভাবস্থার 11 থেকে 13 সপ্তাহের মধ্যে আলোচনা করা উচিত।",প্রথম প্রসবপূর্ব অ্যাপয়েন্টমেন্টের সময় প্রশ্ন,"স্বাস্থ্য ইতিহাস, পারিবারিক ইতিহাস, জীবনধারা এবং পরীক্ষা"
"ধূমপান হ্রাস করা বা ত্যাগ করা মা এবং শিশু উভয়েরই উপকার করে, সহায়তার জন্য উপলব্ধ বিভিন্ন সংস্থান।","গর্ভাবস্থায় ধূমপান ছেড়ে দিতে দেরি হয় না। এমনকি যদি আপনি আপনার গর্ভাবস্থার পরে ছেড়ে দেন, তবুও আপনার শিশু উপকৃত হবে। যেহেতু ধূমপান প্রায়শই একটি আসক্তি, তাই সিগারেটের সংখ্যা হ্রাস করা ছাড়ার দিকে প্রথম পদক্ষেপ হতে পারে। নির্দেশনার জন্য আপনার স্বাস্থ্যসেবা প্রদানকারীর সাথে কথা বলুন। iQuitnow হেল্পলাইন (1-866-527-7383) এবং তামাক-মুক্ত কেন্দ্রগুলির মতো বিনামূল্যে পরিষেবাগুলি ছেড়ে যাওয়ার জন্য আপনার যাত্রায় সহায়তা দিতে পারে।",গর্ভাবস্থায় ধূমপান ত্যাগ করা,এমনকি গর্ভাবস্থার পরেও ধূমপান ছেড়ে দেওয়ার সমর্থন এবং সুবিধা।
ভ্রূণ পর্যবেক্ষণ কখন ব্যবহার করা হয় এবং কেন এটি প্রয়োজনীয়?,"শেষ ত্রৈমাসিকের সময় ভ্রূণ পর্যবেক্ষণ ব্যবহার করা হয়, বিশেষ করে যদি স্বাস্থ্য সংক্রান্ত উদ্বেগ থাকে যেমন ডায়াবেটিস, উচ্চ রক্তচাপ, বা শিশুর সাথে সমস্যা যেমন নড়াচড়া কমে যাওয়া, ওজন কম হওয়া, বা অপর্যাপ্ত অ্যামনিওটিক তরল থাকা। এটি নিশ্চিত করতে সাহায্য করে যে এই পরিস্থিতিতে শিশুটি ভাল করছে।",ভ্রূণ পর্যবেক্ষণের কারণ,"স্বাস্থ্য সমস্যা, শিশুর উদ্বেগ, শেষ ত্রৈমাসিক"
গর্ভাবস্থায় আমার ডায়েট কীভাবে পরিকল্পনা করা উচিত?,"গর্ভাবস্থায়, এটি একটি স্বাস্থ্যকর এবং সুষম খাদ্য বজায় রাখার সুপারিশ করা হয়। অতিরিক্ত খাওয়া এড়িয়ে চলুন এবং বড়, বিরল খাবারের পরিবর্তে সারাদিনে একাধিক হালকা খাবার বেছে নিন।",গর্ভাবস্থায় প্রস্তাবিত খাবার,গর্ভাবস্থায় পুষ্টি এবং খাদ্যতালিকাগত পছন্দ সম্পর্কে পরামর্শ
গর্ভাবস্থায় আমার কি খাবার খাওয়া উচিত?,"গর্ভাবস্থায়, এটি একটি স্বাস্থ্যকর এবং সুষম খাদ্য বজায় রাখার সুপারিশ করা হয়। অতিরিক্ত খাওয়া এড়িয়ে চলুন এবং বড়, বিরল খাবারের পরিবর্তে সারাদিনে একাধিক হালকা খাবার বেছে নিন।",গর্ভাবস্থায় প্রস্তাবিত খাবার,গর্ভাবস্থায় পুষ্টি এবং খাদ্যতালিকাগত পছন্দ সম্পর্কে পরামর্শ
গর্ভাবস্থায় আমার কী খাওয়া এড়ানো উচিত?,"গর্ভাবস্থায়, এটি একটি স্বাস্থ্যকর এবং সুষম খাদ্য বজায় রাখার সুপারিশ করা হয়। অতিরিক্ত খাওয়া এড়িয়ে চলুন এবং বড়, বিরল খাবারের পরিবর্তে সারাদিনে একাধিক হালকা খাবার বেছে নিন।",গর্ভাবস্থায় প্রস্তাবিত খাবার,গর্ভাবস্থায় পুষ্টি এবং খাদ্যতালিকাগত পছন্দ সম্পর্কে পরামর্শ
গর্ভাবস্থায় কোন খাবারের পরামর্শ দেওয়া হয়?,"গর্ভাবস্থায়, এটি একটি স্বাস্থ্যকর এবং সুষম খাদ্য বজায় রাখার সুপারিশ করা হয়। অতিরিক্ত খাওয়া এড়িয়ে চলুন এবং বড়, বিরল খাবারের পরিবর্তে সারাদিনে একাধিক হালকা খাবার বেছে নিন।",গর্ভাবস্থায় প্রস্তাবিত খাবার,গর্ভাবস্থায় পুষ্টি এবং খাদ্যতালিকাগত পছন্দ সম্পর্কে পরামর্শ
প্রসবের পরে যোনি কিভাবে শক্ত করবেন?,"পেলভিক ব্যায়াম, যেমন কেগেল ব্যায়াম, প্রসবের পরে যোনি টানটান এবং শ্রোণীর পেশী টোনিং করতে সাহায্য করে।",প্রসবের পরে টাইট ভ্যাজাইনা পুনরুদ্ধার করুন,প্রসবের পরে যোনি টানটান পুনরুদ্ধারের পদ্ধতি সম্পর্কে পরামর্শ।
বাচ্চা হওয়ার পর ভ্যাজাইনাল টাইটনেস পুনরুদ্ধারের উপায়?,"পেলভিক ব্যায়াম, যেমন কেগেল ব্যায়াম, প্রসবের পরে যোনি টানটান এবং শ্রোণীর পেশী টোনিং করতে সাহায্য করে।",প্রসবের পরে টাইট ভ্যাজাইনা পুনরুদ্ধার করুন,প্রসবের পরে যোনি টানটান পুনরুদ্ধারের পদ্ধতি সম্পর্কে পরামর্শ।
প্রসবের পরে যোনিতে টানটানতা ফিরে পেতে আমি কী করতে পারি?,"পেলভিক ব্যায়াম, যেমন কেগেল ব্যায়াম, প্রসবের পরে যোনি টানটান এবং পেলভিক পেশী টোনিং করতে সাহায্য করে।",প্রসবের পরে টাইট ভ্যাজাইনা পুনরুদ্ধার করুন,প্রসবের পরে যোনি টানটান পুনরুদ্ধারের পদ্ধতি সম্পর্কে পরামর্শ।
কিভাবে একজন মায়ের সিজারিয়ান পরে পুনরুদ্ধার করা উচিত? ব্যথা উপশম এবং ছেদ যত্নের জন্য কি করা উচিত? সিজারিয়ানের পর কখন একজন মা আবার কার্যক্রম শুরু করতে পারেন?,"সিজারিয়ানের পরে, পুনরুদ্ধারে সহায়তা করার জন্য ধীরে ধীরে হাঁটা, পান করা এবং খাওয়া শুরু করা গুরুত্বপূর্ণ। ঘুরে বেড়ানো জটিলতা প্রতিরোধে সহায়তা করে। চিরা থেকে ব্যথা এবং পার্শ্ববর্তী এলাকায় অসাড়তা ঘটতে পারে, ডাক্তার দ্বারা নির্ধারিত ব্যথা উপশম সহ। ছেদটি পরের সপ্তাহগুলিতে নিরাময় হবে, এবং স্বাস্থ্য পেশাদাররা ক্ষতটির যত্ন নেওয়ার বিষয়ে নির্দেশিকা প্রদান করবেন। নবজাতকের যত্নের বিষয়েও মায়েদের পরামর্শ দেওয়া হয়, যদিও সিজারিয়ানের মাধ্যমে জন্ম নেওয়া শিশুদের সাধারণত বিশেষ যত্নের প্রয়োজন হয় না। গাড়ি চালানো, উত্তোলন, কিছু শারীরিক ক্রিয়াকলাপ বা যৌন সম্পর্ক স্থাপনের মতো কার্যকলাপগুলি পুনরায় শুরু করতে কয়েক সপ্তাহ সময় লাগবে।",একটি সিজারিয়ান থেকে পুনরুদ্ধার,"পুনরুদ্ধারের প্রক্রিয়া, ব্যথা উপশম, ছেদ যত্ন, কার্যকলাপে ফিরে আসা"
প্রথম সফল গর্ভাবস্থার পরে একাধিক গর্ভপাত পরিচালনার জন্য পরামর্শ?,"আপনার প্রথম সন্তানের বিষয় হওয়ার পরে একাধিক গর্ভপাতের সম্মুখীন হওয়া। এটি আপনার শিশুর সাথে রক্তের অসামঞ্জস্যতার সমস্যা নির্দেশ করতে পারে। আপনার রক্তের গ্রুপ এবং রিসাস ফ্যাক্টর পরীক্ষা করতে আপনার সঙ্গীর সাথে একটি স্বাস্থ্যসেবা কেন্দ্রে যান। আপনার রিসাস ফ্যাক্টর নেতিবাচক হলে, আপনার অ্যান্টি-ডি ইনজেকশন প্রয়োজন হতে পারে। উপরন্তু, কখনও কখনও একটি অক্ষম জরায়ুমুখ শিশুকে মেয়াদে বহন করতে বাধা দেয়, প্রসব পর্যন্ত একটি সুস্থ গর্ভাবস্থাকে সমর্থন করার জন্য সার্ভিকাল সেলাই প্রয়োজন।",বারবার গর্ভপাত,প্রথম সন্তানের পরে বারবার গর্ভপাতের সাথে মোকাবিলা করার জন্য নির্দেশিকা
প্রথম সন্তান হওয়ার পরে বারবার গর্ভপাত কীভাবে পরিচালনা করবেন?,"আপনার প্রথম সন্তানের বিষয় হওয়ার পরে একাধিক গর্ভপাতের সম্মুখীন হওয়া। এটি আপনার শিশুর সাথে রক্তের অসামঞ্জস্যতার সমস্যা নির্দেশ করতে পারে। আপনার রক্তের গ্রুপ এবং রিসাস ফ্যাক্টর পরীক্ষা করতে আপনার সঙ্গীর সাথে একটি স্বাস্থ্যসেবা কেন্দ্রে যান। আপনার রিসাস ফ্যাক্টর নেতিবাচক হলে, আপনার অ্যান্টি-ডি ইনজেকশন প্রয়োজন হতে পারে। উপরন্তু, কখনও কখনও একটি অক্ষম জরায়ুমুখ শিশুকে মেয়াদে বহন করতে বাধা দেয়, প্রসব পর্যন্ত একটি সুস্থ গর্ভাবস্থাকে সমর্থন করার জন্য সার্ভিকাল সেলাই প্রয়োজন।",বারবার গর্ভপাত,প্রথম সন্তানের পরে বারবার গর্ভপাতের সাথে মোকাবিলা করার জন্য নির্দেশিকা
বারবার গর্ভপাতের কারণ এবং পরবর্তীতে কী করতে হবে?,"আপনার প্রথম সন্তানের বিষয় হওয়ার পরে একাধিক গর্ভপাতের সম্মুখীন হওয়া। এটি আপনার শিশুর সাথে রক্তের অসামঞ্জস্যতার সমস্যা নির্দেশ করতে পারে। আপনার রক্তের গ্রুপ এবং রিসাস ফ্যাক্টর পরীক্ষা করতে আপনার সঙ্গীর সাথে একটি স্বাস্থ্যসেবা কেন্দ্রে যান। আপনার রিসাস ফ্যাক্টর নেতিবাচক হলে, আপনার অ্যান্টি-ডি ইনজেকশন প্রয়োজন হতে পারে। উপরন্তু, কখনও কখনও একটি অক্ষম জরায়ুমুখ শিশুকে মেয়াদে বহন করতে বাধা দেয়, প্রসব পর্যন্ত একটি সুস্থ গর্ভাবস্থাকে সমর্থন করার জন্য সার্ভিকাল সেলাই প্রয়োজন।",বারবার গর্ভপাত,প্রথম সন্তানের পরে বারবার গর্ভপাতের সাথে মোকাবিলা করার জন্য নির্দেশিকা
আমার প্রথম সন্তানের পরে আমার একাধিক গর্ভপাত হলে আমার কী করা উচিত?,"আপনার প্রথম সন্তানের বিষয় হওয়ার পরে একাধিক গর্ভপাতের সম্মুখীন হওয়া। এটি আপনার শিশুর সাথে রক্তের অসামঞ্জস্যতার সমস্যা নির্দেশ করতে পারে। আপনার রক্তের গ্রুপ এবং রিসাস ফ্যাক্টর পরীক্ষা করতে আপনার সঙ্গীর সাথে একটি স্বাস্থ্যসেবা কেন্দ্রে যান। আপনার রিসাস ফ্যাক্টর নেতিবাচক হলে, আপনার অ্যান্টি-ডি ইনজেকশন প্রয়োজন হতে পারে। উপরন্তু, কখনও কখনও একটি অক্ষম জরায়ুমুখ শিশুকে মেয়াদে বহন করতে বাধা দেয়, প্রসব পর্যন্ত একটি সুস্থ গর্ভাবস্থাকে সমর্থন করার জন্য সার্ভিকাল সেলাই প্রয়োজন।",বারবার গর্ভপাত,প্রথম সন্তানের পরে বারবার গর্ভপাতের সাথে মোকাবিলা করার জন্য নির্দেশিকা
গর্ভপাতের কারণ কী এবং কীভাবে আরএইচ নেগেটিভ রক্ত ​​পরিস্থিতিকে প্রভাবিত করে?,"গর্ভপাত একটি সাধারণ ঘটনা, ছয়টির মধ্যে একটি গর্ভধারণ এইভাবে শেষ হয়, বিশেষ করে প্রথম 12 সপ্তাহে। বেশিরভাগ গর্ভপাত প্রধান জেনেটিক অস্বাভাবিকতার কারণে হয়, যেখানে ভ্রূণ সঠিকভাবে বিকশিত হয় না, বা শিশুর হৃৎপিণ্ড স্পন্দন বন্ধ করে দেয়। এই ধরনের ক্ষেত্রে, জরায়ু বৃদ্ধি বন্ধ করে এবং এর বিষয়বস্তু বের করে দেয়। যদি একজন মহিলার আরএইচ নেগেটিভ রক্ত ​​থাকে, তাহলে ভবিষ্যতে গর্ভধারণে জটিলতা এড়াতে তাকে রক্তপাত বা গর্ভপাতের পর ইমিউনোগ্লোবুলিন (WinRho®) গ্রহণ করতে হতে পারে। আপনার স্বাস্থ্যসেবা পেশাদার এটি প্রয়োজনীয় কিনা তা মূল্যায়ন করবে।","আরএইচ নেগেটিভ রক্ত, গর্ভপাত",আরএইচ নেগেটিভ রক্ত ​​এবং গর্ভপাতের ঝুঁকি
রিসাস ফ্যাক্টর কি (Rh ফ্যাক্টর),"রক্তের অন্যতম বৈশিষ্ট্য। আপনি হয় 
আরএইচ পজিটিভ বা আরএইচ নেগেটিভ।",রিসাস ফ্যাক্টর (Rh ফ্যাক্টর),রিসাস ফ্যাক্টর (Rh ফ্যাক্টর) সংজ্ঞা
এক্স-রে রশ্মি কি আমার গর্ভের শিশুর জন্য ক্ষতিকর?,এক্স-রে রেডিয়েশনের উচ্চ মাত্রার এক্সপোজার গর্ভাবস্থায় শিশুর জন্য নিরাপদ নয়।,গর্ভাবস্থায় এক্স-রে এক্সপোজারের ঝুঁকি,গর্ভাবস্থায় একটি অনাগত শিশুর এক্স-রে এক্সপোজারের সম্ভাব্য ঝুঁকি সম্পর্কে উদ্বেগকে সম্বোধন করা।
আমি গর্ভবতী হলে এক্স-রে কি আমার শিশুর বিকাশকে প্রভাবিত করতে পারে?,এক্স-রে রেডিয়েশনের উচ্চ মাত্রার এক্সপোজার গর্ভাবস্থায় শিশুর জন্য নিরাপদ নয়।,গর্ভাবস্থায় এক্স-রে এক্সপোজারের ঝুঁকি,গর্ভাবস্থায় একটি অনাগত শিশুর এক্স-রে এক্সপোজারের সম্ভাব্য ঝুঁকি সম্পর্কে উদ্বেগকে সম্বোধন করা।
গর্ভাবস্থায় আমার কি এক্স-রে এড়ানো উচিত?,এক্স-রে রেডিয়েশনের উচ্চ মাত্রার এক্সপোজার গর্ভাবস্থায় শিশুর জন্য নিরাপদ নয়।,গর্ভাবস্থায় এক্স-রে এক্সপোজারের ঝুঁকি,গর্ভাবস্থায় একটি অনাগত শিশুর এক্স-রে এক্সপোজারের সম্ভাব্য ঝুঁকি সম্পর্কে উদ্বেগকে সম্বোধন করা।
আমার অনাগত সন্তানের এক্স-রে এক্সপোজারের বিপদ কি কি?,এক্স-রে রেডিয়েশনের উচ্চ মাত্রার এক্সপোজার গর্ভাবস্থায় শিশুর জন্য নিরাপদ নয়।,গর্ভাবস্থায় এক্স-রে এক্সপোজারের ঝুঁকি,গর্ভাবস্থায় একটি অনাগত শিশুর এক্স-রে এক্সপোজারের সম্ভাব্য ঝুঁকি সম্পর্কে উদ্বেগকে সম্বোধন করা।
রুবেলা সম্পর্কে গর্ভবতী মহিলাদের কী জানা উচিত?,"রুবেলা (জার্মান হাম) ব্যাপক টিকা দেওয়ার কারণে কুইবেকে বিরল। যাইহোক, যদি একজন গর্ভবতী মহিলার রুবেলা সংক্রামিত হয়, তবে এটি গর্ভাবস্থা এবং ভ্রূণ উভয়ের জন্যই গুরুতর জটিলতা সৃষ্টি করতে পারে, যার মধ্যে জন্মগত ত্রুটি রয়েছে। আপনি যদি সন্দেহ করেন যে আপনি রুবেলা আক্রান্ত কারো সংস্পর্শে এসেছেন, তাহলে মূল্যায়ন এবং সম্ভাব্য পরীক্ষার জন্য একজন ডাক্তারের সাথে পরামর্শ করা গুরুত্বপূর্ণ।","রুবেলা, গর্ভাবস্থা, জার্মান হাম, সংক্রমণ, ঝুঁকি",গর্ভাবস্থায় রুবেলা
"নিরাপদ যৌন অভ্যাস, STI প্রতিরোধে কনডম ব্যবহার, গর্ভাবস্থায় জটিলতা প্রতিরোধ করা।","গর্ভাবস্থায় যৌন সংক্রমিত সংক্রমণ (STIs) থেকে নিজেকে রক্ষা করা অপরিহার্য। যদি এক্সপোজারের ঝুঁকি থাকে, তাহলে কনডম ব্যবহার সংক্রমণের সংক্রমণ প্রতিরোধে সাহায্য করতে পারে, যার ফলে আপনার স্বাস্থ্য এবং আপনার শিশুর স্বাস্থ্য উভয়ই সুরক্ষিত থাকে।",গর্ভাবস্থায় STI সুরক্ষা,যৌন ক্রিয়াকলাপের সময় কনডম ব্যবহারের গুরুত্ব যৌন সংক্রামিত সংক্রমণ (এসটিআই) প্রতিরোধ করতে এবং মা এবং শিশু উভয়কে রক্ষা করতে।
গর্ভাবস্থায় আল্ট্রাসাউন্ড থেকে আমার শিশুর কোন ঝুঁকি আছে কি?,"আল্ট্রাসাউন্ড স্ক্যানগুলি আপনার অনাগত শিশুর জন্য অত্যন্ত নিরাপদ বলে মনে করা হয়, কারণ এতে ক্ষতিকর রশ্মি জড়িত নয়।",গর্ভাবস্থায় আল্ট্রাসাউন্ডের নিরাপত্তা,গর্ভাবস্থায় অনাগত শিশুদের জন্য আল্ট্রাসাউন্ড স্ক্যানের নিরাপত্তা সম্পর্কে উদ্বেগ দূর করা।
স্ক্যান করার সময় আল্ট্রাসাউন্ড রশ্মি কি আমার শিশুর জন্য ক্ষতিকর?,"আল্ট্রাসাউন্ড স্ক্যানগুলি আপনার অনাগত শিশুর জন্য অত্যন্ত নিরাপদ বলে মনে করা হয়, কারণ এতে ক্ষতিকর রশ্মি জড়িত নয়।",গর্ভাবস্থায় আল্ট্রাসাউন্ডের নিরাপত্তা,গর্ভাবস্থায় অনাগত শিশুদের জন্য আল্ট্রাসাউন্ড স্ক্যানের নিরাপত্তা সম্পর্কে উদ্বেগ দূর করা।
আল্ট্রাসাউন্ড রশ্মি আমার অনাগত সন্তানকে প্রভাবিত করে সে সম্পর্কে আমার কি চিন্তিত হওয়া উচিত?,"আল্ট্রাসাউন্ড স্ক্যানগুলি আপনার অনাগত শিশুর জন্য অত্যন্ত নিরাপদ বলে মনে করা হয়, কারণ এতে ক্ষতিকর রশ্মি জড়িত নয়।",গর্ভাবস্থায় আল্ট্রাসাউন্ডের নিরাপত্তা,গর্ভাবস্থায় অনাগত শিশুদের জন্য আল্ট্রাসাউন্ড স্ক্যানের নিরাপত্তা সম্পর্কে উদ্বেগ দূর করা।
আল্ট্রাসাউন্ড স্ক্যান কি আমার শিশুর স্বাস্থ্যের উপর প্রভাব ফেলবে?,"আল্ট্রাসাউন্ড স্ক্যানগুলি আপনার অনাগত শিশুর জন্য অত্যন্ত নিরাপদ বলে মনে করা হয়, কারণ এতে ক্ষতিকর রশ্মি জড়িত নয়।",গর্ভাবস্থায় আল্ট্রাসাউন্ডের নিরাপত্তা,গর্ভাবস্থায় অনাগত শিশুদের জন্য আল্ট্রাসাউন্ড স্ক্যানের নিরাপত্তা সম্পর্কে উদ্বেগ দূর করা।
"গর্ভাবস্থায় ক্রোমোসোমাল অসামঞ্জস্যের জন্য স্ক্রীনিং পরীক্ষাগুলি কী কী? কি পদক্ষেপ জড়িত, এবং তারা বাধ্যতামূলক?","Québec-এর প্রসবপূর্ব স্ক্রীনিং প্রোগ্রাম প্রসবপূর্ব যত্নের অংশ হিসাবে ক্রোমোসোমাল অসঙ্গতির জন্য স্ক্রীনিং পরীক্ষা প্রদান করে, যেমন ট্রাইসোমি 21, 18 বা 13। এই পরীক্ষাগুলি বাধ্যতামূলক নয়, এবং অংশগ্রহণ করবেন কিনা তা আপনার উপর নির্ভর করে। প্রক্রিয়াটি সাধারণত একটি জৈব রাসায়নিক পরীক্ষা জড়িত, সম্ভবত একটি আল্ট্রাসাউন্ড দ্বারা অনুসরণ করা হয়। যদি পরীক্ষার ফলাফলগুলি অসঙ্গতির উচ্চ সম্ভাবনার পরামর্শ দেয়, তাহলে একটি জিনোমিক (ভ্রূণের ডিএনএ) পরীক্ষা বা একটি ডায়াগনস্টিক পরীক্ষা দেওয়া যেতে পারে। অতিরিক্তভাবে, কিছু কিছু মহিলাকে অবিলম্বে একটি জিনোমিক পরীক্ষার প্রস্তাব দেওয়া হতে পারে যদি তারা নির্দিষ্ট মানদণ্ড পূরণ করে, যেমন 40 বছরের বেশি হওয়া, ট্রাইসোমি সহ পূর্বে গর্ভধারণ করা বা যমজ সন্তানের জন্ম দেওয়া। যারা অংশগ্রহণ করতে চান তাদের জন্য স্ক্রিনিং প্রোগ্রামের অধীনে বেশিরভাগ পরীক্ষা বিনামূল্যে। এই পরীক্ষাগুলি করার আগে, শিশুর ট্রাইসোমি ধরা পড়লে আপনি যে সিদ্ধান্তগুলির মুখোমুখি হতে পারেন তা বিবেচনা করা গুরুত্বপূর্ণ।","স্ক্রীনিং টেস্ট, প্রসবপূর্ব স্ক্রীনিং প্রোগ্রাম","ট্রাইসোমি স্ক্রীনিং, ঐচ্ছিক পরীক্ষা, সিদ্ধান্ত গ্রহণ"
"আপনি যদি গর্ভাবস্থায় গুরুতর মাথাব্যথা, উপরের পেটে ব্যথা বা দৃষ্টিশক্তির পরিবর্তন অনুভব করেন তবে আপনার কী করা উচিত? রক্তচাপ সম্পর্কে আপনার কখন একজন স্বাস্থ্য পেশাদারের সাথে দেখা করা উচিত?","যদি আপনি গুরুতর মাথাব্যথা, উপরের পেটে ব্যথা, দৃষ্টিশক্তির হঠাৎ পরিবর্তন, বা গর্ভাবস্থায় অসুস্থ হওয়ার সাধারণ অনুভূতি অনুভব করেন তবে আপনার অবিলম্বে আপনার স্বাস্থ্য পেশাদারের সাথে যোগাযোগ করা উচিত। উপরন্তু, যদি আপনার রক্তচাপ 140/90-এর বেশি হয়, তাহলে আরও মূল্যায়নের জন্য একজন স্বাস্থ্য পেশাদারের সাথে পরামর্শ করা গুরুত্বপূর্ণ।","গর্ভাবস্থায় গুরুতর মাথাব্যথা, উপরের পেটে ব্যথা বা দৃষ্টি পরিবর্তন","লক্ষণগুলি দেখার জন্য, কখন চিকিৎসা সহায়তা চাইতে হবে৷"
আমি কি গর্ভবতী অবস্থায় যৌন কার্যকলাপে জড়িত হতে পারি?,"হ্যাঁ, গর্ভাবস্থায় সহবাস করা সাধারণত নিরাপদ, তবে প্রথম ত্রৈমাসিকে (প্রথম 12 সপ্তাহ) এটি এড়ানোর পরামর্শ দেওয়া হয়। এই সময়ে, গর্ভাবস্থা ভঙ্গুর, এবং সংক্রমণের ঝুঁকি এবং গর্ভপাত ঘটাতে প্রবল যৌনতার সম্ভাবনা উদ্বেগের বিষয়।",গর্ভাবস্থায় সেক্স,গর্ভাবস্থায় যৌন কার্যকলাপ সম্পর্কিত পরামর্শ
গর্ভাবস্থায় সেক্স করা কি নিরাপদ?,"হ্যাঁ, গর্ভাবস্থায় সহবাস করা সাধারণত নিরাপদ, তবে প্রথম ত্রৈমাসিকে (প্রথম 12 সপ্তাহ) এটি এড়ানোর পরামর্শ দেওয়া হয়। এই সময়ে, গর্ভাবস্থা ভঙ্গুর, এবং সংক্রমণের ঝুঁকি এবং গর্ভপাত ঘটাতে প্রবল যৌনতার সম্ভাবনা উদ্বেগের বিষয়।",গর্ভাবস্থায় সেক্স,গর্ভাবস্থায় যৌন কার্যকলাপ সম্পর্কিত পরামর্শ
গর্ভাবস্থায় কি সেক্স করা বাঞ্ছনীয়?,"হ্যাঁ, গর্ভাবস্থায় সহবাস করা সাধারণত নিরাপদ, তবে প্রথম ত্রৈমাসিকে (প্রথম 12 সপ্তাহ) এটি এড়ানোর পরামর্শ দেওয়া হয়। এই সময়ে, গর্ভাবস্থা ভঙ্গুর, এবং সংক্রমণের ঝুঁকি এবং গর্ভপাত ঘটাতে প্রবল যৌনতার সম্ভাবনা উদ্বেগের বিষয়।",গর্ভাবস্থায় সেক্স,গর্ভাবস্থায় যৌন কার্যকলাপ সম্পর্কিত পরামর্শ
আমি কি গর্ভাবস্থায় সেক্স এড়িয়ে চলব?,"হ্যাঁ, গর্ভাবস্থায় সহবাস করা সাধারণত নিরাপদ, তবে প্রথম ত্রৈমাসিকে (প্রথম 12 সপ্তাহ) এটি এড়ানোর পরামর্শ দেওয়া হয়। এই সময়ে, গর্ভাবস্থা ভঙ্গুর, এবং সংক্রমণের ঝুঁকি এবং গর্ভপাত ঘটাতে প্রবল যৌনতার সম্ভাবনা উদ্বেগের বিষয়।",গর্ভাবস্থায় সেক্স,গর্ভাবস্থায় যৌন কার্যকলাপ সম্পর্কিত পরামর্শ
"চিকিৎসা নিষেধাজ্ঞা, প্রসবপূর্ব যত্ন প্রদানকারীর নির্দেশিকা, গর্ভাবস্থায় নিরাপত্তা নিশ্চিত করার জন্য সতর্কতা।","কিছু ক্ষেত্রে, আপনার প্রসবপূর্ব যত্ন প্রদানকারী যৌন মিলনের বিরুদ্ধে পরামর্শ দিতে পারেন, বিশেষ করে যদি রক্তপাত, পেটে ব্যথা বা অকাল প্রসবের বিষয়ে উদ্বেগের মতো জটিলতা থাকে। তাদের নির্দেশিকা অনুসরণ করা এবং আপনার এবং আপনার শিশু উভয়ের নিরাপত্তার জন্য প্রয়োজনীয় সতর্কতা অবলম্বন করা গুরুত্বপূর্ণ।",গর্ভাবস্থায় যৌন ক্রিয়াকলাপ,"রক্তপাত, পেটে ব্যথা, প্লাসেন্টার সমস্যা বা অকাল প্রসবের ঝুঁকির মতো জটিলতার কারণে মিলনের বিরুদ্ধে চিকিৎসা পরামর্শ।"
সহবাসের আগে যোনি সেলাইয়ের পরে আমার কতক্ষণ অপেক্ষা করা উচিত?,যৌন মিলন পুনরায় শুরু করার আগে সেলাই করা জায়গাটি নিরাময়ের জন্য সাধারণত 40 থেকে 60 দিন অপেক্ষা করার পরামর্শ দেওয়া হয়।,যোনি সেলাই পরে যৌন মিলন,প্রসবের পরে যোনি সেলাই পাওয়ার পরে যৌন মিলন পুনরায় শুরু করা কখন নিরাপদ সে বিষয়ে পরামর্শ।
যোনি সেলাই পাওয়ার পর সেক্স করা কি নিরাপদ?,যৌন মিলন পুনরায় শুরু করার আগে সেলাই করা জায়গাটি নিরাময়ের জন্য সাধারণত 40 থেকে 60 দিন অপেক্ষা করার পরামর্শ দেওয়া হয়।,যোনি সেলাই পরে যৌন মিলন,প্রসবের পরে যোনি সেলাই পাওয়ার পরে যৌন মিলন পুনরায় শুরু করা কখন নিরাপদ সে বিষয়ে পরামর্শ।
প্রসবের পরে যোনি সেলাইয়ের পরে আমি কখন সহবাস করতে পারি?,যৌন মিলন পুনরায় শুরু করার আগে সেলাই করা জায়গাটি নিরাময়ের জন্য সাধারণত 40 থেকে 60 দিন অপেক্ষা করার পরামর্শ দেওয়া হয়।,যোনি সেলাই পরে যৌন মিলন,প্রসবের পরে যোনি সেলাই পাওয়ার পরে যৌন মিলন পুনরায় শুরু করা কখন নিরাপদ সে বিষয়ে পরামর্শ।
"যৌন আকাঙ্ক্ষার ওঠানামা, শারীরিক এবং মানসিক পরিবর্তন ঘনিষ্ঠতাকে প্রভাবিত করে, ঘনিষ্ঠতার নতুন রূপগুলি অন্বেষণ করে।","গর্ভাবস্থার ফলে যৌন ইচ্ছা এবং ঘনিষ্ঠতার পরিবর্তন হতে পারে। দম্পতিরা শারীরিক অস্বস্তি, মানসিক পরিবর্তন বা ব্যক্তিগত সীমানার কারণে বিভিন্ন মাত্রার যৌন তৃপ্তি অনুভব করতে পারে। খোলাখুলিভাবে যোগাযোগ করা, একে অপরের প্রয়োজনের সাথে খাপ খাইয়ে নেওয়া এবং একটি সুস্থ সম্পর্ক বজায় রাখার জন্য ঘনিষ্ঠতার নতুন উপায়গুলি অন্বেষণ করা গুরুত্বপূর্ণ।",গর্ভাবস্থায় যৌনতা,"যৌন ইচ্ছা, ঘনিষ্ঠতা, অস্বস্তি, ব্যক্তিগত সীমা এবং পিতামাতা হিসাবে বিকশিত উপলব্ধিতে পরিবর্তন।"
সেক্সুয়ালি ট্রান্সমিটেড ইনফেকশন (STI) কি?,"ব্যাকটেরিয়া বা ভাইরাস দ্বারা সৃষ্ট সংক্রমণ 
যৌন যোগাযোগের মাধ্যমে।",সেক্সুয়ালি ট্রান্সমিটেড ইনফেকশন (STI),সেক্সুয়ালি ট্রান্সমিটেড ইনফেকশন (STI) সংজ্ঞা
কিভাবে গর্ভাবস্থা ধারালো পেট ব্যথা অবদান?,"গোলাকার লিগামেন্ট ব্যথা গর্ভাবস্থায় সবচেয়ে সাধারণ অস্বস্তিগুলির মধ্যে একটি। বৃত্তাকার লিগামেন্টগুলি হল সংযোগকারী টিস্যু কর্ড যা প্রতিটি পাশে জরায়ুকে সমর্থন করে, এটি কুঁচকি এবং পিউবিক অঞ্চলের সাথে সংযুক্ত করে। গর্ভাবস্থায় জরায়ু প্রসারিত হওয়ার সাথে সাথে এই লিগামেন্টগুলি প্রসারিত এবং খিঁচুনি হতে পারে, যখন আপনি নড়াচড়া করেন তখন তীক্ষ্ণ ব্যথা হতে পারে।",গর্ভাবস্থায় পেটে তীব্র ব্যথা,গর্ভাবস্থায় বৃত্তাকার লিগামেন্টের ব্যথা বোঝা
গর্ভাবস্থায় পেটে তীব্র ব্যথা অনুভব করার কারণগুলি কী কী?,"গোলাকার লিগামেন্ট ব্যথা গর্ভাবস্থায় সবচেয়ে সাধারণ অস্বস্তিগুলির মধ্যে একটি। বৃত্তাকার লিগামেন্টগুলি হল সংযোগকারী টিস্যু কর্ড যা প্রতিটি পাশে জরায়ুকে সমর্থন করে, এটি কুঁচকি এবং পিউবিক অঞ্চলের সাথে সংযুক্ত করে। গর্ভাবস্থায় জরায়ু প্রসারিত হওয়ার সাথে সাথে এই লিগামেন্টগুলি প্রসারিত এবং খিঁচুনি হতে পারে, যখন আপনি নড়াচড়া করেন তখন তীক্ষ্ণ ব্যথা হতে পারে।",গর্ভাবস্থায় পেটে তীব্র ব্যথা,গর্ভাবস্থায় বৃত্তাকার লিগামেন্টের ব্যথা বোঝা
গর্ভাবস্থায় ধারালো পেটে ব্যথার কারণ কী হতে পারে?,"গোলাকার লিগামেন্ট ব্যথা গর্ভাবস্থায় সবচেয়ে সাধারণ অস্বস্তিগুলির মধ্যে একটি। বৃত্তাকার লিগামেন্টগুলি হল সংযোগকারী টিস্যু কর্ড যা প্রতিটি পাশে জরায়ুকে সমর্থন করে, এটি কুঁচকি এবং পিউবিক অঞ্চলের সাথে সংযুক্ত করে। গর্ভাবস্থায় জরায়ু প্রসারিত হওয়ার সাথে সাথে এই লিগামেন্টগুলি প্রসারিত এবং খিঁচুনি হতে পারে, যখন আপনি নড়াচড়া করেন তখন তীক্ষ্ণ ব্যথা হতে পারে।",গর্ভাবস্থায় পেটে তীব্র ব্যথা,গর্ভাবস্থায় বৃত্তাকার লিগামেন্টের ব্যথা বোঝা
আমার পেটে তীব্র ব্যথা কেন?,"গোলাকার লিগামেন্ট ব্যথা গর্ভাবস্থায় সবচেয়ে সাধারণ অস্বস্তিগুলির মধ্যে একটি। বৃত্তাকার লিগামেন্টগুলি হল সংযোগকারী টিস্যু কর্ড যা প্রতিটি পাশে জরায়ুকে সমর্থন করে, এটি কুঁচকি এবং পিউবিক অঞ্চলের সাথে সংযুক্ত করে। গর্ভাবস্থায় জরায়ু প্রসারিত হওয়ার সাথে সাথে এই লিগামেন্টগুলি প্রসারিত এবং খিঁচুনি হতে পারে, যখন আপনি নড়াচড়া করেন তখন তীক্ষ্ণ ব্যথা হতে পারে।",গর্ভাবস্থায় পেটে তীব্র ব্যথা,গর্ভাবস্থায় বৃত্তাকার লিগামেন্টের ব্যথা বোঝা
আমি শ্রমে প্রবেশ করছি কিনা তা আমি কীভাবে বলতে পারি?,"প্রসব শুরু হতে পারে এমন লক্ষণগুলির মধ্যে রয়েছে পেটের সংকোচন বা শক্ত হওয়া, একটি ""শো"" যেখানে আপনার জরায়ু থেকে মিউকাস প্লাগ চলে আসে, পিঠে ব্যথা, আপনার অন্ত্রের উপর শিশুর মাথার চাপের কারণে টয়লেটে যাওয়ার তাগিদ, এবং আপনার জল ভেঙে যাওয়া। শ্রমের প্রাথমিক, সুপ্ত পর্যায় সম্পূর্ণরূপে অগ্রসর হতে কিছু সময় নিতে পারে।",শ্রমের লক্ষণ,শ্রমের সূত্রপাত সনাক্তকরণ
আমি কিভাবে বুঝব যে আমি প্রসবের মধ্যে আছি?,"প্রসব শুরু হতে পারে এমন লক্ষণগুলির মধ্যে রয়েছে পেটের সংকোচন বা শক্ত হওয়া, একটি ""শো"" যেখানে আপনার জরায়ু থেকে মিউকাস প্লাগ চলে আসে, পিঠে ব্যথা, আপনার অন্ত্রের উপর শিশুর মাথার চাপের কারণে টয়লেটে যাওয়ার তাগিদ, এবং আপনার জল ভেঙে যাওয়া। শ্রমের প্রাথমিক, সুপ্ত পর্যায় সম্পূর্ণরূপে অগ্রসর হতে কিছু সময় নিতে পারে।",শ্রমের লক্ষণ,শ্রমের সূত্রপাত সনাক্তকরণ
শ্রম শুরুর সূচকগুলি কী কী?,"প্রসব শুরু হতে পারে এমন লক্ষণগুলির মধ্যে রয়েছে পেটের সংকোচন বা শক্ত হওয়া, একটি ""শো"" যেখানে আপনার জরায়ু থেকে মিউকাস প্লাগ চলে আসে, পিঠে ব্যথা, আপনার অন্ত্রের উপর শিশুর মাথার চাপের কারণে টয়লেটে যাওয়ার তাগিদ, এবং আপনার জল ভেঙে যাওয়া। শ্রমের প্রাথমিক, সুপ্ত পর্যায় সম্পূর্ণরূপে অগ্রসর হতে কিছু সময় নিতে পারে।",শ্রমের লক্ষণ,শ্রমের সূত্রপাত সনাক্তকরণ
শ্রম শুরু হচ্ছে কি লক্ষণ?,"প্রসব শুরু হতে পারে এমন লক্ষণগুলির মধ্যে রয়েছে পেটের সংকোচন বা শক্ত হওয়া, একটি ""শো"" যেখানে আপনার জরায়ু থেকে মিউকাস প্লাগ চলে আসে, পিঠে ব্যথা, আপনার অন্ত্রের উপর শিশুর মাথার চাপের কারণে টয়লেটে যাওয়ার তাগিদ, এবং আপনার জল ভেঙে যাওয়া। শ্রমের প্রাথমিক, সুপ্ত পর্যায় সম্পূর্ণরূপে অগ্রসর হতে কিছু সময় নিতে পারে।",শ্রমের লক্ষণ,শ্রমের সূত্রপাত সনাক্তকরণ
কীভাবে ত্বক থেকে ত্বকের যোগাযোগ একটি নবজাতকের উপকার করে? চামড়া থেকে চামড়া যোগাযোগ সঞ্চালনের সেরা উপায় কি? স্তন্যপান করানোর ক্ষেত্রে ত্বক থেকে ত্বকের যোগাযোগ কীভাবে সাহায্য করে?,"প্রথম ঘন্টা, দিন এবং সপ্তাহে আপনার নবজাতকের সাথে ত্বক থেকে ত্বকের যোগাযোগ মানসিক বন্ধনকে উন্নীত করার সময় শিশুকে প্রশমিত ও সান্ত্বনা দিতে সহায়তা করে। এটি অনুশীলন করার জন্য, আপনার শিশুকে কেবল একটি ডায়াপার দিয়ে আপনার বুকে রাখুন এবং তাকে একটি কম্বল দিয়ে ঢেকে দিন। এই ধরনের যোগাযোগ শুধুমাত্র মা এবং শিশুর মধ্যে বন্ধনকে শক্তিশালী করে না বরং বুকের দুধ খাওয়ানোকে সহজ করে তোলে।",নবজাতকের সাথে ত্বক থেকে ত্বকের যোগাযোগ,"মানসিক বন্ধন, প্রশান্তিদায়ক, বুকের দুধ খাওয়ানোর সহায়তা"
6 থেকে 12 মাসের মধ্যে বাচ্চাদের কতটা ঘুম দরকার? কেন একটি শিশু রাতে জেগে উঠতে শুরু করতে পারে এবং আপনি কীভাবে তাদের আশ্বস্ত করতে পারেন?,"6 থেকে 12 মাসের মধ্যে শিশুরা সাধারণত রাতে 8 থেকে 10 ঘন্টা ঘুমায়, যা প্রতিদিন প্রায় 15 ঘন্টা ঘুমায়। এই সময়ের মধ্যে, বিচ্ছেদ উদ্বেগের কারণে শিশুদের রাত জেগে ওঠা শুরু করা সাধারণ। যখন এটি ঘটে, আপনি আপনার কণ্ঠস্বর এবং স্পর্শের মাধ্যমে আপনার শিশুকে আশ্বস্ত করতে পারেন, যা প্রায়শই তাদের ভাল বোধ করতে সহায়তা করে। বাচ্চাদের জেগে থাকা সময়ের জন্য এটি স্বাভাবিক, এবং তারা ধীরে ধীরে নিজেরাই ঘুমিয়ে পড়তে শিখতে পারে।","6 মাস পর ঘুমান, বিচ্ছেদ উদ্বেগ, শিশুর ঘুমের ধরণ","রাত জাগরণ, বিচ্ছেদ উদ্বেগ, শিশুকে আশ্বস্ত করা"
কেন 1 থেকে 2 বছর বয়সী শিশুরা ঘুমানোর সময় কাঁদে? বিচ্ছেদ উদ্বেগ কতক্ষণ স্থায়ী হয় এবং আপনি কীভাবে এটি পরিচালনা করতে পারেন? একটি সামঞ্জস্যপূর্ণ শয়নকালের রুটিন কীভাবে সাহায্য করে?,"বিচ্ছেদ উদ্বেগের কারণে অনেক 1 থেকে 2 বছর বয়সী শিশু ঘুমের সময় কাঁদে, একটি স্বাভাবিক পর্যায় যা প্রায় 18 মাস বা তার বেশি সময় পর্যন্ত স্থায়ী হতে পারে। তাদের ভয় তাদের জন্য রাতে আপনার থেকে আলাদা থাকা কঠিন করে তোলে। মৃদু দৃঢ়তার সাথে একটি সামঞ্জস্যপূর্ণ শয়নকালের রুটিন বজায় রাখা আপনার সন্তানকে আশ্বস্ত করতে সাহায্য করতে পারে, তারা এই চ্যালেঞ্জিং সময়ে নেভিগেট করার সময় আরাম ও নিরাপত্তা প্রদান করতে পারে।","ঘুমের সমস্যা, বিচ্ছেদ উদ্বেগ, শয়নকালের রুটিন","শোবার সময় কান্না, বিচ্ছেদ উদ্বেগ, আশ্বাসের কৌশল"
বাড়ি থেকে দূরে থাকাকালীন আপনার শিশুকে নিরাপদে ঘুমানোর বিষয়টি কীভাবে নিশ্চিত করা উচিত? ভ্রমণের সময় একটি পাঁখার কিছু বিকল্প কি? আপনার শিশুকে গাড়ির সিট বা ক্যারিয়ারে ঘুমাতে দেওয়া কি নিরাপদ?,"বাড়ি থেকে দূরে থাকাকালীন, সর্বদা নিশ্চিত করুন যে আপনার শিশু একটি নিরাপদ জায়গায় ঘুমায়। আপনার শিশুকে কখনই প্রাপ্তবয়স্কদের বিছানায় একা শোয়াবেন না বা বালিশ ব্যবহার করবেন না। আপনার যদি পাঁজা না থাকে, মেঝেতে একটি কম্বল 6 মাসের কম বয়সী শিশুদের জন্য একটি অস্থায়ী নিরাপদ বিছানা হতে পারে। মেঝেতে একটি গদি বা একটি প্লেপেন অন্যান্য বিকল্প, তবে একটি প্লেপেনে অতিরিক্ত গদি বা প্যাডিং যুক্ত করা এড়িয়ে চলুন। একটি গাড়ির আসন বা শিশুর ক্যারিয়ার ঘুমের জন্য নিরাপদ জায়গা নয়, বিশেষ করে যদি আপনি ক্যারিয়ারটি পরে শুয়ে থাকেন। হাঁটার জন্য, আপনার শিশুকে তার পিঠে একটি ফ্ল্যাট বা প্রায় সমতল ব্যাকরেস্ট সহ একটি স্ট্রলারে রাখুন, নিশ্চিত করুন যে সে সঠিকভাবে আটকে আছে। শিশুর বাহকও হাঁটার জন্য একটি বিকল্প কিন্তু ঘুমানোর জন্য উপযুক্ত নয়।","বাড়ি থেকে দূরে ঘুমানো, ভ্রমণ নিরাপত্তা","নিরাপদ ঘুমের অভ্যাস, অস্থায়ী ঘুমের ব্যবস্থা, স্ট্রলার, গাড়ির আসন"
শিশুরা সাধারণত সারা রাত কতক্ষণ ঘুমায়? আপনার শিশুকে দিন এবং রাতের মধ্যে পার্থক্য করতে আপনি কী করতে পারেন?,"বাচ্চাদের ঘুমের ধরন পরিবর্তিত হয়, কিন্তু ""রাতের ঘুম"" বলতে সাধারণত রাত ১১ টার মধ্যে পাঁচ বা ছয় ঘণ্টার ঘুম বোঝায়। এবং সকাল 8 টায় 3 মাস বয়সীদের প্রায় 70% রাতে পাঁচ ঘন্টা ঘুমায়, যা 10 মাসের মধ্যে 90% হয়ে যায়। আপনার শিশুকে দিন এবং রাতের মধ্যে পার্থক্য করতে সাহায্য করার জন্য, তার স্বাভাবিক ঘুমের ছন্দ অনুসরণ করুন এবং আলো ম্লান করে এবং কথোপকথন এড়িয়ে রাতের খাওয়ানো শান্ত ও শান্ত রাখুন।","রাতে ঘুমানো, শিশুর ঘুম, ঘুমের ধরন","ঘুমের সময়কাল, শিশুর ঘুমের ছন্দ, রাতে খাওয়ানো"
আপনার কি আপনার শিশুর সাথে ঘুমানো উচিত? আপনার শিশুর সাথে নির্দিষ্ট পৃষ্ঠে ঘুমানোর ঝুঁকি বা আপনার প্রতিবন্ধী হওয়ার ঝুঁকিগুলি কী কী? কিভাবে আপনি নিরাপদে আপনার শিশুর সাথে আপনার বিছানা ভাগ করতে পারেন?,"আপনার শিশুর সাথে ঘুমানোর সুপারিশ করা হয় না, বিশেষ করে পালঙ্কে বা আসবাবপত্র যেমন গৃহসজ্জার সামগ্রী রাখা চেয়ারে, অথবা আপনি যদি মদ্যপান করেন, ওষুধ খান যা আপনাকে তন্দ্রাচ্ছন্ন করে তোলে বা অত্যন্ত ক্লান্ত। এই পরিস্থিতিতে, আপনার শিশুর জন্য আপনার ঘরে তার পাঁঠাতে ঘুমানো নিরাপদ। নিরাপদে আপনার বিছানা ভাগাভাগি করতে, সবসময় আপনার শিশুকে তার পিঠে রাখুন, একটি শক্ত গদি ব্যবহার করুন, নরম বিছানা সরিয়ে ফেলুন এবং নিশ্চিত করুন যে গদি এবং দেয়ালের মধ্যে পর্যাপ্ত জায়গা আছে যাতে শিশু আটকে না যায়। আপনার শিশুকে কখনই প্রাপ্তবয়স্কদের বিছানায় একা ঘুমাতে দেবেন না।","শিশুর সাথে ঘুমানো, নিরাপত্তা","একটি বিছানা ভাগ করে নেওয়া, দুর্ঘটনা, নিরাপদ ঘুমের অভ্যাস"
"ধূমপান অকাল জন্ম, মৃতপ্রসব এবং আকস্মিক শিশু মৃত্যুর সিন্ড্রোম (SIDS) এর মতো জটিলতার ঝুঁকি বাড়ায়।","গর্ভাবস্থায় ধূমপান ভ্রূণের বিকাশকে উল্লেখযোগ্যভাবে ক্ষতি করে এবং প্ল্যাসেন্টাল অ্যাব্রাপেশন, অকাল জন্ম, কম ওজনের জন্ম, মৃতপ্রসব এবং আকস্মিক শিশু মৃত্যুর সিন্ড্রোম (SIDS) এর মতো ঝুঁকি বাড়ায়। এই ঝুঁকিগুলি কমাতে, সেকেন্ড-হ্যান্ড ধূমপান এড়ানো গুরুত্বপূর্ণ। গর্ভবতী মহিলাদের উচিৎ ধূমপানকারী বন্ধুবান্ধব এবং পরিবারকে যারা বাইরে ধূমপান করেন তাদের এক্সপোজার রোধ করতে উৎসাহিত করা উচিত।",গর্ভাবস্থায় ধূমপানের ঝুঁকি,ভ্রূণের বিকাশ এবং গর্ভাবস্থায় ধূমপানের নেতিবাচক প্রভাব।
"কিভাবে আপনি একটি কান্নাকাটি শিশু শান্ত করতে পারেন? একটি শিশুকে শান্ত করতে সাহায্য করতে পারে এমন বিভিন্ন কৌশল কী কী? বিভিন্ন পদ্ধতি চেষ্টা করার পরেও যদি কিছুই কাজ না করে, তাহলে আপনার কী করা উচিত?","একটি কান্নাকাটি শিশুকে শান্ত করার জন্য, তার চাহিদাগুলি পূরণ হয়েছে তা নিশ্চিত করুন এবং কোনও সম্পর্কিত লক্ষণগুলি পরীক্ষা করুন৷ আপনি লাইট নিভিয়ে, মৃদু সঙ্গীত বাজানো, তাকে ম্যাসেজ করা বা স্পর্শ করা, আরামের জন্য আপনার স্তন অফার করা, তাকে দোলানো, স্ট্রলারে বা গাড়িতে যাত্রা করা, তাকে স্নান করানো, বা প্রশান্তিদায়ক অবস্থানে তার মুখ আপনার হাতের উপর রেখে দেওয়ার মতো শান্ত কৌশলগুলি চেষ্টা করতে পারেন। যদি এই পদ্ধতিগুলি বেশ কয়েক দিন পরে কাজ না করে বা আপনার যদি উদ্বেগ থাকে তবে আশ্বাস এবং অন্যান্য পরামর্শের জন্য একজন স্বাস্থ্য পেশাদারের সাথে পরামর্শ করুন। ""কোলিক"" এর জন্য ওষুধ এবং প্রাকৃতিক পণ্যগুলি সাধারণত সুপারিশ করা হয় না।",শিশুর কান্নার জন্য প্রশান্তিদায়ক কৌশল,"শিশুর চাহিদা, প্রশান্তিদায়ক পদ্ধতি, পেশাদার পরামর্শ"
গর্ভবতী ব্যক্তিরা তাদের খাদ্যের জন্য অ-দুগ্ধজাত বিকল্প বা প্রোটিন সমৃদ্ধ উদ্ভিদ-ভিত্তিক বিকল্প খুঁজছেন।,"ফোর্টিফাইড সয়া পানীয় হল চমৎকার নন-দুগ্ধ বিকল্প যা দুধের সাথে তুলনীয় ক্যালসিয়াম, ভিটামিন ডি এবং প্রোটিনের মাত্রা প্রদান করে। সর্বোত্তম স্বাস্থ্য সুবিধার জন্য, প্লেইন বা মিষ্টিহীন সংস্করণগুলি বেছে নিন। অন্যান্য উদ্ভিদ-ভিত্তিক পানীয়, যেমন বাদাম, শিং বা চাল, সাধারণত পর্যাপ্ত প্রোটিনের অভাব থাকে এবং পুষ্টির দিক থেকে তেমন উপকারী নাও হতে পারে। সয়া-ভিত্তিক পণ্য, যেমন টোফু এবং এডামেম, আপনার খাবারে বহুমুখী সংযোজন, যা প্রোটিনের সমৃদ্ধ উত্স সরবরাহ করে। আপনি মাংস বা হাঁস-মুরগির বিকল্প হিসাবে বিভিন্ন রেসিপিতে টফুকে অন্তর্ভুক্ত করতে পারেন, আপনার খাদ্যের বৈচিত্র্য এবং পুষ্টির ভারসাম্য নিশ্চিত করতে পারেন।",সয়া পণ্য এবং গর্ভাবস্থার পুষ্টি,গর্ভাবস্থায় সুরক্ষিত সয়া পানীয় এবং সয়া-ভিত্তিক পণ্যগুলির পুষ্টির সুবিধা।
গর্ভকালীন ডায়াবেটিসে আক্রান্ত মহিলাদের কীভাবে গর্ভাবস্থায় তাদের খাদ্য পরিচালনা করা উচিত?,"গর্ভকালীন ডায়াবেটিসে আক্রান্ত মহিলাদের অন্যান্য গর্ভবতী মহিলাদের মতোই একটি সুষম খাদ্য অনুসরণ করা উচিত যাতে শাকসবজি, ফলমূল, গোটা শস্য এবং প্রোটিন সমৃদ্ধ খাবার অন্তর্ভুক্ত থাকে। এই খাদ্য গোষ্ঠীগুলির মধ্যে কোনটি বাদ না দেওয়া গুরুত্বপূর্ণ, কারণ তারা মা এবং শিশু উভয়ের জন্য প্রয়োজনীয় পুষ্টি সরবরাহ করে। যাইহোক, চিনি-সমৃদ্ধ পণ্য যেমন জুস, কোমল পানীয়, কেক, আইসক্রিম এবং কফি বা দুধের মতো খাবারে শর্করা যুক্ত করা এড়িয়ে যাওয়া বা অল্প পরিমাণে খাওয়া উচিত। রক্তে শর্করার মাত্রা স্থিতিশীল করতে, নিয়মিত খাওয়া এবং আপনার খাবারে উচ্চ ফাইবার এবং প্রোটিনযুক্ত খাবার অন্তর্ভুক্ত করা অত্যন্ত গুরুত্বপূর্ণ। একজন পুষ্টিবিদ বা প্রসবপূর্ব যত্ন প্রদানকারী ব্যক্তিগত পরামর্শ দিতে পারেন।",বিশেষ প্রয়োজন,গর্ভকালীন ডায়াবেটিস সহ গর্ভাবস্থায় বিশেষ খাদ্যের বিবেচনা।
Spina bifida কি,মেরুদণ্ডের কলামের জন্মগত ত্রুটি,স্পিনা বিফিডা,স্পিনা বিফিডা সংজ্ঞা
শ্রমের তিনটি প্রধান পর্যায় কি কি? সন্তান প্রসবের প্রতিটি পর্যায়ে কি ঘটে? প্রতিটি পর্যায় কতক্ষণ স্থায়ী হয়?,"শিশু জন্ম তিনটি প্রধান পর্যায়ে বিভক্ত। প্রথম পর্যায়ে জরায়ুর পাতলা করা এবং খোলার অন্তর্ভুক্ত, যা প্রসারণ নামে পরিচিত। দ্বিতীয় পর্যায় হল শিশুর বংশধর এবং জন্ম। তৃতীয় পর্যায় হল প্লাসেন্টা প্রসব। প্রতিটি পর্যায়ের দৈর্ঘ্য এক থেকে অন্য ডেলিভারিতে পরিবর্তিত হয়, এটি অনির্দেশ্য করে তোলে।",শ্রমের পর্যায়,"সন্তানের জন্ম, প্রসবের পর্যায়, জরায়ুর প্রসারণ, শিশুর জন্ম, প্লাসেন্টা প্রসব"
কোন সময়ে আমার প্রসবপূর্ব পরিদর্শন শুরু করা উচিত?,আপনি গর্ভবতী হওয়ার সাথে সাথেই আপনার প্রসবপূর্ব পরিদর্শন শুরু করার জন্য এটি অত্যন্ত সুপারিশ করা হয়।,প্রসবপূর্ব পরিচর্যা শুরু করা হচ্ছে,গর্ভাবস্থায় কখন প্রসবপূর্ব যত্ন শুরু করতে হবে তার নির্দেশিকা
একটি নির্দিষ্ট সময় আছে কি আমার প্রসবপূর্ব যত্ন শুরু করা উচিত?,আপনি গর্ভবতী হওয়ার সাথে সাথেই আপনার প্রসবপূর্ব পরিদর্শন শুরু করার জন্য এটি অত্যন্ত সুপারিশ করা হয়।,প্রসবপূর্ব যত্ন শুরু হচ্ছে,গর্ভাবস্থায় কখন প্রসবপূর্ব যত্ন শুরু করতে হবে তার নির্দেশিকা
আমার কখন প্রসবপূর্ব অ্যাপয়েন্টমেন্টে যোগ দেওয়া শুরু করতে হবে?,আপনি গর্ভবতী হওয়ার সাথে সাথেই আপনার প্রসবপূর্ব পরিদর্শন শুরু করার জন্য এটি অত্যন্ত সুপারিশ করা হয়।,প্রসবপূর্ব যত্ন শুরু হচ্ছে,গর্ভাবস্থায় কখন প্রসবপূর্ব যত্ন শুরু করতে হবে তার নির্দেশিকা
আমার কখন প্রসবপূর্ব যত্ন শুরু করা উচিত?,আপনি গর্ভবতী হওয়ার সাথে সাথেই আপনার প্রসবপূর্ব পরিদর্শন শুরু করার জন্য এটি অত্যন্ত সুপারিশ করা হয়।,প্রসবপূর্ব যত্ন শুরু হচ্ছে,গর্ভাবস্থায় কখন প্রসবপূর্ব যত্ন শুরু করতে হবে তার নির্দেশিকা
দুধ উৎপাদনের ক্ষেত্রে জন্মের পর প্রথম কয়েক দিনে কী ঘটে? এই প্রারম্ভিক সময়ের মধ্যে কোলস্ট্রাম কীভাবে সাহায্য করে?,"প্রসবের পরে, আপনার শরীর দুধ উৎপাদন শুরু করে, এবং প্রথম ধরনের দুধকে বলা হয় কোলোস্ট্রাম। কোলোস্ট্রাম ঘন, হলুদাভ এবং আপনার নবজাতকের প্রয়োজনীয় পুষ্টিগুণে ভরপুর। যদিও আপনার মনে হতে পারে আপনি বেশি দুধ তৈরি করছেন না, তবে অল্প পরিমাণে কোলস্ট্রাম প্রথম কয়েক দিনে আপনার শিশুর চাহিদার জন্য পুরোপুরি উপযুক্ত। আপনার শিশুর জন্য এই সময়ে ঘন ঘন দুধ খাওয়ানো স্বাভাবিক, কারণ সে গর্ভের বাইরে খাওয়ানোর সাথে সামঞ্জস্য করে। আপনার শিশুর সাথে দুধ উৎপাদন এবং বন্ধন স্থাপনের জন্য এই প্রথম দিকে স্তন্যপান করানোর সময় অত্যন্ত গুরুত্বপূর্ণ। গর্ভাবস্থায় আপনার স্তন স্বাভাবিকভাবেই এই প্রক্রিয়ার জন্য প্রস্তুত থাকে এবং তারা আপনার শিশুর প্রয়োজনীয় দুধ সরবরাহ করবে।",দুধ উৎপাদন শুরু - কোলোস্ট্রাম,"বুকের দুধ খাওয়ানোর প্রাথমিক পর্যায়, কোলস্ট্রামের ভূমিকা এবং জন্মের পরে দুধ উৎপাদনের সূচনা।"
কীভাবে শিশুকে কাছাকাছি রাখা এবং ক্ষুধার লক্ষণগুলিকে স্বীকৃতি দেওয়া বুকের দুধ খাওয়ানোকে উন্নত করে।,"আপনার শিশুকে দিনরাত আপনার কাছাকাছি রাখা আপনার এবং আপনার শিশুর মধ্যে বন্ধনকে শক্তিশালী করতে সাহায্য করে। শারীরিকভাবে আপনার শিশুর কাছাকাছি থাকা আপনাকে ক্ষুধার প্রাথমিক লক্ষণগুলি আরও ভালভাবে বুঝতে এবং চিনতে দেয়। এই নৈকট্য প্রয়োজনের সময় স্তন সরবরাহ করা সহজ করে তোলে, কারণ আপনার শিশু সম্ভবত শান্ত এবং আরও গ্রহণযোগ্য হবে। এই ক্ষুধার ইঙ্গিতগুলির দ্রুত সাড়া দেওয়াও বিশ্বাস গড়ে তুলতে সাহায্য করে এবং আপনার শিশুকে আশ্বস্ত করে, একটি শক্তিশালী মানসিক সংযোগ গড়ে তোলে।",শিশুর কাছাকাছি থাকা এবং ক্ষুধার লক্ষণগুলির প্রতি মনোযোগী হওয়া,বুকের দুধ খাওয়ানোর জন্য ক্ষুধার সংকেতগুলির নৈকট্য এবং সচেতনতার গুরুত্ব।
শ্রম কখন উদ্দীপিত হতে পারে এবং কোন পদ্ধতি ব্যবহার করা হয়? কিভাবে অক্সিটোসিন এই প্রক্রিয়ায় সাহায্য করে?,"সার্ভিক্স প্রসারিত না হলে এবং সংকোচন হয় খুব দুর্বল বা খুব দূরে থাকলে শ্রম উদ্দীপিত হতে পারে। অক্সিটোসিন, একটি হরমোন, সংকোচনের ফ্রিকোয়েন্সি এবং শক্তি বাড়াতে শিরায় দেওয়া হয়। একবার এটি কার্যকর হয়ে গেলে, শিশুর জন্ম না হওয়া পর্যন্ত অক্সিটোসিন সাধারণত ক্রমাগত দেওয়া হয়।",উদ্দীপক শ্রম,"অক্সিটোসিন, সার্ভিক্সের প্রসারণ, সংকোচনকে শক্তিশালী করে"
নিরাপদ খাদ্য সঞ্চয়ের জন্য ফ্রিজ এবং ফ্রিজার কোন তাপমাত্রায় সেট করা উচিত? কতক্ষণ খাবার ঘরের তাপমাত্রায় রাখা যায়? ফ্রিজে কাঁচা মাংস কোথায় রাখা উচিত? কিভাবে পচনশীল খাবার খোলার পরে সংরক্ষণ করা উচিত? অবশিষ্টাংশ দিয়ে আপনার কি করা উচিত?,"নিরাপদ খাদ্য সঞ্চয়স্থান নিশ্চিত করতে, আপনার ফ্রিজ 4°C (40°F) বা তার বেশি ঠাণ্ডায় সেট করা উচিত এবং ফ্রিজারটি -18°C (0°F) বা তার চেয়ে বেশি ঠান্ডা হওয়া উচিত। যেসব খাবার ঠান্ডা বা গরম রাখতে হবে সেগুলো ঘরের তাপমাত্রায় দুই ঘণ্টার বেশি রাখা উচিত নয়; গরম আবহাওয়ায়, সর্বোচ্চ সময় এক ঘন্টা। ক্রস-দূষণ এড়াতে কাঁচা মাংস, মুরগি এবং মাছ ফ্রিজের নীচের তাকগুলিতে সংরক্ষণ করা উচিত। পচনশীল খাবার খোলার পরে, আপনি কতক্ষণ নিরাপদে সেগুলি সংরক্ষণ করতে পারবেন তা নির্ধারণ করতে থার্মোগাইড ব্যবহার করুন। অবশিষ্টাংশ অবিলম্বে ফ্রিজে রাখা উচিত এবং চার দিনের মধ্যে ব্যবহার করা উচিত বা অবিলম্বে হিমায়িত করা উচিত।","স্টোরেজ, সংরক্ষণ, খাদ্য নিরাপত্তা","সঠিক ফ্রিজ এবং ফ্রিজার তাপমাত্রা, পচনশীল খাবার পরিচালনা করা, কাঁচা মাংস সংরক্ষণ করা"
"কেন নবজাতকদের চুষতে রিফ্লেক্স থাকে এবং প্রশমকের ভূমিকা কী? একটি শিশুর ক্রমাগত একটি প্যাসিফায়ার ব্যবহার করা উচিত, এবং কিভাবে এটি তাদের দাঁত প্রভাবিত করতে পারে? কখন আপনার সন্তানকে প্যাসিফায়ার ব্যবহার বন্ধ করতে উৎসাহিত করা উচিত এবং এটি কীভাবে তাদের কথাবার্তাকে প্রভাবিত করতে পারে?","নবজাতকদের স্বাভাবিকভাবেই স্তন্যপান করার প্রতিচ্ছবি থাকে, স্তন্যপান করানো সবচেয়ে সন্তোষজনক বিকল্প। যদিও সমস্ত শিশুর একটি প্রশমক প্রয়োজন হয় না, কেউ কেউ আরামের জন্য একটি ব্যবহার করতে পারে, তবে এটি তাদের মুখে সবসময় থাকা উচিত নয়। যদি আপনার শিশু তার বুড়ো আঙুল বা আঙ্গুল চুষে নেয়, তাহলে একটি প্রশমক অফার করার কথা বিবেচনা করুন, কারণ এটি নিয়ন্ত্রণ করা সহজ। প্যাসিফায়ারের দীর্ঘায়িত ব্যবহার আপনার সন্তানের দাঁত এবং উচ্চারণকে প্রভাবিত করতে পারে, তাই প্রাপ্তবয়স্কদের দাঁত আসার আগে তাদের 2 বা 3 বছর বয়সে ধীরে ধীরে থামাতে সাহায্য করা ভাল৷ আপনার শিশুকে খুব দ্রুত শান্ত করার জন্য প্যাসিফায়ার ব্যবহার করা এড়িয়ে চলুন, কারণ এটি তার প্রয়োজনগুলিকে মুখোশ করে দিতে পারে৷","চুষা রিফ্লেক্স, প্যাসিফায়ার ব্যবহার","চুষার প্রতিচ্ছবি, শান্তকারী, থাম্ব-চুষা, দাঁতের উদ্বেগ"
সাডেন ইনফ্যান্ট ডেথ সিনড্রোম (SIDS) এর ঝুঁকির কারণগুলি কী কী? কোন সুপারিশগুলি SIDS এর ঝুঁকি কমাতে সাহায্য করে?,"সাডেন ইনফ্যান্ট ডেথ সিনড্রোম (SIDS) এর প্রধান ঝুঁকির কারণগুলির মধ্যে রয়েছে মায়েদের তামাক ব্যবহার বা সেকেন্ডহ্যান্ড ধূমপানের সংস্পর্শে আসা, পেটে ঘুমানো, এবং কম্বল বা বিছানা যা শিশুর মুখ ঢেকে রাখতে পারে। SIDS-এর ঝুঁকি কমাতে, আপনার শিশুর নিরাপদে ঘুম হয় তা নিশ্চিত করুন, গর্ভাবস্থায় এবং শিশুর আশেপাশে ধূমপান এড়িয়ে চলুন এবং আপনার শিশুকে সর্বদা তার পিঠে ঘুমাতে দিন। যেসব শিশুকে বুকের দুধ খাওয়ানো হয় এবং সঠিকভাবে টিকা দেওয়া হয় তাদের SIDS-এর ঝুঁকি কম থাকে। উপরন্তু, নিশ্চিত করুন যে আপনার শিশু ঘুমের জন্য উপযুক্ত পোশাক পরছে, খুব বেশি গরম বা খুব ঠান্ডা নয়। একটি শিশু মনিটর ব্যবহার করা এই অপরিহার্য নিরাপত্তা সতর্কতা প্রতিস্থাপন করে না।","সাডেন ইনফ্যান্ট ডেথ সিনড্রোম (SIDS), শিশুর ঘুমের নিরাপত্তা","SIDS ঝুঁকির কারণ, নিরাপদ ঘুমের সুপারিশ, বুকের দুধ খাওয়ানো, ধূমপান"
সাডেন ইনফ্যান্ট ডেথ সিনড্রোম কি?,"আপাতদৃষ্টিতে একজনের ব্যাখ্যাতীত আকস্মিক মৃত্যু 
এক বছরের কম বয়সী সুস্থ নবজাতক।",সাডেন ইনফ্যান্ট ডেথ সিনড্রোম,আকস্মিক শিশু মৃত্যুর সিন্ড্রোমের সংজ্ঞা
হাইপারপিগমেন্টেশন এবং প্রেগন্যান্সি মাস্ক প্রতিরোধ করতে SPF 30 বা তার বেশি যুক্ত সানস্ক্রিন ব্যবহার করুন।,"গর্ভাবস্থায় রোদে বের হওয়ার সময় সানস্ক্রিন ব্যবহার করার পরামর্শ দেওয়া হয়, কারণ সূর্যের এক্সপোজার হাইপারপিগমেন্টেশন এবং গর্ভাবস্থার মুখোশের ঝুঁকি বাড়াতে পারে। কমপক্ষে 30 এর সূর্য সুরক্ষা ফ্যাক্টর (SPF) সহ একটি সানস্ক্রিন চয়ন করুন যা UVA এবং UVB উভয় রশ্মি থেকে রক্ষা করে। আপনার মুখের সুরক্ষায় বিশেষ মনোযোগ দিন।",গর্ভাবস্থায় সানস্ক্রিন,গর্ভাবস্থায় সূর্য-সম্পর্কিত ত্বকের পরিবর্তন থেকে রক্ষা করতে সানস্ক্রিন ব্যবহারের গুরুত্ব।
গর্ভাবস্থায় আমার কি পরিপূরক প্রয়োজন?,"হ্যাঁ, গর্ভাবস্থায় সম্পূরকগুলি গুরুত্বপূর্ণ, বিশেষ করে প্রসবপূর্ব ভিটামিন। এগুলি জন্মগত ত্রুটিগুলি প্রতিরোধ করতে, আপনার শিশুর সুস্থ বৃদ্ধিতে সহায়তা করতে পারে এবং সকালের অসুস্থতার মতো লক্ষণগুলি উপশম করতে পারে।",গর্ভাবস্থায় সম্পূরক,"গর্ভাবস্থায় সম্পূরক, বিশেষ করে প্রসবপূর্ব ভিটামিনের গুরুত্ব"
গর্ভাবস্থায় আমার কি প্রসবপূর্ব ভিটামিন গ্রহণ করা উচিত?,"হ্যাঁ, গর্ভাবস্থায় সম্পূরকগুলি গুরুত্বপূর্ণ, বিশেষ করে প্রসবপূর্ব ভিটামিন। এগুলি জন্মগত ত্রুটিগুলি প্রতিরোধ করতে, আপনার শিশুর সুস্থ বৃদ্ধিতে সহায়তা করতে পারে এবং সকালের অসুস্থতার মতো লক্ষণগুলি উপশম করতে পারে।",গর্ভাবস্থায় সম্পূরক,"গর্ভাবস্থায় সম্পূরক, বিশেষ করে প্রসবপূর্ব ভিটামিনের গুরুত্ব"
গর্ভাবস্থায় আমার কি পরিপূরক গ্রহণ করা উচিত?,"হ্যাঁ, গর্ভাবস্থায় সম্পূরকগুলি গুরুত্বপূর্ণ, বিশেষ করে প্রসবপূর্ব ভিটামিন। এগুলি জন্মগত ত্রুটিগুলি প্রতিরোধ করতে, আপনার শিশুর সুস্থ বৃদ্ধিতে সহায়তা করতে পারে এবং সকালের অসুস্থতার মতো লক্ষণগুলি উপশম করতে পারে।",গর্ভাবস্থায় সম্পূরক,"গর্ভাবস্থায় সম্পূরক, বিশেষ করে প্রসবপূর্ব ভিটামিনের গুরুত্ব"
কেন গর্ভাবস্থায় সম্পূরক গুরুত্বপূর্ণ?,"হ্যাঁ, গর্ভাবস্থায় সম্পূরকগুলি গুরুত্বপূর্ণ, বিশেষ করে প্রসবপূর্ব ভিটামিন। এগুলি জন্মগত ত্রুটিগুলি প্রতিরোধ করতে, আপনার শিশুর সুস্থ বৃদ্ধিতে সহায়তা করতে পারে এবং সকালের অসুস্থতার মতো লক্ষণগুলি উপশম করতে পারে।",গর্ভাবস্থায় সম্পূরক,"গর্ভাবস্থায় সম্পূরক, বিশেষ করে প্রসবপূর্ব ভিটামিনের গুরুত্ব"
সন্তান প্রসবের সময় আপনার সাথে কাউকে থাকা কেন গুরুত্বপূর্ণ এবং প্রসবের সময় একজন সঙ্গী কীভাবে সহায়তা করতে পারে?,"সন্তান প্রসবের সময় আপনার সাথে বিশ্বাসযোগ্য কাউকে থাকা, যেমন শিশুর বাবা, আপনার সঙ্গী, পরিবারের সদস্য, বন্ধু বা ডুলা, মানসিক আশ্বাস, উৎসাহ এবং সমর্থন প্রদান করে, আপনাকে আরও স্বাচ্ছন্দ্য এবং আত্মবিশ্বাসী বোধ করতে সহায়তা করে। অংশীদাররা, যদিও তারা শক্তিহীন বোধ করতে পারে, উপস্থিত থাকার মাধ্যমে, একটি ইতিবাচক এবং যত্নশীল মনোভাব বজায় রেখে এবং এই তীব্র এবং আবেগপূর্ণ অভিজ্ঞতার সময় ধ্রুবক উৎসাহ প্রদান করে একটি গুরুত্বপূর্ণ ভূমিকা পালন করে। তাদের সমর্থন আপনাকে শ্রম চ্যালেঞ্জ মোকাবেলায় সহায়তা করার ক্ষেত্রে একটি উল্লেখযোগ্য পার্থক্য আনতে পারে।",প্রসবের সময় সহায়তা,"শ্রমে একজন বিশ্বস্ত সঙ্গী, অংশীদারের ভূমিকা থাকার গুরুত্ব"
বুকের দুধ খাওয়ানোর সময় পরিবার এবং বন্ধুদের সহায়তার গুরুত্বের উপর জোর দেওয়া।,"স্তন্যপান করানো আপনার পরিবারে একটি পরিচিত অভ্যাস হোক বা আপনিই প্রথম এটি করছেন, আপনার পরিকল্পনা এবং উদ্দেশ্যগুলি স্পষ্টভাবে জানানো গুরুত্বপূর্ণ। আপনার পরিবার এবং বন্ধুদের জানান যে তারা আপনার বুকের দুধ খাওয়ানোর যাত্রায় কীভাবে আপনাকে সর্বোত্তমভাবে সহায়তা করতে পারে। তাদের বোঝাপড়া এবং সমর্থন একটি উল্লেখযোগ্য পার্থক্য করতে পারে। খাবার প্রস্তুত করা, কাজ চালানো, বা শিশুর যত্ন নেওয়ার মতো ব্যবহারিক কাজগুলির জন্য সাহায্য চাইতে দ্বিধা করবেন না, কারণ এটি আপনাকে বুকের দুধ খাওয়ানো এবং আপনার নতুন রুটিনের সাথে সামঞ্জস্য করার উপর আরও বেশি মনোযোগ দেওয়ার অনুমতি দেবে।",পরিবার এবং বন্ধুদের কাছ থেকে সমর্থন,স্তন্যপান করানোর পরিকল্পনা সম্পর্কে পরিবার এবং বন্ধুদের সাথে খোলামেলা যোগাযোগকে উত্সাহিত করা।
"কেন প্রসবের সময় একটি সহায়ক পরিবেশ তৈরি করা গুরুত্বপূর্ণ, এবং কিভাবে এটি অর্জন করা যেতে পারে?","প্রসবের সময় একটি সহায়ক পরিবেশ তৈরি করা অত্যাবশ্যক কারণ এটি মহিলাদের শান্ত, নিরাপদ এবং আত্মবিশ্বাসী বোধ করতে সাহায্য করে, প্রসবের জন্য প্রয়োজনীয় হরমোনের নিঃসরণকে উৎসাহিত করে। এটি আলো ম্লান করে, পরিবেষ্টিত শব্দ কমিয়ে, মনিটরের ভলিউম কমিয়ে, এবং লোকেদের ফিসফিস করতে উৎসাহিত করে, একটি শান্ত এবং আশ্বস্ত পরিবেশ নিশ্চিত করে অর্জন করা যেতে পারে।",সহায়ক জন্ম পরিবেশ,"প্রসবের সময় শান্ত, নিরাপত্তা এবং আত্মবিশ্বাসের গুরুত্ব"
গর্ভাবস্থায় পা ফুলে যাওয়ার কারণ কী?,"গর্ভাবস্থায় কিছু ফোলা অনুভব করা স্বাভাবিক, বিশেষ করে আপনার পা, গোড়ালি, পায়ের পাতা এবং আঙ্গুলে। এই ফোলা দিনের শেষের দিকে এবং আপনার গর্ভাবস্থার অগ্রগতির সাথে সাথে আরও খারাপ হতে থাকে।",গর্ভাবস্থায় পা ফোলা,পা ফোলা হওয়ার কারণ ও প্রভাব
আমার পায়ে ফুলে যাওয়ার কারণ কী হতে পারে?,"গর্ভাবস্থায় কিছু ফোলা অনুভব করা স্বাভাবিক, বিশেষ করে আপনার পা, গোড়ালি, পায়ের পাতা এবং আঙ্গুলে। এই ফোলা দিনের শেষের দিকে এবং আপনার গর্ভাবস্থার অগ্রগতির সাথে সাথে আরও খারাপ হতে থাকে।",গর্ভাবস্থায় পা ফোলা,পা ফোলা হওয়ার কারণ ও প্রভাব
গর্ভাবস্থায় কেন আমার পা ফুলে যায়?,"গর্ভাবস্থায় কিছু ফোলা অনুভব করা স্বাভাবিক, বিশেষ করে আপনার পা, গোড়ালি, পায়ের পাতা এবং আঙ্গুলে। এই ফোলা দিনের শেষের দিকে এবং আপনার গর্ভাবস্থার অগ্রগতির সাথে সাথে আরও খারাপ হতে থাকে।",গর্ভাবস্থায় পা ফোলা,পা ফোলা হওয়ার কারণ ও প্রভাব
আমার পা ফোলা কেন?,"গর্ভাবস্থায় কিছু ফোলা অনুভব করা স্বাভাবিক, বিশেষ করে আপনার পা, গোড়ালি, পায়ের পাতা এবং আঙ্গুলে। এই ফোলা দিনের শেষের দিকে এবং আপনার গর্ভাবস্থার অগ্রগতির সাথে সাথে আরও খারাপ হতে থাকে।",গর্ভাবস্থায় পা ফোলা,পা ফোলা হওয়ার কারণ ও প্রভাব
কেন নবজাতকদের মাঝে মাঝে স্তন ফুলে যায় এবং কীভাবে এটি পরিচালনা করা উচিত?,"ছেলে এবং মেয়ে উভয়েরই স্তন ফোলা হতে পারে, যা অল্প পরিমাণে দুধও উৎপন্ন করতে পারে। এই অবস্থা অস্থায়ী এবং সাধারণত কয়েক দিনের মধ্যে নিজেই সমাধান হয়ে যায়। দুধ ছেড়ে দেওয়ার চেষ্টা না করা গুরুত্বপূর্ণ, কারণ সমস্যাটি স্বাভাবিকভাবেই পরিষ্কার হয়ে যাবে।",নবজাতকের স্তন ফোলা,"শিশু, স্তন ফোলা, দুধ উৎপাদন"
"অতিবেগুনি রশ্মি, শরীরের তাপমাত্রা, শিশুর সম্ভাব্য ক্ষতি।","যদিও অতিবেগুনী রশ্মি ভ্রূণের কাছে পৌঁছাতে পারে না, গর্ভবতী মহিলাদের জন্য ট্যানিং সেলুনগুলি সুপারিশ করা হয় না। ট্যানিং সেশনের সময় আপনি যে চরম উত্তাপের সম্মুখীন হন তা শরীরের তাপমাত্রা উল্লেখযোগ্যভাবে বৃদ্ধি করতে পারে এবং আপনার শিশুর ক্ষতি করতে পারে। অনেক ট্যানিং সেলুনে গর্ভবতী গ্রাহকদের একজন স্বাস্থ্য পেশাদারের কাছ থেকে লিখিত অনুমোদন প্রদান করতে হয়।",ট্যানিং সেলুন,গর্ভাবস্থায় ট্যানিং সেলুনের ঝুঁকি।
গর্ভাবস্থায় আমার কত টিটি ইনজেকশন নেওয়া উচিত?,"আপনার গর্ভাবস্থায় আপনার মোট 5 টি টিটি ইনজেকশন নেওয়া উচিত। TT1 আপনার প্রথম প্রসবপূর্ব পরিদর্শনের সময়, TT1 এর এক মাস পর TT2, TT2-এর ছয় মাস পর TT3, TT3-এর এক বছর পর TT4 এবং TT4-এর এক বছর পর TT5 পরিচালিত হয়।",গর্ভাবস্থায় টিটেনাস টক্সয়েড (টিটি) ইনজেকশন,গর্ভাবস্থায় টিটি ইনজেকশনের সময়সূচী এবং সংখ্যা সম্পর্কে তথ্য
গর্ভাবস্থায় আমার কত ঘন ঘন টিটি ইনজেকশন নেওয়া উচিত?,"আপনার গর্ভাবস্থায় আপনার মোট 5 টি টিটি ইনজেকশন নেওয়া উচিত। TT1 আপনার প্রথম প্রসবপূর্ব পরিদর্শনের সময়, TT1 এর এক মাস পর TT2, TT2-এর ছয় মাস পর TT3, TT3-এর এক বছর পর TT4 এবং TT4-এর এক বছর পর TT5 পরিচালিত হয়।",গর্ভাবস্থায় টিটেনাস টক্সয়েড (টিটি) ইনজেকশন,গর্ভাবস্থায় টিটি ইনজেকশনের সময়সূচী এবং সংখ্যা সম্পর্কে তথ্য
গর্ভাবস্থায় টিটি ইনজেকশনের সময়সূচী কী?,"আপনার গর্ভাবস্থায় আপনার মোট 5 টি টিটি ইনজেকশন নেওয়া উচিত। TT1 আপনার প্রথম প্রসবপূর্ব পরিদর্শনের সময়, TT1 এর এক মাস পর TT2, TT2-এর ছয় মাস পর TT3, TT3-এর এক বছর পর TT4 এবং TT4-এর এক বছর পর TT5 পরিচালিত হয়।",গর্ভাবস্থায় টিটেনাস টক্সয়েড (টিটি) ইনজেকশন,গর্ভাবস্থায় টিটি ইনজেকশনের সময়সূচী এবং সংখ্যা সম্পর্কে তথ্য
আমার গর্ভাবস্থায় কখন টিটি ইনজেকশন নেওয়া উচিত?,"আপনার গর্ভাবস্থায় আপনার মোট 5 টি টিটি ইনজেকশন নেওয়া উচিত। TT1 আপনার প্রথম প্রসবপূর্ব পরিদর্শনের সময়, TT1 এর এক মাস পর TT2, TT2-এর ছয় মাস পর TT3, TT3-এর এক বছর পর TT4 এবং TT4-এর এক বছর পর TT5 পরিচালিত হয়।",গর্ভাবস্থায় টিটেনাস টক্সয়েড (টিটি) ইনজেকশন,গর্ভাবস্থায় টিটি ইনজেকশনের সময়সূচী এবং সংখ্যা সম্পর্কে তথ্য
প্রতিটি গর্ভাবস্থার জন্য টিটি ইনজেকশন কি প্রয়োজনীয়?,"আপনি যদি আপনার পূর্ববর্তী গর্ভাবস্থায় পাঁচটি ডোজ গ্রহণ করেন তবে পরবর্তী গর্ভধারণের জন্য আপনার অতিরিক্ত ইনজেকশনের প্রয়োজন নেই। যাইহোক, যদি গর্ভধারণের মধ্যে ব্যবধান 2 বছরের বেশি হয়, একটি বুস্টার ডোজ সুপারিশ করা হয়।",পরবর্তী গর্ভাবস্থায় টিটেনাস টক্সয়েড (টিটি) ইনজেকশন,পূর্ববর্তী গর্ভাবস্থায় সম্পূর্ণ কোর্স পাওয়ার পর পরবর্তী গর্ভাবস্থায় টিটি ইনজেকশনের প্রয়োজনীয়তা সম্পর্কে তথ্য
প্রতিটি গর্ভাবস্থার জন্য আমার কি টিটি শট দরকার?,"আপনি যদি আপনার পূর্ববর্তী গর্ভাবস্থায় পাঁচটি ডোজ গ্রহণ করেন তবে পরবর্তী গর্ভধারণের জন্য আপনার অতিরিক্ত ইনজেকশনের প্রয়োজন নেই। যাইহোক, যদি গর্ভধারণের মধ্যে ব্যবধান 2 বছরের বেশি হয়, একটি বুস্টার ডোজ সুপারিশ করা হয়।",পরবর্তী গর্ভাবস্থায় টিটেনাস টক্সয়েড (টিটি) ইনজেকশন,পূর্ববর্তী গর্ভাবস্থায় সম্পূর্ণ কোর্স পাওয়ার পর পরবর্তী গর্ভাবস্থায় টিটি ইনজেকশনের প্রয়োজনীয়তা সম্পর্কে তথ্য
প্রতিটি গর্ভাবস্থার জন্য আমার কি টিটি ইনজেকশন নেওয়া দরকার?,"আপনি যদি আপনার পূর্ববর্তী গর্ভাবস্থায় পাঁচটি ডোজ গ্রহণ করেন তবে পরবর্তী গর্ভধারণের জন্য আপনার অতিরিক্ত ইনজেকশনের প্রয়োজন নেই। যাইহোক, যদি গর্ভধারণের মধ্যে ব্যবধান 2 বছরের বেশি হয়, একটি বুস্টার ডোজ সুপারিশ করা হয়।",পরবর্তী গর্ভাবস্থায় টিটেনাস টক্সয়েড (টিটি) ইনজেকশন,পূর্ববর্তী গর্ভাবস্থায় সম্পূর্ণ কোর্স পাওয়ার পর পরবর্তী গর্ভাবস্থায় টিটি ইনজেকশনের প্রয়োজনীয়তা সম্পর্কে তথ্য
পরবর্তী গর্ভাবস্থায় আমার কি টিটি ইনজেকশন নেওয়া উচিত?,"আপনি যদি আপনার পূর্ববর্তী গর্ভাবস্থায় পাঁচটি ডোজ গ্রহণ করেন তবে পরবর্তী গর্ভধারণের জন্য আপনার অতিরিক্ত ইনজেকশনের প্রয়োজন নেই। যাইহোক, যদি গর্ভধারণের মধ্যে ব্যবধান 2 বছরের বেশি হয়, একটি বুস্টার ডোজ সুপারিশ করা হয়।",পরবর্তী গর্ভাবস্থায় টিটেনাস টক্সয়েড (টিটি) ইনজেকশন,পূর্ববর্তী গর্ভাবস্থায় সম্পূর্ণ কোর্স পাওয়ার পর পরবর্তী গর্ভাবস্থায় টিটি ইনজেকশনের প্রয়োজনীয়তা সম্পর্কে তথ্য
শিশুর চাহিদা মেটাতে বুকের দুধ কীভাবে পরিবর্তিত হয়?,"শিশুর ক্রমবর্ধমান চাহিদা মেটাতে স্তন্যপান করানোর সময় জুড়ে বুকের দুধের গঠনে পরিবর্তন আসে। এতে প্রোটিন, শর্করা এবং চর্বি রয়েছে, যার মধ্যে রয়েছে ওমেগা-৩ ফ্যাটি অ্যাসিড, যা মস্তিষ্ক ও চোখের বিকাশে সহায়তা করে। উপরন্তু, এটি বৃদ্ধির জন্য প্রয়োজনীয় ভিটামিন এবং খনিজ সরবরাহ করে, যদিও ভিটামিন ডি পর্যাপ্ত পরিমাণে নেই (ভিটামিন ডি বিভাগে পড়ুন)। বুকের দুধে এনজাইম রয়েছে যা হজমে সাহায্য করে এবং অ্যান্টিবডিগুলি সংক্রমণ থেকে রক্ষা করতে সাহায্য করে, শিশুর রোগ প্রতিরোধ ক্ষমতা শক্তিশালী করে। বুকের দুধে 200 টিরও বেশি উপাদান সনাক্ত করা হয়েছে এবং মায়ের খাদ্যের মতো কারণগুলি এর গঠন এবং স্বাদকে প্রভাবিত করতে পারে।",বুকের দুধের গঠন,বুকের দুধের মেকআপ এবং পুষ্টি উপাদান।
শিশুর চাহিদা মেটাতে বুকের দুধ কীভাবে পরিবর্তিত হয়?,"শিশুর ক্রমবর্ধমান চাহিদা মেটাতে স্তন্যপান করানোর সময় জুড়ে বুকের দুধের গঠনে পরিবর্তন আসে। এতে প্রোটিন, শর্করা এবং চর্বি রয়েছে, যার মধ্যে রয়েছে ওমেগা-৩ ফ্যাটি অ্যাসিড, যা মস্তিষ্ক ও চোখের বিকাশে সহায়তা করে। উপরন্তু, এটি বৃদ্ধির জন্য প্রয়োজনীয় ভিটামিন এবং খনিজ সরবরাহ করে, যদিও ভিটামিন ডি পর্যাপ্ত পরিমাণে নেই (ভিটামিন ডি বিভাগে পড়ুন)। বুকের দুধে এনজাইম রয়েছে যা হজমে সহায়তা করে এবং অ্যান্টিবডিগুলি সংক্রমণ থেকে রক্ষা করতে সাহায্য করে, শিশুর রোগ প্রতিরোধ ক্ষমতা শক্তিশালী করে। বুকের দুধে 200 টিরও বেশি উপাদান সনাক্ত করা হয়েছে এবং মায়ের খাদ্যের মতো কারণগুলি এর গঠন এবং স্বাদকে প্রভাবিত করতে পারে।",বুকের দুধের গঠন,বুকের দুধের মেকআপ এবং পুষ্টি উপাদান।
বুকের দুধ খাওয়ানো এবং শিশু যত্নে অংশীদার এবং পরিবারের সক্রিয় অংশগ্রহণকে উত্সাহিত করা।,"গর্ভাবস্থা আপনার সঙ্গী, পরিবার এবং বন্ধুদের সাথে বুকের দুধ খাওয়ানোর বিষয়ে খোলামেলা আলোচনার জন্য এবং বুকের দুধ খাওয়ানোর সংস্থান এবং সম্প্রদায়ের সহায়তা অন্বেষণ করার জন্য একটি আদর্শ সময়। অংশীদাররা মানসিক এবং শারীরিক সহায়তা প্রদানের মাধ্যমে বুকের দুধ খাওয়ানোর প্রক্রিয়ায় একটি অপরিহার্য ভূমিকা পালন করে। শুরুতে, সঙ্গী মাকে বাচ্চাকে জড়ো করাতে সাহায্য করা, আরাম এবং উত্সাহ প্রদান করা এবং স্ন্যাকস বা পানীয়ের মতো ব্যবহারিক প্রয়োজনগুলি পরিচালনা করার মতো কাজগুলিতে সহায়তা করতে পারে। অংশীদাররাও নেতিবাচক প্রভাব থেকে মাকে রক্ষা করতে পারে এবং প্রয়োজনে অতিরিক্ত সহায়তা চাইতে পারে। একটি দল হিসাবে একসাথে কাজ করার মাধ্যমে, অংশীদাররা একটি মসৃণ বুকের দুধ খাওয়ানোর রুটিন প্রতিষ্ঠা করতে, শিশুর সাথে বন্ধন তৈরি করতে এবং অভিভাবকত্বের ভূমিকা সহজ করতে সাহায্য করতে পারে, যা স্তন্যপান করানো মায়ের জন্য অভিজ্ঞতাকে আরও পরিচালনাযোগ্য করে তোলে।",একটি সমর্থন নেটওয়ার্কের গুরুত্ব,বুকের দুধ খাওয়ানোর ক্ষেত্রে অংশীদার এবং সহায়তা ব্যবস্থার ভূমিকার উপর জোর দেওয়া।
কোন সময়ে আমার প্রসবপূর্ব যত্ন শুরু করা উচিত?,আপনি গর্ভবতী হওয়ার পরে যত তাড়াতাড়ি সম্ভব আপনার প্রসবপূর্ব যত্ন শুরু করা উচিত।,প্রসবপূর্ব যত্নের সময়,প্রসবপূর্ব যত্ন কখন শুরু করতে হবে সে সম্পর্কে পরামর্শ
আমি গর্ভবতী হওয়ার সাথে সাথেই কি প্রসবপূর্ব যত্ন শুরু করা উচিত?,আপনি গর্ভবতী হওয়ার পরে যত তাড়াতাড়ি সম্ভব আপনার প্রসবপূর্ব যত্ন শুরু করা উচিত।,প্রসবপূর্ব যত্নের সময়,প্রসবপূর্ব যত্ন কখন শুরু করতে হবে সে সম্পর্কে পরামর্শ
প্রসবপূর্ব অ্যাপয়েন্টমেন্টের জন্য যাওয়ার সেরা সময় কখন?,আপনি গর্ভবতী হওয়ার পরে যত তাড়াতাড়ি সম্ভব আপনার প্রসবপূর্ব যত্ন শুরু করা উচিত।,প্রসবপূর্ব যত্নের সময়,প্রসবপূর্ব যত্ন কখন শুরু করতে হবে সে সম্পর্কে পরামর্শ
আমি কখন প্রসবপূর্ব যত্ন শুরু করব?,আপনি গর্ভবতী হওয়ার পরে যত তাড়াতাড়ি সম্ভব আপনার প্রসবপূর্ব যত্ন শুরু করা উচিত।,প্রসবপূর্ব যত্নের সময়,প্রসবপূর্ব যত্ন কখন শুরু করতে হবে সে সম্পর্কে পরামর্শ
একটি সুস্থ গর্ভাবস্থা বজায় রাখার জন্য সহায়ক কর্ম।,"আপনার সঙ্গী, পরিবার এবং বন্ধুদের বোঝানো গুরুত্বপূর্ণ যে আপনাকে গর্ভাবস্থায় অ্যালকোহল এড়াতে হবে, কারণ তাদের সমর্থন অত্যন্ত গুরুত্বপূর্ণ হবে। আপনি আপনার গর্ভাবস্থাকে অ-অ্যালকোহলযুক্ত পানীয় ব্যবহার করার সুযোগ হিসাবে ব্যবহার করতে পারেন, যেমন ফল বা শসার টুকরো সহ ঝকঝকে জল, ঘরে তৈরি আইসড চা, বা আপনার প্রিয় ককটেল (মকটেল) এর ভার্জিন (অ্যালকোহল-মুক্ত) সংস্করণগুলি। বেশিরভাগ বার এবং রেস্তোঁরা মকটেল বিকল্পগুলি অফার করে, তাই আপনার সার্ভারকে জিজ্ঞাসা করতে দ্বিধা করবেন না। গর্ভাবস্থায় অ্যালকোহল ব্যবহারের ঝুঁকি এবং অতিরিক্ত সংস্থান সম্পর্কে আরও তথ্যের জন্য, fasd-alcoholfreepregnancy.ca-এ FASD অ্যালকোহল-মুক্ত গর্ভাবস্থার ওয়েবসাইট দেখুন।",গর্ভাবস্থায় অ্যালকোহল এড়িয়ে চলার টিপস,গর্ভাবস্থায় অ্যালকোহল সেবন এড়ানোর কৌশল।
গর্ভবতী মহিলারা কীভাবে তাদের খাদ্যতালিকায় আরও শাকসবজি এবং ফলগুলি অন্তর্ভুক্ত করতে পারেন সেই বিষয়ে পরামর্শ চাইতে পারেন যখন সামর্থ্য এবং স্বাস্থ্য সুবিধা বিবেচনা করে।,"আপনি যদি প্রতিটি খাবারে শাকসবজি এবং ফল খেতে অভ্যস্ত না হন, তাহলে আপনার পছন্দের অল্প পরিমাণে যোগ করে শুরু করুন, তারপর নতুন বৈচিত্র্য এবং রান্নার পদ্ধতিগুলি অন্বেষণ করুন৷ হিমায়িত বা টিনজাত বিকল্পগুলি সাশ্রয়ী হতে পারে, বিশেষ করে শীতকালে তাদের জন্য বেছে নিন যাদের লবণ এবং চিনির পরিমাণ কম। যদিও জুসগুলি সুবিধাজনক বলে মনে হতে পারে, সেগুলিতে প্রায়শই ফাইবারের অভাব থাকে এবং এতে লবণ এবং চিনির পরিমাণ বেশি হতে পারে, যা সম্পূর্ণ বা ন্যূনতম প্রক্রিয়াজাত শাকসবজি এবং ফলগুলিকে স্বাস্থ্যকর গর্ভাবস্থার খাদ্যের জন্য একটি ভাল পছন্দ করে তোলে।",গর্ভাবস্থায় শাকসবজি এবং ফল খাওয়ার টিপস,ধীরে ধীরে শাকসবজি এবং ফলের পরিমাণ বাড়ানো এবং স্বাস্থ্যকর বিকল্পগুলি নির্বাচন করার নির্দেশিকা।
সিগারেট ব্যবহারের নিরাপদ মাত্রা নেই; গর্ভাবস্থায় ধূমপান ত্যাগ করার পরামর্শ দেওয়া হয়।,"গর্ভাবস্থা ধূমপান ছাড়ার একটি আদর্শ সময়। ধূমপান, সেকেন্ড-হ্যান্ড ধূমপানের সংস্পর্শে থাকা সহ, ভ্রূণ, মা এবং শিশুর ক্ষতি করে, তামাক ব্যবহারের কোন নিরাপদ মাত্রা ছাড়াই। প্রসবপূর্ব যত্ন প্রদানকারীরা প্রাসঙ্গিক যত্ন প্রদানের জন্য ধূমপানের অভ্যাস সম্পর্কে জিজ্ঞাসা করবেন, ত্যাগ করতে সহায়তা করবেন এবং উদ্বেগের সমাধান করবেন। ধূমপান ভ্রূণের বিকাশকে প্রভাবিত করে এবং গর্ভাবস্থা এবং প্রসবোত্তর সময়কে জটিল করে তুলতে পারে।",গর্ভাবস্থায় তামাক এবং ইলেকট্রনিক সিগারেট,গর্ভাবস্থায় ধূমপান এবং ইলেকট্রনিক সিগারেটের ঝুঁকি।
একটি 1 থেকে 2 বছর বয়সী শিশুর কত ঘুম প্রয়োজন? এই পর্যায়ে ঘুমানোর ধরণগুলি কীভাবে পরিবর্তিত হয়? ঘুম থেকে ওঠার পরে আপনার সন্তানের মেজাজ কীভাবে পরিচালনা করা উচিত?,"একটি 1 থেকে 2 বছর বয়সী শিশু সাধারণত রাতে 8 থেকে 12 ঘন্টা ঘুমায়। 18 মাস আগে, শিশুদের সাধারণত দিনে দুটি ঘুমের প্রয়োজন হয়, একটি সকালে এবং একটি বিকেলে। 18 মাস থেকে 2 বছর পর, তারা শুধুমাত্র একটি ঘুমাতে পারে। যদি আপনার সন্তান খারাপ মেজাজে জেগে ওঠে, তবে ধৈর্য ধরতে হবে এবং ক্রিয়াকলাপ পুনরায় শুরু করার আগে তাকে সামঞ্জস্য করার জন্য সময় দিতে হবে। মনে রাখবেন, প্রতিটি শিশুর ঘুমের চাহিদা পরিবর্তিত হয় এবং তারা বড় হওয়ার সাথে সাথে হ্রাস পায়।","বাচ্চাদের ঘুম, ঘুম, ঘুমের সময়কাল","ঘুমের ধরণ, ঘুমের রূপান্তর, স্বতন্ত্র ঘুমের প্রয়োজন"
"প্রশ্ন যেমন ""গর্ভাবস্থায় আমি কীভাবে সিট বেল্ট পরব?"" অথবা ""গর্ভাবস্থায় সিট বেল্ট ব্যবহার করা কি নিরাপদ?"" সাধারণত গর্ভবতী মায়েদের ভ্রমণ নিরাপত্তা নিয়ে উদ্বিগ্ন হয়।","গর্ভাবস্থায় সিট বেল্ট পরা মা এবং শিশু উভয়ের নিরাপত্তার জন্য অপরিহার্য। নিশ্চিত করুন যে ল্যাপ বেল্টটি নিতম্ব জুড়ে এবং পেটের নীচে নিচু অবস্থানে রয়েছে, যখন কাঁধের স্ট্র্যাপটি বুক জুড়ে এবং পেটের পাশে চালানো উচিত, পিঠের পিছনে বা বাহুর নীচে স্থাপন করা এড়ানো উচিত। একটি সঠিকভাবে পরা সিট বেল্ট দুর্ঘটনার ক্ষেত্রে কার্যকর সুরক্ষা প্রদান করে এবং শিশুর ক্ষতির ঝুঁকি কমিয়ে দেয়। সর্বদা নিশ্চিত করুন যে সিট বেল্টটি নিখুঁতভাবে এবং আরামদায়কভাবে ফিট করে।",গর্ভাবস্থায় ভ্রমণের নিরাপত্তা,নিরাপত্তার জন্য গর্ভাবস্থায় সিট বেল্ট ব্যবহার এবং সঠিক অবস্থানের গুরুত্ব।
গর্ভপাতের পর আবার গর্ভধারণের চেষ্টা করার জন্য কতক্ষণ অপেক্ষা করতে হবে? আপনার একাধিক গর্ভপাত হলে কি একজন স্বাস্থ্য পেশাদারের সাথে পরামর্শ করা প্রয়োজন? আপনি ফলিক অ্যাসিড গ্রহণ চালিয়ে যেতে হবে?,"গর্ভপাতের পরে আবার গর্ভধারণের চেষ্টা করার আগে আপনার কমপক্ষে একটি স্বাভাবিক মাসিক চক্র না হওয়া পর্যন্ত অপেক্ষা করার পরামর্শ দেওয়া হয়। যদি আপনার একাধিক গর্ভপাত হয়ে থাকে, তাহলে একজন স্বাস্থ্য পেশাদারের সাথে পরামর্শ করা সহায়ক হতে পারে। আপনি আপনার ফলিক অ্যাসিড সম্পূরক গ্রহণ চালিয়ে যেতে হবে.",গর্ভপাতের পর গর্ভধারণের চেষ্টা করা,আবার চেষ্টা করার আগে গর্ভপাতের পর একটি স্বাভাবিক মাসিক চক্রের জন্য অপেক্ষা করুন; একাধিক গর্ভপাতের পরে একজন স্বাস্থ্য পেশাদারের সাথে পরামর্শ করুন।
একাধিক গর্ভধারণকারী মহিলাদের কীভাবে তাদের খাদ্য এবং পুষ্টির চাহিদাগুলি পরিচালনা করা উচিত?,"একাধিক বাচ্চা বহনকারী মহিলাদের একক সন্তান বহনকারী মহিলাদের তুলনায় সামান্য বেশি খাবার গ্রহণ করতে হবে। এটি তাদের স্বাভাবিক ডায়েটে অতিরিক্ত স্ন্যাকস বা হালকা খাবার যোগ করে অর্জন করা যেতে পারে। আপনার স্বাস্থ্যসেবা প্রদানকারী বর্ধিত পুষ্টির চাহিদাগুলিকে সমর্থন করার জন্য বিশেষ ভিটামিন এবং খনিজ সম্পূরকগুলির পরামর্শ দিতে পারে। সকালের অসুস্থতা, পেটে চাপ, ধীর হজম এবং শারীরিক অস্বস্তির মতো অস্বস্তির কারণে ক্ষুধা কমে যেতে পারে। এই ধরনের ক্ষেত্রে, পুষ্টিকর-ঘন খাবার বাছাই করা বা পুষ্টিকর পানীয়, যেমন স্মুদি, ফোর্টিফাইড সয়া পানীয় এবং দুধ পান করা উপকারী হতে পারে।",যমজ বা একাধিক গর্ভাবস্থা,একাধিক বাচ্চা বহনকারী মহিলাদের জন্য খাদ্যতালিকাগত চাহিদা এবং চ্যালেঞ্জ।
গর্ভাবস্থায় বিভিন্ন ধরনের স্রাব কি এবং কিভাবে আপনি তাদের সনাক্ত করতে পারেন? আপনি অ্যামনিওটিক তরল হারাচ্ছেন কিনা তা আপনি কীভাবে অনুমান করবেন?,"গর্ভাবস্থায়, যোনি স্রাব ভারী এবং দ্রুততর হয়ে ওঠে, বিশেষ করে শেষ মাসগুলিতে। এটি আন্ডারওয়্যার ভিজিয়ে দিতে পারে বা প্যান্টি লাইনার ভিজিয়ে রাখতে পারে। শারীরিক পরিশ্রম, কাশি বা হাঁচির পরে প্রস্রাব ফুটো বেশি হয় এবং মূত্রাশয় খালি হয়ে গেলে বন্ধ হয়ে যায়। অ্যামনিওটিক তরল, যা পরিষ্কার এবং গন্ধহীন, শিশুর নড়াচড়ার সময় বা মায়ের অবস্থান পরিবর্তন করার সময় ক্রমাগত ফুটো হতে পারে। অ্যামনিওটিক ফ্লুইড লিকেজ চেক করতে, একটি স্যানিটারি প্যাড পরুন, 30 মিনিট পর চেক করুন, এবং যদি প্যাডটি ভিজিয়ে রাখা হয়, তাহলে এটি ইঙ্গিত দেয় যে আপনার জল ভেঙে গেছে।",গর্ভাবস্থায় স্রাবের প্রকারভেদ,"যোনি স্রাব, প্রস্রাব, এবং অ্যামনিওটিক তরল সনাক্তকরণ"
আল্ট্রাসাউন্ড কি,"একটি আল্ট্রাসাউন্ড ডিভাইস ব্যবহার করে একটি পরীক্ষা যা করতে পারে 
মায়ের গর্ভে ভ্রূণ বা ভ্রূণ দেখুন।",আল্ট্রাসাউন্ড,আল্ট্রাসাউন্ড সংজ্ঞা
গর্ভাবস্থার কোন পর্যায়ে আমার প্রথম আল্ট্রাসাউন্ড করা উচিত?,গর্ভাবস্থার প্রথম 3 মাসের মধ্যে আপনার প্রথম আল্ট্রাসাউন্ড স্ক্যান করার পরামর্শ দেওয়া হয়।,গর্ভাবস্থায় আল্ট্রাসাউন্ড,গর্ভাবস্থায় প্রথম আল্ট্রাসাউন্ড স্ক্যানের সময় ও গুরুত্ব নিয়ে আলোচনা।
প্রাথমিক আল্ট্রাসাউন্ড করার সেরা সময় কি?,গর্ভাবস্থার প্রথম 3 মাসের মধ্যে আপনার প্রথম আল্ট্রাসাউন্ড স্ক্যান করার পরামর্শ দেওয়া হয়।,গর্ভাবস্থায় আল্ট্রাসাউন্ড,গর্ভাবস্থায় প্রথম আল্ট্রাসাউন্ড স্ক্যানের সময় ও গুরুত্ব নিয়ে আলোচনা।
ডাক্তাররা কখন প্রথম আল্ট্রাসাউন্ড করার পরামর্শ দেন?,গর্ভাবস্থার প্রথম 3 মাসের মধ্যে আপনার প্রথম আল্ট্রাসাউন্ড স্ক্যান করার পরামর্শ দেওয়া হয়।,গর্ভাবস্থায় আল্ট্রাসাউন্ড,গর্ভাবস্থায় প্রথম আল্ট্রাসাউন্ড স্ক্যানের সময় ও গুরুত্ব নিয়ে আলোচনা।
আমার প্রথম আল্ট্রাসাউন্ড স্ক্যান কখন নির্ধারণ করা উচিত?,গর্ভাবস্থার প্রথম 3 মাসের মধ্যে আপনার প্রথম আল্ট্রাসাউন্ড স্ক্যান করার পরামর্শ দেওয়া হয়।,গর্ভাবস্থায় আল্ট্রাসাউন্ড,গর্ভাবস্থায় প্রথম আল্ট্রাসাউন্ড স্ক্যানের সময় ও গুরুত্ব নিয়ে আলোচনা।
গর্ভাবস্থায় আল্ট্রাসাউন্ড কিসের জন্য ব্যবহৃত হয়? এটি কি তথ্য প্রদান করতে পারে এবং এটি শিশুর লিঙ্গ প্রকাশ করতে পারে?,"গর্ভাবস্থায় একটি আল্ট্রাসাউন্ড ব্যবহার করা হয় আপনি কত দূরে আছেন তা নির্ধারণ করতে, আপনার নির্ধারিত তারিখ নিশ্চিত করতে এবং আপনার শিশুর সঠিকভাবে বেড়ে উঠছে কিনা তা পরীক্ষা করা হয়। এটি আপনার স্বাস্থ্য পেশাদারকে আপনার শিশুর অঙ্গ, অঙ্গ-প্রত্যঙ্গ পরীক্ষা করতে এবং কতজন শিশু উপস্থিত রয়েছে তা নিশ্চিত করতে দেয়। এটি প্লাসেন্টার অবস্থান নির্ধারণ করতেও সাহায্য করে। যদিও শিশুর লিঙ্গ শনাক্ত করা প্রায়শই সম্ভব, তবে ত্রুটির সামান্য ঝুঁকি রয়েছে। আপনি যদি যৌনতাকে সারপ্রাইজ রাখতে চান তবে টেকনিশিয়ান এবং ডাক্তারকে জানাতে ভুলবেন না যাতে কোনও ভুল বোঝাবুঝি না হয়।",আল্ট্রাসাউন্ড পরীক্ষা,"শিশুর বিকাশ, প্লাসেন্টা, আল্ট্রাসাউন্ড উদ্দেশ্য, শিশুর যৌনতা"
11 এবং 13 সপ্তাহের মধ্যে আল্ট্রাসাউন্ডের উদ্দেশ্য কী এবং নুচাল ট্রান্সলুসেন্সি পরিমাপ কী নির্দেশ করে?,"11 এবং 13 সপ্তাহের মধ্যে দেওয়া আল্ট্রাসাউন্ডটি নুচাল ট্রান্সলুসেন্সি পরিমাপ করতে ব্যবহৃত হয়, যা ঘাড়ের ত্বক এবং ভ্রূণের মেরুদণ্ডের মধ্যবর্তী স্থান। স্বাভাবিকের চেয়ে বেশি পরিমাপ ট্রাইসোমি 21, অন্যান্য ক্রোমোজোম অস্বাভাবিকতা বা ভ্রূণের বিকৃতির উচ্চ ঝুঁকির পরামর্শ দিতে পারে। এই পরীক্ষাটি একটি ফি দিয়ে আসতে পারে এবং প্রায়শই জৈব রাসায়নিক পরীক্ষার পাশাপাশি পরিচালিত হয়।","আল্ট্রাসাউন্ড, নুচাল ট্রান্সলুসেন্সি, ট্রাইসমি স্ক্রীনিং","আল্ট্রাসাউন্ড পরীক্ষা, নুচাল ট্রান্সলুসেন্সি, ক্রোমোসোমাল অস্বাভাবিকতা"
সন্তান প্রসবের সময় পরিকল্পনা অনুযায়ী কাজ না হলে বাবা-মায়ের কী করা উচিত? কিভাবে তাদের স্বাস্থ্য সমস্যা বা অকাল শিশুর একটি শিশুকে পরিচালনা করা উচিত?,"সন্তান প্রসবের সময় যখন জিনিসগুলি পরিকল্পনা অনুযায়ী যায় না, তখন বাবা-মাকে অপ্রত্যাশিত চ্যালেঞ্জগুলির মুখোমুখি হতে হতে পারে যেমন স্বাস্থ্য সমস্যা, জন্মগত ত্রুটি বা অকাল জন্ম। এই ক্ষেত্রে, শিশুর বিশেষ যত্নের জন্য হাসপাতালে ভর্তির প্রয়োজন হতে পারে। পিতামাতাদের এই নতুন বাস্তবতা এবং ভূমিকার সাথে মানিয়ে নিতে হবে যা তারা হয়তো প্রত্যাশা করেনি। সময়ের আগে জন্ম নেওয়া শিশুদের (37 সপ্তাহের আগে) বিশেষ যত্নের প্রয়োজন হয়, এবং পিতামাতাদের তাদের শিশুকে যে কোনো প্রয়োজনীয় চিকিৎসা বা হস্তক্ষেপের মাধ্যমে সমর্থন করার জন্য প্রস্তুত থাকতে হবে।","অপ্রত্যাশিত জন্মগত জটিলতা, অকাল শিশু","স্বাস্থ্য সমস্যা, হাসপাতালে ভর্তি, অকাল জন্ম, নতুন বাস্তবতার সাথে মানিয়ে নেওয়া"
সন্তান প্রসবের সময় পরিকল্পনা অনুযায়ী কাজ না হলে বাবা-মায়ের কী করা উচিত? কিভাবে তাদের স্বাস্থ্য সমস্যা বা অকাল শিশুর একটি শিশুকে পরিচালনা করা উচিত?,"সন্তান প্রসবের সময় যখন জিনিসগুলি পরিকল্পনা অনুযায়ী যায় না, তখন বাবা-মাকে অপ্রত্যাশিত চ্যালেঞ্জের মুখোমুখি হতে হতে পারে যেমন স্বাস্থ্য সমস্যা, জন্মগত ত্রুটি বা অকাল জন্ম। এই ক্ষেত্রে, শিশুর বিশেষ যত্নের জন্য হাসপাতালে ভর্তির প্রয়োজন হতে পারে। পিতামাতাদের এই নতুন বাস্তবতা এবং ভূমিকার সাথে মানিয়ে নিতে হবে যা তারা হয়তো প্রত্যাশা করেনি। সময়ের আগে জন্ম নেওয়া শিশুদের (37 সপ্তাহের আগে) বিশেষ যত্নের প্রয়োজন হয়, এবং পিতামাতাদের তাদের শিশুকে যে কোনো প্রয়োজনীয় চিকিৎসা বা হস্তক্ষেপের মাধ্যমে সমর্থন করার জন্য প্রস্তুত থাকতে হবে।","অপ্রত্যাশিত জন্মগত জটিলতা, অকাল শিশু","স্বাস্থ্য সমস্যা, হাসপাতালে ভর্তি, অকাল জন্ম, নতুন বাস্তবতার সাথে মানিয়ে নেওয়া"
কোন লক্ষণগুলি মূত্রনালীর সংক্রমণ (ইউটিআই) নির্দেশ করে? একটি UTI এর লক্ষণ কি কি?,"একটি মূত্রনালীর সংক্রমণ (ইউটিআই) তলপেটে এবং কখনও কখনও পিঠে ব্যথা, অল্প পরিমাণে ঘন ঘন প্রস্রাব এবং জরুরী বোধের সাথে প্রস্রাবের মিথ্যা আকাঙ্ক্ষা দ্বারা চিহ্নিত করা হয়। অন্যান্য লক্ষণগুলির মধ্যে রয়েছে প্রস্রাব বের হওয়া, প্রস্রাব করার সময় জ্বলন্ত সংবেদন, মূত্রাশয় খালি করার পরেও প্রস্রাব করার অবিরাম তাগিদ এবং কখনও কখনও প্রস্রাবে রক্ত। এই লক্ষণগুলি মূত্রতন্ত্রে সংক্রমণের ইঙ্গিত দেয়।",মূত্রনালীর সংক্রমণ,মূত্রনালীর সংক্রমণের (ইউটিআই) লক্ষণ ও লক্ষণ
"স্বল্পমেয়াদী প্রভাব, ঘন ঘন পুনরায় প্রয়োগ, এক্সপোজার।","গর্ভাবস্থায় সিট্রোনেলা তেল বা ল্যাভেন্ডার তেল ভিত্তিক পণ্য ব্যবহার করার পরামর্শ দেওয়া হয় না। এই তেলগুলির স্বল্প-মেয়াদী প্রভাব রয়েছে, ঘন ঘন পুনঃপ্রয়োগের প্রয়োজন, যা বর্ধিত এক্সপোজার হতে পারে।",সিট্রোনেলা এবং ল্যাভেন্ডার তেল ব্যবহার,গর্ভাবস্থায় সিট্রোনেলা এবং ল্যাভেন্ডার তেল-ভিত্তিক পণ্য ব্যবহারের সাথে সম্পর্কিত ঝুঁকি।
প্রসবকালীন ব্যথা নিয়ন্ত্রণে জল কীভাবে ব্যবহার করা যেতে পারে এবং কেন এটি কার্যকর?,"জল স্নান বা ঝরনার মাধ্যমে প্রসবকালীন ব্যথা পরিচালনা করতে সাহায্য করতে পারে, যা প্রায়শই হাসপাতাল এবং জন্মদান কেন্দ্রগুলিতে পাওয়া যায়। অনেক মহিলা জলের উষ্ণতা এবং উচ্ছ্বাসকে প্রশান্তিদায়ক বলে মনে করেন, কারণ এটি ব্যথা কমাতে সাহায্য করে এবং প্রসবের সময় শিথিলতা বাড়ায়।",ব্যথা উপশম জন্য জল ব্যবহার,প্রসবের সময় ব্যথা ব্যবস্থাপনার বিকল্প হিসেবে গোসল এবং ঝরনা
প্রসবের পরে জরায়ু সংকোচনের কারণ কী এবং বিভিন্ন গর্ভাবস্থায় এগুলি কীভাবে পরিবর্তিত হয়? ব্যথা পরিচালনা করা কঠিন হয়ে গেলে আপনার কী করা উচিত?,"প্রসবের পরে, জরায়ু সংকোচন ঘটতে পারে, বিশেষ করে বুকের দুধ খাওয়ানোর সময়। এই সংকোচনগুলি আরও তীব্র হতে পারে যদি এটি আপনার প্রথম গর্ভাবস্থা না হয়। যদি ব্যথা অস্বস্তিকর বা পরিচালনা করা কঠিন হয়, তাহলে পরামর্শ বা উপশমের জন্য আপনার স্বাস্থ্য পেশাদারের সাথে যোগাযোগ করা গুরুত্বপূর্ণ।",জরায়ু সংকোচন,"বুকের দুধ খাওয়ানোর সময় সংকোচন, পরবর্তী গর্ভাবস্থায় তীব্রতা বৃদ্ধি পায়"
"জরায়ু সংকোচন কি, এবং কিভাবে আপনি বলতে পারেন যে তারা শ্রমের একটি চিহ্ন? সংকোচন ব্যথা সময়কাল এবং প্যাটার্ন কি?",জরায়ুর সংকোচন জরায়ুর বেদনাদায়ক শক্ত হয়ে যাওয়া দ্বারা চিহ্নিত করা হয়। প্রথম সংকোচনগুলি মাসিকের ক্র্যাম্পের মতোই মনে হতে পারে। ব্যথা সাধারণত কমপক্ষে 20 সেকেন্ড স্থায়ী হয় এবং প্রসব শুরু হওয়ার সাথে সাথে সংকোচনগুলি নিয়মিত বিরতিতে আসে এবং যেতে থাকে। ব্যথার এই প্যাটার্ন একটি মূল লক্ষণ যে প্রসব শুরু হচ্ছে।,জরায়ু সংকোচন,জরায়ু সংকোচনের লক্ষণ ও বৈশিষ্ট্য
গর্ভাবস্থায় ফ্লু ভ্যাকসিন কেন সুপারিশ করা হয়?,"13 সপ্তাহ বা তার বেশি গর্ভবতী মহিলাদের জন্য ফ্লু ভ্যাকসিন সুপারিশ করা হয়, কারণ তারা ফ্লু জটিলতার উচ্চ ঝুঁকিতে থাকে, যা হাসপাতালে ভর্তি হতে পারে। উপরন্তু, গর্ভবতী মহিলারা তাদের শিশুর মধ্যে ফ্লু সংক্রমণ করতে পারে। আপনার যদি দীর্ঘস্থায়ী স্বাস্থ্যের অবস্থা থাকে, তবে আপনার গর্ভাবস্থার পর্যায় নির্বিশেষে যত তাড়াতাড়ি সম্ভব ফ্লু ভ্যাকসিন নেওয়ার পরামর্শ দেওয়া হয়।","ভ্যাকসিন, ফ্লু, গর্ভাবস্থা",গর্ভাবস্থায় ফ্লু ভ্যাকসিনের সুপারিশ
গর্ভাবস্থায় পের্টুসিস ভ্যাকসিন কেন সুপারিশ করা হয়?,"পার্টুসিস (হুপিং কাশি) ভ্যাকসিন গর্ভবতী মহিলাদের জন্য সুপারিশ করা হয় মা এবং শিশু উভয়ের সুরক্ষার জন্য, কারণ ছোট বাচ্চাদের জন্য পের্টুসিস মারাত্মক হতে পারে। টিকা সাধারণত গর্ভাবস্থার 26 থেকে 32 সপ্তাহের মধ্যে দেওয়া হয় এবং জীবনের প্রথম কয়েক মাস আপনার শিশুকে রক্ষা করতে সাহায্য করে। প্রতিটি গর্ভাবস্থার জন্য টিকা অবশ্যই পুনরাবৃত্তি করতে হবে। আপনার অবস্থার উপর নির্ভর করে, গর্ভাবস্থায় বা প্রসবের পরে অন্যান্য ভ্যাকসিনগুলিও সুপারিশ করা যেতে পারে।","ভ্যাকসিন, Pertussis, গর্ভাবস্থা",গর্ভাবস্থায় পারটুসিস ভ্যাকসিনের সুপারিশ
যেসব মহিলার সি-সেকশন হয়েছে তারা কি ভবিষ্যতে যোনিপথে সন্তান প্রসব করতে পারবে? একটি VBAC চেষ্টা করার সুবিধা এবং ঝুঁকি কি কি?,"হ্যাঁ, অনেক মহিলা যাদের সি-সেকশন হয়েছে তারা পরবর্তী গর্ভাবস্থায় যোনিপথে জন্ম দিতে সক্ষম হয়, যেখানে চারজনের মধ্যে তিনজনের সফলভাবে সিজারিয়ান (VBAC) পরে যোনিপথে জন্ম হয়। VBAC-এর সুবিধার মধ্যে রয়েছে অস্ত্রোপচারের কোনো ঝুঁকি, শিশুর সঙ্গে তাৎক্ষণিক বন্ধন, অধিক গতিশীলতা, এবং একটি স্বল্প পুনরুদ্ধারের সময়। যাইহোক, VBAC জরায়ু ফেটে যাওয়ার খুব কম ঝুঁকি বহন করে, যা বিরল হলেও গুরুতর পরিণতি হতে পারে এবং জরুরী সি-সেকশনের প্রয়োজন হতে পারে। একটি পরিকল্পিত সি-সেকশনও তার নিজস্ব ঝুঁকি বহন করে।",সিজারিয়ানের পরে যোনিপথে জন্ম (VBAC),"পূর্ববর্তী সি-সেকশনের পরে VBAC এর সুবিধা, ঝুঁকি এবং সম্ভাবনা"
আমি কি সি-সেকশনের পরে যোনিপথে প্রসব করতে পারি?,আপনার পূর্ববর্তী সি-সেকশনের কারণের উপর নির্ভর করে এটি সম্ভব।,সি-সেকশনের পরে যোনি প্রসব (VBAC),পূর্ববর্তী সি-সেকশনের পরে যোনিপথে প্রসবের সম্ভাবনা বিবেচনা করে।
সি-সেকশন করার পর আমি কি স্বাভাবিক জন্ম নিতে পারি?,আপনার পূর্ববর্তী সি-সেকশনের কারণের উপর নির্ভর করে এটি সম্ভব।,সি-সেকশনের পরে যোনি প্রসব (VBAC),পূর্ববর্তী সি-সেকশনের পরে যোনিপথে প্রসবের সম্ভাবনা বিবেচনা করে।
সি-সেকশনের পরে যোনিপথে জন্মের চেষ্টা করা কি নিরাপদ?,আপনার পূর্ববর্তী সি-সেকশনের কারণের উপর নির্ভর করে এটি সম্ভব।,সি-সেকশনের পরে যোনি প্রসব (VBAC),পূর্ববর্তী সি-সেকশনের পরে যোনিপথে প্রসবের সম্ভাবনা বিবেচনা করে।
সি-সেকশনের পরে আমার যোনিপথে জন্ম হতে পারে কিনা তা কোন বিষয়গুলি নির্ধারণ করে?,আপনার পূর্ববর্তী সি-সেকশনের কারণের উপর নির্ভর করে এটি সম্ভব।,সি-সেকশনের পরে যোনি প্রসব (VBAC),পূর্ববর্তী সি-সেকশনের পরে যোনিপথে প্রসবের সম্ভাবনা বিবেচনা করে।
কেন গর্ভাবস্থায় যোনি swabs সুপারিশ করা হয়? তারা কি জন্য স্ক্রীন করে এবং কিভাবে ফলাফল চিকিত্সা করা হয়?,"গর্ভাবস্থায় ভ্যাজাইনাল সোয়াবগুলিকে ক্ল্যামাইডিয়া এবং গনোরিয়ার মতো যৌন সংক্রামিত সংক্রমণের (এসটিআই) জন্য স্ক্রীন করার পরামর্শ দেওয়া হয়, কারণ এগুলি সনাক্ত করা যায় না এবং মা এবং শিশু উভয়কেই প্রভাবিত করতে পারে। স্ক্রীনিংটি গোপনীয়, এবং যদি আপনার প্রাথমিক পরীক্ষার পরে কোনো STI-এর সংস্পর্শে আসার সন্দেহ হয়, তাহলে আপনি পুনরাবৃত্তি স্ক্রীনিংয়ের অনুরোধ করতে পারেন। প্রায় 36 সপ্তাহে, গ্রুপ বি স্ট্রেপ্টোকক্কাস, একটি ব্যাকটেরিয়া যা যদি চিকিত্সা না করা হয়, প্রসবের সময় শিশুর ক্ষতি করতে পারে তার জন্য একটি যোনি এবং পায়ুপথের সোয়াবও ব্যবহার করা হয়। ব্যাকটেরিয়া সনাক্ত করা হলে, আপনাকে প্রসবের সময় অ্যান্টিবায়োটিক দিয়ে চিকিত্সা করা হবে।",ভ্যাজাইনাল সোয়াবস এবং এসটিআই স্ক্রীনিং,"এসটিআই, গ্রুপ বি স্ট্রেপ্টোকক্কাস, স্ক্রীনিং, অ্যান্টিবায়োটিক"
গর্ভাবস্থার 14 সপ্তাহ পরে যোনিপথে রক্তপাত কি স্বাভাবিক? দ্বিতীয় বা তৃতীয় ত্রৈমাসিকে কী কারণে রক্তপাত হতে পারে এবং কখন আপনার একজন স্বাস্থ্য পেশাদারের সাথে দেখা করা উচিত?,"প্রথম ত্রৈমাসিকের পরে যোনি থেকে রক্তপাত স্বাভাবিক নয় এবং অবিলম্বে একজন স্বাস্থ্য পেশাদার দ্বারা মূল্যায়ন করা উচিত। এই রক্তপাত প্লাসেন্টার সমস্যা, গর্ভপাত বা প্রসবের সূত্রপাতের মতো সমস্যার কারণে হতে পারে। যদিও রক্তপাতের সমস্ত ক্ষেত্রে গর্ভাবস্থার ঝুঁকি নির্দেশ করে না, তবে সবকিছু স্বাভাবিকভাবে চলছে তা নিশ্চিত করার জন্য মূল্যায়ন করা অপরিহার্য। গাইনোকোলজিকাল পরীক্ষার পরে হালকা রক্তপাত গর্ভাবস্থায় জরায়ুর ভঙ্গুরতার কারণে সাধারণ এবং তাত্ক্ষণিক মূল্যায়নের প্রয়োজন হয় না।",গর্ভাবস্থার 14 সপ্তাহ পরে যোনি থেকে রক্তপাত,"কারণ, পরামর্শ, এবং মূল্যায়ন"
গর্ভাবস্থার 14 সপ্তাহের আগে যোনিপথে রক্তপাতের কারণ কী? প্রথম ত্রৈমাসিকে রক্তপাতের জন্য কখন আপনার একজন স্বাস্থ্য পেশাদারের সাথে পরামর্শ করা উচিত? ভারী রক্তপাত বা অন্যান্য জটিলতার লক্ষণগুলি কী কী যেগুলির জন্য অবিলম্বে মনোযোগ প্রয়োজন?,"গর্ভাবস্থার প্রাথমিক পর্যায়ে যোনিপথে রক্তপাত সাধারণ এবং প্রায়ই ভ্রূণ ইমপ্লান্টেশনের মতো পরিবর্তনের কারণে ঘটে। এই ক্ষেত্রে হালকা রক্তপাত সাধারণত ক্ষতিকারক নয় এবং গর্ভাবস্থাকে প্রভাবিত করে না। যাইহোক, যদি আপনি প্রথম ত্রৈমাসিকের সময় রক্তপাত অনুভব করেন, তবে পরিস্থিতি মূল্যায়ন করার জন্য একজন স্বাস্থ্য পেশাদারের সাথে পরামর্শ করা গুরুত্বপূর্ণ, বিশেষ করে Rh-নেগেটিভ রক্তে আক্রান্ত মহিলাদের জন্য যাদের ইমিউনোগ্লোবুলিন চিকিত্সার প্রয়োজন হতে পারে। যদি রক্তপাত ভারী হয় (দুটি নিয়মিত প্যাড বা একটি ম্যাক্সি-প্যাড প্রতি ঘণ্টায় দুই বা তিন ঘণ্টা ভিজিয়ে রাখা), অথবা দুর্বলতা, মাথা ঘোরা বা তীব্র পেটে ব্যথা হলে সরাসরি জরুরি কক্ষে যান।",গর্ভাবস্থার প্রথম দিকে যোনিপথে রক্তপাত,"রক্তপাতের কারণ, পরামর্শ, জরুরী পরিস্থিতিতে"
গর্ভাবস্থায় ভেরিকোজ শিরা এবং ফুলে যাওয়ার কারণ কী এবং কীভাবে এগুলি উপশম করা যায়? কখন আপনার ডাক্তারের সাথে পরামর্শ করা উচিত?,"গর্ভাবস্থায় ভ্যারিকোজ শিরা এবং ফুলে যাওয়া রক্তের পরিমাণ বৃদ্ধি, জরায়ু থেকে চাপ এবং সীমিত সঞ্চালনের কারণে পায়ে তরল ধারণ করে। পা, ভালভা, যোনি এবং মলদ্বারে ভেরিকোজ শিরা সাধারণ। ফোলা উপশম করতে, আপনার পা বাড়ান, আপনার বাম দিকে ঘুমান, নিয়মিত ব্যায়াম করুন, দীর্ঘক্ষণ বসে থাকা বা দাঁড়ানো এড়িয়ে চলুন এবং কম্প্রেশন মোজা পরুন। যদি শুধুমাত্র একটি পায়ে ফোলা দেখা দেয়, তীব্র ব্যথার সাথে থাকে, বা অন্য জায়গায় ছড়িয়ে পড়ে, অবিলম্বে চিকিৎসার পরামর্শ নিন।",ভেরিকোজ শিরা এবং ফুলে যাওয়া,"কারণ, ত্রাণ কৌশল, কখন চিকিৎসার পরামর্শ নিতে হবে"
"গর্ভাবস্থায় কীভাবে শাকসবজি এবং ফল সঠিকভাবে গ্রহণ করা যায় তা নিশ্চিত করার প্রশ্নটি প্রায়শই দেখা দেয়, কীভাবে সেগুলি প্রতিদিনের খাবারে অন্তর্ভুক্ত করা যায় তা নিয়ে উদ্বেগ রয়েছে।","শাকসবজি এবং ফল, বিশেষ করে রঙিন, গর্ভাবস্থায় আপনার খাবারের একটি অপরিহার্য এবং স্বাদযুক্ত সংযোজন। প্রতিটি খাবার এবং স্ন্যাকসে এগুলিকে অন্তর্ভুক্ত করার পরামর্শ দেওয়া হয়৷ এগুলি তাজা, হিমায়িত, টিনজাত, শুকনো বা সস এবং কম্পোটে উপভোগ করা যেতে পারে। এই খাদ্য আইটেমগুলি সহজেই ভাপানো, ভাজা বা ভাজা হতে পারে এবং এগুলি স্যুপ, রান্না করা খাবার, স্মুদি বা এমনকি মিষ্টান্নগুলিতে যোগ করা যেতে পারে, যা আপনার এবং আপনার শিশুর উভয়ের উপকারে বিস্তৃত পুষ্টি এবং স্বাদ প্রদান করে।",গর্ভাবস্থায় শাকসবজি এবং ফলমূল,গর্ভাবস্থার ডায়েটে শাকসবজি এবং ফলের গুরুত্ব এবং বহুমুখিতা।
Vernix caseosa কি?,একটি সাদা পদার্থ একটি নবজাত শিশুর চামড়া আবরণ.,ভার্নিক্স কেসোসা,ভার্নিক্স কেসোসার সংজ্ঞা
কেন গর্ভাবস্থায় ভিটামিন এবং মিনারেল সাপ্লিমেন্ট গ্রহণ করা প্রয়োজন? প্রসবপূর্ব মাল্টিভিটামিন কি থাকা উচিত?,"গর্ভাবস্থায়, আয়রন এবং ফলিক অ্যাসিডের মতো নির্দিষ্ট পুষ্টির জন্য শরীরের প্রয়োজনীয়তা উল্লেখযোগ্যভাবে বৃদ্ধি পায়। যদিও খাদ্য পুষ্টির সর্বোত্তম উৎস, তবে শুধুমাত্র খাদ্যের মাধ্যমে এই পুষ্টির জন্য প্রয়োজনীয় পরিমাণ পূরণ করা কঠিন হতে পারে। অতএব, এটি একটি প্রসবপূর্ব মাল্টিভিটামিন গ্রহণ করার পরামর্শ দেওয়া হয় যাতে 0.4 মিলিগ্রাম ফলিক অ্যাসিড এবং 16 থেকে 20 মিলিগ্রাম আয়রন থাকে। গর্ভাবস্থার দুই থেকে তিন মাস আগে মাল্টিভিটামিন গ্রহণ শুরু করার এবং গর্ভাবস্থা এবং প্রসবোত্তর জুড়ে চালিয়ে যাওয়ার পরামর্শ দেওয়া হয়। কিছু নারীর চাহিদা পরিবর্তিত হতে পারে, তাই ব্যক্তিগতকৃত সুপারিশের জন্য একজন স্বাস্থ্যসেবা পেশাদারের সাথে পরামর্শ করা অপরিহার্য।",ভিটামিন এবং মিনারেল সাপ্লিমেন্ট,"গর্ভাবস্থায় পুষ্টির প্রয়োজনীয়তা বৃদ্ধি, প্রসবপূর্ব সম্পূরকগুলির গুরুত্ব।"
প্রসবের সময় হাঁটা কিভাবে সাহায্য করে?,হাঁটা শ্রমের তীব্রতা সহজ করে এবং স্থির অগ্রগতি সমর্থন করে।,প্রসবের সময় হাঁটা,শ্রম প্রক্রিয়া চলাকালীন হাঁটার সুবিধা নিয়ে আলোচনা।
প্রসবের সময় হাঁটা বাঞ্ছনীয়?,হাঁটা শ্রমের তীব্রতা সহজ করে এবং স্থির অগ্রগতি সমর্থন করে।,প্রসবের সময় হাঁটা,শ্রম প্রক্রিয়া চলাকালীন হাঁটার সুবিধা নিয়ে আলোচনা।
শ্রমে হাঁটা কি ভূমিকা পালন করে?,হাঁটা শ্রমের তীব্রতা সহজ করে এবং স্থির অগ্রগতি সমর্থন করে।,প্রসবের সময় হাঁটা,শ্রম প্রক্রিয়া চলাকালীন হাঁটার সুবিধা নিয়ে আলোচনা।
প্রসবের সময় হাঁটা কেন উপকারী?,হাঁটা শ্রমের তীব্রতা সহজ করে এবং স্থির অগ্রগতি সমর্থন করে।,প্রসবের সময় হাঁটা,শ্রম প্রক্রিয়া চলাকালীন হাঁটার সুবিধা নিয়ে আলোচনা।
আমি কি আমার সি-সেকশন ছেদ ধুতে লবণ জল ব্যবহার করতে পারি?,লবণ পানি দিয়ে আপনার সি-সেকশনের ক্ষত ধোয়া ঠিক নয়।,সি-সেকশন ক্ষত ধোয়া,সি-সেকশনের ক্ষত লোনা জল দিয়ে ধোয়ার পরামর্শ দেওয়া হয় কিনা সে সম্পর্কে স্পষ্টীকরণ।
লবণ জল দিয়ে আমার সি-সেকশনের ক্ষত পরিষ্কার করা কি ঠিক হবে?,লবণ পানি দিয়ে আপনার সি-সেকশনের ক্ষত ধোয়া ঠিক নয়।,সি-সেকশন ক্ষত ধোয়া,সি-সেকশনের ক্ষত লোনা জল দিয়ে ধোয়ার পরামর্শ দেওয়া হয় কিনা সে সম্পর্কে স্পষ্টীকরণ।
আমার কি আমার সি-সেকশনের দাগ লবণ পানি দিয়ে ধুতে হবে?,লবণ পানি দিয়ে আপনার সি-সেকশনের ক্ষত ধোয়া ঠিক নয়।,সি-সেকশন ক্ষত ধোয়া,সি-সেকশনের ক্ষত লোনা জল দিয়ে ধোয়ার পরামর্শ দেওয়া হয় কিনা সে সম্পর্কে স্পষ্টীকরণ।
জন্মের পরপরই কীভাবে সফলভাবে বুকের দুধ খাওয়ানোর প্রচার করা যায়।,"বুকের দুধ খাওয়ানো সহজ করার জন্য, জন্মের পর প্রথম ঘন্টার মধ্যে আপনার নবজাতকের সাথে ত্বক থেকে ত্বকের যোগাযোগের অনুশীলন করা উপকারী। এই যোগাযোগ শিশুর শরীরের তাপমাত্রা নিয়ন্ত্রণে সাহায্য করে, তাদের শান্ত করে এবং বুকের দুধ খাওয়ানোর প্রতিফলনকে ট্রিগার করে, যার ফলে স্তন্যপান করানো শুরু করা সহজ হয়। এই সময়ের মধ্যে প্রথম খাওয়ানো একটি স্মৃতি তৈরি করতে পারে যা শিশুকে ভবিষ্যতের সেশনে কীভাবে দুধ খাওয়াতে হয় তা মনে করতে সাহায্য করে। যদি শিশু অবিলম্বে দুধ খাওয়ানোর জন্য প্রস্তুত না হয়, ম্যানুয়ালি দুধ প্রকাশ করা বা কয়েক ফোঁটা দেওয়ার জন্য একটি চামচ ব্যবহার করা দুধ উৎপাদন শুরু করতে সাহায্য করতে পারে এবং শিশুকে বুকের দুধ খাওয়ানো শুরু করতে উত্সাহিত করতে পারে।",বুকের দুধ খাওয়ানো সহজ করার উপায়,বুকের দুধ খাওয়ানো শুরু করা এবং অভিজ্ঞতা উন্নত করার জন্য টিপস।
দুধ ছাড়ানো কি,ধীরে ধীরে স্তন্যপান করানো বন্ধ করা।,দুধ ছাড়ানো,দুধ ছাড়ানোর সংজ্ঞা
"সঙ্গীর হাসপাতাল বা জন্মদান কেন্দ্রে কী আনতে হবে? শিশুর জন্য প্রয়োজনীয় জিনিসপত্র যেমন পোশাক, ডায়াপার এবং একটি গাড়ির আসন কী?","সঙ্গীর আরামদায়ক জামাকাপড়, জুতা এবং পায়জামা, সেইসাথে একটি বালিশ, প্রসাধন সামগ্রী এবং পড়ার সামগ্রী প্যাক করা উচিত। যদি তারা প্রসবের সময় ঘূর্ণিতে যোগ দিতে চায়, একটি স্নান স্যুট দরকারী। খাবার, পানীয় এবং একটি ক্যামেরা ভুলে যাবেন না। শিশুর জন্য, ডায়াপার প্যাক করুন (যদি হাসপাতাল দ্বারা সরবরাহ করা না হয়), পায়জামা, আন্ডারশার্ট, বডিস্যুট, একটি কম্বল এবং একটি টুপি। এছাড়াও, ঋতুর জন্য উপযুক্ত একটি বাড়িতে যাওয়ার পোশাক এবং একটি শিশুর গাড়ির আসন প্রস্তুত করুন, যা গাড়িতে হাসপাতাল ছেড়ে যাওয়ার জন্য প্রয়োজন।",সঙ্গী এবং শিশুর জন্য কি আনতে হবে,হাসপাতালে থাকার সময় অংশীদার এবং শিশুর জন্য প্যাক করা আইটেম
"মায়ের জন্য হাসপাতাল বা জন্মদান কেন্দ্রে কী কী প্রয়োজনীয় জিনিস আনতে হবে? আমার কি স্বাস্থ্য বীমা প্রমাণ, হাসপাতালের কার্ড এবং গর্ভাবস্থার নথি দরকার? আমার কি আরামদায়ক জামাকাপড়, প্রসাধন সামগ্রী এবং ব্যক্তিগত আইটেম যেমন স্ন্যাকস এবং ওষুধ প্যাক করা উচিত?","আপনার হাসপাতাল বা জন্মদান কেন্দ্রে থাকার জন্য প্রস্তুতি নেওয়ার সময়, নিশ্চিত করুন যে আপনি আপনার স্বাস্থ্য বীমা কার্ড, হাসপাতালের কার্ড, গর্ভাবস্থার নোটবুক এবং জন্ম পরিকল্পনার মতো প্রয়োজনীয় নথি নিয়ে এসেছেন। প্রসাধন সামগ্রী, স্ন্যাকস এবং আপনি যে ওষুধ গ্রহণ করছেন তার সাথে শ্রম এবং প্রসব-পরবর্তী উভয়ের জন্য আরামদায়ক পোশাক প্যাক করুন। শ্রমের সময় ব্যক্তিগত আরামের জন্য আইটেমগুলি ভুলে যাবেন না যেমন ম্যাসেজ তেল, অতিরিক্ত বালিশ এবং একটি গরম জলের বোতল৷ অন্যান্য সহায়ক আইটেমগুলির মধ্যে রয়েছে আপনার টিকার রেকর্ড, নার্সিং ব্রা, বাড়িতে যাওয়ার পোশাক, ম্যাক্সি প্যাড, পড়ার উপাদান এবং একটি ঘড়ি।",হাসপাতাল বা বার্থিং সেন্টারে কী আনতে হবে,মায়ের হাসপাতালে থাকার জন্য প্যাক করার জিনিসপত্র
প্রসবের সময় আপনার কখন হাসপাতাল বা জন্মদান কেন্দ্রে যাওয়া উচিত? এটি যাওয়ার সময় নির্দেশ করে এমন লক্ষণগুলি কী কী?,"নিম্নলিখিতগুলির মধ্যে যেকোনটি ঘটলে আপনার অবিলম্বে হাসপাতাল বা জন্মদান কেন্দ্রে যাওয়া উচিত - যদি এটি আপনার প্রথম প্রসব হয় এবং প্রতি পাঁচ মিনিট বা এক ঘন্টার কম সময় ধরে আপনার নিয়মিত সংকোচন হয়, অথবা যদি আপনার পূর্বে প্রসব হয় এবং প্রতি পাঁচ মিনিট বা তার কম সময়ে নিয়মিত সংকোচনের অভিজ্ঞতা হয়। আপনি যদি 30 মিনিটের বেশি দূরে থাকেন তবে প্রতি দশ মিনিটে সংকোচন ঘটলে হাসপাতালে যান। এছাড়াও, যদি আপনার জল ভেঙে যায়, আপনি রক্ত ​​হারাচ্ছেন, বা আপনি আর আপনার শিশুর নড়াচড়া অনুভব করছেন না। আপনার গর্ভাবস্থার শেষের দিকে, আপনার স্বাস্থ্য, আগের ডেলিভারি এবং আপনি হাসপাতাল থেকে কত দূরে বাস করছেন এই বিষয়গুলি বিবেচনা করে কখন যাওয়ার সঠিক সময় সম্পর্কে আপনার ডাক্তার বা মিডওয়াইফের সাথে পরামর্শ করা গুরুত্বপূর্ণ।",কখন হাসপাতালে যেতে হবে,"সংকোচন, জল ভাঙ্গা, রক্তক্ষরণ, নড়াচড়ার অভাব"
প্রসবের পর দুধের উৎপাদন কিভাবে পরিবর্তিত হয়?,"প্রসবের পরে দ্বিতীয় থেকে পঞ্চম দিনের মধ্যে, দুধের উত্পাদন দ্রুত বৃদ্ধি পায় এবং দুধের রঙ পরিষ্কার হয়। এই প্রক্রিয়াটিকে আপনার দুধ ""আসছে"" হিসাবে উল্লেখ করা হয় এবং এটি হরমোনের পরিবর্তনের কারণে শুরু হয়। এটি সমস্ত মহিলাদের জন্য ঘটে, তারা স্তন্যপান করুক বা না করুক না কেন। দুধ সরবরাহের এই বৃদ্ধি নিশ্চিত করে যে আপনার শিশু তাদের প্রয়োজনীয় পুষ্টি গ্রহণ করে যখন তারা গর্ভের বাইরে খাওয়ানোর সাথে সামঞ্জস্য করে। আরও তথ্যের জন্য, দুধ উৎপাদন পরিবর্তনের বিভাগটি পড়ুন।","যখন আপনার বুকের দুধ ""আসে""",প্রসবের পর দুধ আসার প্রক্রিয়া।
গর্ভবতী মহিলারা তাদের ডায়েটে গোটা শস্যের খাবার অন্তর্ভুক্ত করার বিষয়ে এবং পুষ্টিকর এবং শক্তি-সমৃদ্ধ খাদ্য বজায় রাখার জন্য উপলব্ধ বিভিন্ন বিকল্প সম্পর্কে জিজ্ঞাসা করতে পারেন।,"গর্ভাবস্থায় সম্পূর্ণ শস্য জাতীয় খাবার অপরিহার্য কারণ তারা শক্তির একটি প্রাথমিক উৎস প্রদান করে। এর মধ্যে রয়েছে গোটা শস্যের রুটি, পাস্তা, ওটমিল এবং ব্রাউন রাইস, সাথে কুইনো, বাজরা, বন্য চাল এবং বানানর মতো কম সাধারণ বিকল্প। কার্বোহাইড্রেট, ফাইবার, ভিটামিন এবং খনিজ সমৃদ্ধ, এই খাবারগুলি মাতৃস্বাস্থ্য এবং ভ্রূণের বিকাশকে সমর্থন করার জন্য প্রতিটি খাবারের সাথে সুপারিশ করা হয়। বিভিন্ন ধরনের গোটা শস্য নিয়ে পরীক্ষা করা আপনার গর্ভাবস্থার খাদ্যে বৈচিত্র্য এবং পুষ্টির সমৃদ্ধি যোগ করতে পারে।",গর্ভাবস্থায় হোল গ্রেইন খাবার,প্রাথমিক শক্তির উৎস হিসেবে গোটা শস্যের খাবারের গুরুত্ব এবং গর্ভাবস্থায় তাদের পুষ্টিগত সুবিধা।
গর্ভাবস্থায় এক্স-রে প্রয়োজন হলে কি করবেন?,"গর্ভাবস্থায় যদি আপনার এক্স-রে প্রয়োজন হয়, তাহলে সবসময় আপনার ডাক্তার বা ডেন্টিস্টকে জানান যে আপনি গর্ভবতী। তারা মূল্যায়ন করবে যে এক্স-রে এর সুবিধাগুলি আপনার এবং আপনার শিশুর জন্য সম্ভাব্য ঝুঁকির চেয়ে বেশি। মেডিকেল টেকনিশিয়ানকেও জানাতে ভুলবেন না, যাতে তারা প্রয়োজনীয় নিরাপত্তা ব্যবস্থা নিতে পারে, যেমন আপনাকে একটি সীসা এপ্রোন পরা। উপরন্তু, আপনার প্রথম প্রসবপূর্ব অ্যাপয়েন্টমেন্টে, আপনি গর্ভবতী হওয়ার আগে আপনি যে কোনো এক্স-রে করেছিলেন তা উল্লেখ করুন।","এক্স-রে, গর্ভাবস্থা","নিরাপত্তা সতর্কতা, গর্ভাবস্থায় এক্স-রে এর সম্ভাব্য ঝুঁকি"
"প্রশ্ন যেমন ""গর্ভবতী মহিলাদের জন্য জিকা-আক্রান্ত এলাকায় ভ্রমণ করা কি নিরাপদ?"" বা ""গর্ভাবস্থায় জিকা সম্পর্কে আমার কী সতর্কতা অবলম্বন করা উচিত?"" ভ্রমণকারী এবং গর্ভবতী মায়েদের মধ্যে ঘন ঘন দেখা দেয়।","গর্ভবতী মহিলাদেরকে জিকা ভাইরাস দ্বারা প্রভাবিত এলাকায় ভ্রমণ স্থগিত করার পরামর্শ দেওয়া হয় কারণ এটি শিশুর জন্য মারাত্মক ঝুঁকি তৈরি করে, যার মধ্যে মাইক্রোসেফালির মতো জন্মগত ত্রুটি রয়েছে। ভাইরাসটি মশার কামড়ের মাধ্যমে এবং শারীরিক তরলের মাধ্যমে যৌন সঙ্গীদের মধ্যে সংক্রমণ হয়। ভ্রমণ অনিবার্য হলে, সংক্রমণের ঝুঁকি কমাতে কনডম ব্যবহার বা যৌন যোগাযোগ থেকে বিরত থাকার মতো সতর্কতা অবলম্বন করুন। সর্বশেষ সুপারিশ এবং আপডেটের জন্য, আপনার স্বাস্থ্য পেশাদারের সাথে পরামর্শ করুন এবং quebec.ca/en/health/health-issues/a-z/zikavirus/ এবং canada.ca/en/public-health/services/diseases/zika-virus.html দেখুন।",জিকা ভাইরাস এবং গর্ভাবস্থা,ভ্রমণের সময় জিকা ভাইরাসের এক্সপোজারের সাথে সম্পর্কিত ঝুঁকির বিষয়ে গর্ভবতী মহিলাদের জন্য নির্দেশিকা এবং সতর্কতা।
অ্যামনিওটিক ফ্লুইডের কাজ কী?,অ্যামনিওটিক তরল আপনার শিশুর বৃদ্ধি এবং বিকাশে একটি গুরুত্বপূর্ণ ভূমিকা পালন করে। এটি সাহায্য করে:,অ্যামনিওটিক_ফ্লুইড,গর্ভাবস্থায় অ্যামনিওটিক ফ্লুইডের ভূমিকা।
প্রসবের সময় অ্যামনিওটিক থলিতে কী ঘটে?,"অ্যামনিওটিক তরল অ্যামনিওটিক থলির মধ্যে থাকে, যা দুটি স্তর নিয়ে গঠিত। প্রসবের ঠিক আগে বা সময়, থলি ভেঙে যাবে, যার ফলে অ্যামনিওটিক তরল বেরিয়ে যাবে। এই ঘটনাটিকে সাধারণত ""জল ভাঙ্গা"" বলা হয়।",amniotic_sac,অ্যামনিওটিক থলির বর্ণনা এবং প্রসবের সময় এর ভূমিকা।
মূত্রাশয় কি করে?,মূত্রাশয় একটি অঙ্গ যা কিডনি দ্বারা উত্পাদিত প্রস্রাব ধারণ করে।,মূত্রাশয়_ফাংশন,মূত্র সঞ্চয়ে মূত্রাশয়ের ভূমিকা।
পুরুষদের মধ্যে মূত্রাশয় কি করে?,"মূত্রাশয় পুরুষদের মধ্যে কিডনি দ্বারা উত্পাদিত প্রস্রাব ধরে রাখে, যতক্ষণ না এটি শরীর থেকে বের করে দেওয়ার জন্য প্রস্তুত হয় ততক্ষণ পর্যন্ত এটি সংরক্ষণ করে।",মূত্রাশয়_পুরুষ_ফাংশন,পুরুষ শারীরবৃত্তিতে মূত্রাশয়ের ভূমিকা।
মাসিক ও প্রসবের সময় জরায়ু মুখ কি করে?,ঋতুস্রাবের সময় জরায়ুমুখ রক্ত ​​প্রবাহিত হতে দেয় যখন এটি প্রায় বন্ধ থাকে এবং প্রসবের সময় এটি প্রসারিত হয় যাতে শিশুর মধ্য দিয়ে যেতে পারে।,সার্ভিক্স_ফাংশন,ঋতুস্রাব এবং সন্তান প্রসবের ক্ষেত্রে জরায়ুর ভূমিকা।
কিভাবে নির্ধারিত তারিখ গণনা করা হয়?,"আপনার নির্ধারিত তারিখ অনুমান করতে, আপনার শেষ পিরিয়ডের প্রথম দিন থেকে 280 দিন বা 40 সম্পূর্ণ সপ্তাহ গণনা করুন। প্রত্যাশিত নির্ধারিত তারিখ একটি আনুমানিক তারিখ।",নির্ধারিত_তারিখ_অনুমান,গর্ভাবস্থার নির্ধারিত তারিখ কীভাবে অনুমান করা যায়।
ফ্যালোপিয়ান টিউবের কাজ কী?,"ফ্যালোপিয়ান টিউবগুলি জরায়ু এবং ডিম্বাশয়কে সংযুক্ত করে, ডিম পরিবহন করে এবং নিষিক্তকরণে গুরুত্বপূর্ণ ভূমিকা পালন করে।",ফ্যালোপিয়ান_টিউব,ডিম পরিবহন এবং নিষিক্তকরণে ফ্যালোপিয়ান টিউবের ভূমিকা।
কিভাবে নিষেক ঘটবে?,একটি শুক্রাণু এবং একটি ডিম্বাণু মিলিত হলে নিষিক্তকরণ ঘটে। শুক্রাণুকে অবশ্যই ডিমের বাইরের স্তর অতিক্রম করতে হবে এবং একবার তারা ফিউজ হয়ে গেলে তারা একটি একক কোষ তৈরি করে।,নিষিক্তকরণ_প্রক্রিয়া,শুক্রাণু এবং ডিম্বাণু মিলিত হলে নিষিক্তকরণের প্রক্রিয়া।
ভ্রূণের বিকাশের পর্যায়গুলি কী কী?,"জরায়ুর বাইরে বসবাসের জন্য প্রস্তুত হওয়ার আগে আপনার শিশুটি ক্রমাগত বিভিন্ন পর্যায়ে বৃদ্ধি পায়। এই পর্যায়গুলি, বা মূল মুহূর্তগুলি, শেষ মাসিক থেকে সপ্তাহের সংখ্যার উপর ভিত্তি করে এবং এক মহিলা থেকে পরবর্তীতে আলাদা হতে পারে।",ভ্রূণের_উন্নয়নের_পর্যায়,গর্ভাবস্থায় ভ্রূণের বিকাশের পর্যায়গুলি।
প্রথম ত্রৈমাসিকের সময় কি হয়?,"প্রথম ত্রৈমাসিকে, গর্ভধারণ থেকে 14 সপ্তাহ পর্যন্ত, ভ্রূণ উল্লেখযোগ্য বিকাশের মধ্য দিয়ে যায়। 5 সপ্তাহে, হৃদস্পন্দন শুরু হয়। 7 সপ্তাহের মধ্যে, মাথা শরীরের বাকি অংশের চেয়ে বড় হয়, বাহু এবং আঙ্গুলগুলি তৈরি হতে শুরু করে এবং চোখ দৃশ্যমান হয়। 10 সপ্তাহের মধ্যে, ভ্রূণটি আরও বেশি মানব দেখায়, মুখের বৈশিষ্ট্যগুলি আলাদা করা যায় এবং পায়ের আঙ্গুল এবং আঙ্গুলগুলি গঠন করে। এই পর্যায়ে, ভ্রূণটি এখন একটি ভ্রূণ, যার শরীরের সমস্ত অংশ রয়েছে কিন্তু এখনও ক্রমবর্ধমান এবং বিকাশ করছে।",প্রথম_ত্রৈমাসিক,প্রথম ত্রৈমাসিকে ভ্রূণের বিকাশ।
গর্ভাবস্থার 10 থেকে 14 সপ্তাহের মধ্যে কী ঘটে?,"10 থেকে 14 সপ্তাহের মধ্যে, ভ্রূণ বড় হয় এবং কঙ্কালের হাড় তৈরি হতে শুরু করে। 14 সপ্তাহের মধ্যে, ভ্রূণ প্রায় 8.5 সেমি পরিমাপ করে। যৌনাঙ্গ সম্পূর্ণরূপে গঠিত না হলেও শিশুর লিঙ্গ নির্ধারণের জন্য সেগুলি যথেষ্ট বিকশিত হয়। 16 থেকে 18 সপ্তাহের মধ্যে একটি আল্ট্রাসাউন্ড সাধারণত শিশুর লিঙ্গ নিশ্চিত করতে পারে।",প্রথম_ত্রৈমাসিক_শেষ,10 থেকে 14 সপ্তাহের মধ্যে ভ্রূণের বিকাশ।
গর্ভাবস্থায় চুলের কোন পরিবর্তন ঘটতে পারে?,"গর্ভাবস্থায়, অনেক মহিলা চুলের বৃদ্ধিতে পরিবর্তন অনুভব করেন। কেউ কেউ শরীরের চুল বৃদ্ধি এবং একটি ঘন, পূর্ণ মাথার চুল লক্ষ্য করতে পারে। যাইহোক, জন্ম দেওয়ার কয়েক মাস পরে, স্বাভাবিকের চেয়ে বেশি চুল পড়া স্বাভাবিক কারণ শরীর তার গর্ভাবস্থার আগের হরমোনের ভারসাম্যে ফিরে আসে।","চুল, গর্ভাবস্থা",গর্ভাবস্থায় চুলের বৃদ্ধিতে পরিবর্তন।
"গর্ভাবস্থার সাথে সম্পর্কিত পরিবর্তনগুলি কীভাবে হৃদয়, রক্তনালী এবং ফুসফুসকে প্রভাবিত করে?","গর্ভাবস্থায়, আপনার হৃদস্পন্দন প্রতি মিনিটে 10 বিট পর্যন্ত বাড়তে পারে এবং আপনার হৃদপিণ্ড আপনার পাঁজরের খাঁচার মধ্যে সামান্য স্থানান্তরিত হয় যাতে ক্রমবর্ধমান শিশু এবং প্রসারিত জরায়ুকে মিটমাট করা যায়। ভ্রূণের চাহিদা মেটাতে আপনার রক্তের পরিমাণ বৃদ্ধি পায়। গর্ভাবস্থা আপনার শ্বাস-প্রশ্বাসকেও প্রভাবিত করতে পারে, যার ফলে হালকা শ্বাসকষ্ট হয়, যা সাধারণত ধীরে ধীরে শুরু হয় এবং হালকা থাকে। এটি গর্ভাবস্থাকে সমর্থন করার জন্য আপনার শরীরে ঘটছে শারীরিক পরিবর্তনের কারণে।","হার্ট_রক্তনালী_ফুসফুস, গর্ভাবস্থা",গর্ভাবস্থায় কার্ডিওভাসকুলার এবং শ্বাসযন্ত্রের সিস্টেমে পরিবর্তন।
গর্ভাবস্থায় হাইপারপিগমেন্টেশনের কারণ কী এবং এটি কীভাবে ত্বককে প্রভাবিত করে?,"গর্ভাবস্থায় হাইপারপিগমেন্টেশন একটি সাধারণ অবস্থা যেখানে ত্বকের নির্দিষ্ট কিছু অংশে কালো হয়ে যায়। এটি পেটের বোতাম এবং পিউবিসের মধ্যে একটি অন্ধকার রেখা হিসাবে প্রকাশ করতে পারে, সেইসাথে পেরিনিয়াম, মলদ্বার, ঘাড়, বগল, অ্যারিওলা বা পেটের বোতামের চারপাশে কালো হয়ে যেতে পারে। হাইপারপিগমেন্টেশনের কারণে ""প্রেগন্যান্সি মাস্ক"" বা মেলাজমা মুখে বাদামি ছোপ ছোপ দাগ দেয়। সূর্যের এক্সপোজার এই অবস্থাগুলিকে আরও বাড়িয়ে তুলতে পারে, তাই সানস্ক্রিন ব্যবহার করা গুরুত্বপূর্ণ। এই ত্বকের পরিবর্তনগুলি সাধারণত প্রসবের পরে পরিষ্কার হয়ে যায় এবং সাধারণত এক বছরের মধ্যে অদৃশ্য হয়ে যায়।","হাইপারপিগমেন্টেশন, গর্ভাবস্থা",গর্ভাবস্থায় হাইপারপিগমেন্টেশন এবং গর্ভাবস্থার মাস্ক।
নিষিক্তকরণের পরে কি হয়?,"নিষিক্ত হওয়ার পর, ডিম্বাণু বিকশিত হয় এবং ভ্রূণ গঠনের জন্য জরায়ুর দিকে নেমে আসে। এটি ডিম্বস্ফোটনের প্রায় সাত দিন পরে এন্ডোমেট্রিয়ামে (জরায়ুর আস্তরণ) ইমপ্লান্ট করে।",ইমপ্লান্টেশন_প্রক্রিয়া,একটি নিষিক্ত ডিমের বিকাশ এবং জরায়ুতে ইমপ্লান্টেশন।
আমার গর্ভাবস্থায় আমি কি তিনটির বেশি আল্ট্রাসাউন্ড স্ক্যান করতে পারি?,"সাধারণত, আপনার গর্ভাবস্থায় আপনার তিনটি আল্ট্রাসাউন্ড স্ক্যান হবে: একটি প্রথম ত্রৈমাসিকে, একটি দ্বিতীয় ত্রৈমাসিকে এবং একটি তৃতীয় ত্রৈমাসিকে৷",ইনস্টলেশন,গর্ভাবস্থায় প্রস্তাবিত আল্ট্রাসাউন্ড স্ক্যানের সংখ্যা সম্পর্কে তথ্য প্রদান করা।
গর্ভাবস্থায় আমার কত ঘন ঘন আল্ট্রাসাউন্ড স্ক্যান করা উচিত?,"সাধারণত, আপনার গর্ভাবস্থায় আপনার তিনটি আল্ট্রাসাউন্ড স্ক্যান হবে: একটি প্রথম ত্রৈমাসিকে, একটি দ্বিতীয় ত্রৈমাসিকে এবং একটি তৃতীয় ত্রৈমাসিকে৷",ইনস্টলেশন,গর্ভাবস্থায় প্রস্তাবিত আল্ট্রাসাউন্ড স্ক্যানের সংখ্যা সম্পর্কে তথ্য প্রদান করা।
গর্ভাবস্থায় কি একাধিক আল্ট্রাসাউন্ড স্ক্যান করা প্রয়োজন?,"সাধারণত, আপনার গর্ভাবস্থায় আপনার তিনটি আল্ট্রাসাউন্ড স্ক্যান হবে: একটি প্রথম ত্রৈমাসিকে, একটি দ্বিতীয় ত্রৈমাসিকে এবং একটি তৃতীয় ত্রৈমাসিকে৷",ইনস্টলেশন,গর্ভাবস্থায় প্রস্তাবিত আল্ট্রাসাউন্ড স্ক্যানের সংখ্যা সম্পর্কে তথ্য প্রদান করা।
গর্ভাবস্থায় কখন আল্ট্রাসাউন্ড স্ক্যান করা হয়?,"সাধারণত, আপনার গর্ভাবস্থায় আপনার তিনটি আল্ট্রাসাউন্ড স্ক্যান হবে: একটি প্রথম ত্রৈমাসিকে, একটি দ্বিতীয় ত্রৈমাসিকে এবং একটি তৃতীয় ত্রৈমাসিকে৷",ইনস্টলেশন,গর্ভাবস্থায় প্রস্তাবিত আল্ট্রাসাউন্ড স্ক্যানের সংখ্যা সম্পর্কে তথ্য প্রদান করা।
"ঋতুস্রাব কি, এবং কখন এটি একজন মহিলার জীবনে ঘটে?","ঋতুস্রাব হল মাসিক চক্রের অংশ, 12 বছর বয়সে বয়ঃসন্ধি থেকে শুরু হয় এবং 51 বছর বয়সে মেনোপজের সাথে শেষ হয়।",মাসিক চক্র,একজন মহিলার জীবনে মাসিকের সময়রেখা বোঝা।
ঋতুস্রাব কী এবং কখন এটি একজন মহিলার জীবনে ঘটে?,"ঋতুস্রাব হল মাসিক চক্রের অংশ, 12 বছর বয়সে বয়ঃসন্ধি থেকে শুরু হয় এবং 51 বছর বয়সে মেনোপজের সাথে শেষ হয়।",মাসিক চক্র,একজন মহিলার জীবনে মাসিকের সময়রেখা বোঝা।
কিভাবে আপনি আপনার মাসিক চক্রের দৈর্ঘ্য নির্ধারণ করতে পারেন?,"একটি পিরিয়ডের শুরু থেকে পরবর্তী পিরিয়ড শুরু হওয়ার আগের দিন পর্যন্ত গণনা করুন। চক্র সাধারণত 2135 দিন স্থায়ী হয়, যার গড় 2830 দিন।",মাসিক চক্রের দৈর্ঘ্য,মাসিক চক্রের সময়কাল গণনা করা।
মাসিক চক্রের সময় কি ঘটে?,"মস্তিষ্ক এবং পিটুইটারি গ্রন্থি হরমোন নিঃসরণ করে যা ডিম্বস্ফোটনকে উদ্দীপিত করে, শরীরকে সম্ভাব্য নিষিক্তকরণের জন্য প্রস্তুত করে।",মাসিক_চক্র_প্রক্রিয়া,মাসিক চক্রের সময় হরমোন এবং শারীরবৃত্তীয় পরিবর্তন।
গর্ভপাতের সময় কি হয়?,"প্রতি ছয়টি গর্ভধারণের মধ্যে প্রায় একটিতে, ভ্রূণের বিকাশ নাও হতে পারে, বা শিশুর হৃৎপিণ্ড তাড়াতাড়ি স্পন্দিত হতে পারে। জরায়ু তখন ক্রমবর্ধমান বন্ধ করবে এবং এর বিষয়বস্তু বের করে দেবে, গর্ভপাতের মাধ্যমে গর্ভাবস্থা শেষ হবে।",গর্ভপাত,গর্ভাবস্থার প্রথম দিকে গর্ভপাতের ঘটনা।
ডিম্বাশয় কি করে?,"ডিম্বাশয় ডিম উৎপন্ন করে এবং নারী হরমোন নিঃসরণ করে, যা প্রজননে গুরুত্বপূর্ণ ভূমিকা পালন করে।",ডিম্বাশয়_ফাংশন,ডিম উৎপাদন এবং হরমোন নিঃসরণে ডিম্বাশয়ের ভূমিকা।
ডিম্বস্ফোটন বা উর্বর সময়কাল কী এবং এটি কীভাবে নিষিক্ত হওয়ার সম্ভাবনাকে প্রভাবিত করে?,"ডিম্বস্ফোটন বা উর্বর সময়কাল হল যখন একজন মহিলার ডিম্বস্ফোটনের সম্ভাবনা সবচেয়ে বেশি। এই সময়ে মিলন ঘটলে, 20 বছর বয়সে চারজনের মধ্যে একটি এবং 40 বছর বয়সে বিশটির মধ্যে একটি নিষিক্ত হওয়ার সম্ভাবনা রয়েছে৷ একটি ডিম অবশ্যই 12 ঘন্টার মধ্যে নিষিক্ত হতে হবে, বা এটি নিষ্কাশন করা হবে এবং মাসিক শুরু হবে৷",ovulation_period,উর্বর সময়কাল এবং নিষিক্ত হওয়ার সম্ভাবনা বোঝা।
ডিম্বস্ফোটন কী এবং এই প্রক্রিয়ার সময় কী ঘটে?,"ডিম্বাশয় হল যখন ডিম্বাশয় একটি ডিম্বাণু বের করে, যা ফ্যালোপিয়ান টিউবে টানা হয়। যদি এটি শুক্রাণুর সাথে মিলিত হয়, তাহলে নিষিক্তকরণ ঘটতে পারে। মহিলারা প্রায় 400,000 ডিম্বাণু নিয়ে জন্মায়, যা মেনোপজের কারণে কমে যায়।",ডিম্বস্ফোটন_প্রক্রিয়া,ডিমের মুক্তি এবং প্রজননে এর ভূমিকা।
আপনি কিভাবে অনুমান করতে পারেন যখন ovulation ঘটবে?,"ডিম্বস্ফোটন অনুমান করতে, আপনার মাসিক চক্রের শেষ থেকে 14 দিন পিছনে গণনা করুন। নিয়মিত 28-দিনের চক্রের মহিলারা সাধারণত 14 তম দিনে ডিম্বস্ফোটন করেন, তবে অনিয়মিত চক্রের জন্য ভবিষ্যদ্বাণী করা কঠিন।",ডিম্বস্ফোটন_সময়,মাসিক চক্রের উপর ভিত্তি করে ডিম্বস্ফোটন অনুমান করা।
গর্ভাবস্থায় পেলভিস হাড়ের কাজ কী?,"পেলভিস হাড় মায়ের পেটের অঙ্গগুলিকে সমর্থন করে, গর্ভাবস্থায় কাঠামোগত স্থিতিশীলতা প্রদান করে।",শ্রোণী_হাড়,পেটের অঙ্গগুলিকে সমর্থন করতে পেলভিস হাড়ের ভূমিকা।
গর্ভাবস্থায় শারীরিক পরিবর্তনগুলি কী কী?,গর্ভাবস্থায় শরীরের দ্রুত শারীরিক পরিবর্তন জড়িত। এই পরিবর্তনগুলির বেশিরভাগই অস্থায়ী এবং শিশুর জন্মের পরে ধীরে ধীরে কমে যাবে।,"শারীরিক_পরিবর্তন, গর্ভাবস্থা",গর্ভাবস্থায় শারীরিক পরিবর্তন।
গর্ভাবস্থায় প্ল্যাসেন্টা এবং নাভির ভূমিকা কী?,"নিষিক্ত ডিম্বাণু জরায়ুতে এম্বেড হওয়ার সাথে সাথেই প্লাসেন্টা বাড়তে শুরু করে এবং নাভির মাধ্যমে শিশুর সাথে সংযুক্ত হয়। প্লাসেন্টা এবং নাভি ভ্রূণকে অক্সিজেন এবং পুষ্টি সরবরাহ করে, পাশাপাশি শিশুর শরীর থেকে বর্জ্য অপসারণ করতে সাহায্য করে। উপরন্তু, প্লাসেন্টা গর্ভাবস্থা বজায় রাখার জন্য প্রয়োজনীয় হরমোন নিঃসরণ করে এবং ভ্রূণের বৃদ্ধিকে সমর্থন করে। যাইহোক, এটি সমস্ত পদার্থকে ফিল্টার করে না এবং ক্ষতিকারক পদার্থ যেমন অ্যালকোহল এবং নির্দিষ্ট কিছু ওষুধ ভ্রূণের মধ্যে দিয়ে যেতে পারে।","প্ল্যাসেন্টা, আম্বিলিক্যাল_কর্ড",গর্ভাবস্থায় প্লাসেন্টা এবং নাভির কার্যকারিতা এবং গুরুত্ব।
গর্ভাবস্থা কী পরিবর্তন নিয়ে আসে এবং এটি কীভাবে পিতামাতাকে প্রভাবিত করে?,"গর্ভাবস্থা শারীরিক এবং মানসিক পরিবর্তন নিয়ে আসে, আপনাকে একটি নতুন জীবনের জন্য প্রস্তুত করে। পিতামাতার জন্য, এটি একটি উত্তেজনাপূর্ণ যাত্রা প্রতিশ্রুতি এবং স্বাভাবিক উদ্বেগ উভয়েই ভরা।",গর্ভাবস্থার অভিজ্ঞতা,গর্ভাবস্থার মানসিক এবং শারীরিক যাত্রা।
গর্ভাবস্থায় ত্বকের অন্য কোন পরিবর্তন ঘটতে পারে?,"গর্ভাবস্থায়, কিছু মহিলা অতিরিক্ত ত্বকের পরিবর্তনগুলি অনুভব করতে পারে, যেমন ব্রণ, যা সাধারণত জন্মের পরে পরিষ্কার হয়ে যায়। হরমোনের পরিবর্তনগুলি অ্যাক্রোকর্ডন বা ত্বকের ট্যাগগুলির বিকাশ ঘটাতে পারেছোট, সৌম্য বৃদ্ধি যা সাধারণত ঘাড় এবং বগলের মতো ত্বকের ভাঁজে পাওয়া যায়। আরেকটি সাধারণ ঘটনা হল এনজিওমাস গঠন, যা রক্তনালী দ্বারা সৃষ্ট ত্বকে ছোট লাল দাগ। অ্যাঞ্জিওমাস সাধারণত গর্ভাবস্থার দ্বিতীয় এবং পঞ্চম মাসের মধ্যে বিকাশ লাভ করে তবে সাধারণত জন্ম দেওয়ার তিন মাসের মধ্যে বিবর্ণ হয়ে যায়।","গর্ভাবস্থার ত্বকের পরিবর্তন, ব্রণ, ত্বকের ট্যাগ, এনজিওমাস",গর্ভাবস্থায় ত্বকের অন্যান্য পরিবর্তন।
গর্ভাবস্থায় আপনার কত ওজন বাড়ানো উচিত?,"গর্ভাবস্থায় ওজন বৃদ্ধি ধীরে ধীরে হয় এবং প্রতিটি মহিলার জন্য পরিবর্তিত হয়। প্রথম ত্রৈমাসিকের সময়, লাভ সাধারণত 500 গ্রাম থেকে 2 কেজি (1 থেকে 4.5 পাউন্ড) হয়, যখন দ্বিতীয় এবং তৃতীয় ত্রৈমাসিকে আরও উল্লেখযোগ্য বৃদ্ধি দেখা যায়, মহিলাদের সাধারণত প্রতি সপ্তাহে 225 থেকে 500 গ্রাম (1/2 থেকে 1 পাউন্ড) বৃদ্ধি পায়। যাইহোক, গর্ভাবস্থার পূর্বের ওজন এবং মহিলা একাধিক সন্তান ধারণ করছেন কিনা তার উপর নির্ভর করে এটি ভিন্ন হতে পারে। একজন প্রসবপূর্ব যত্ন প্রদানকারীর দ্বারা নিয়মিত পর্যবেক্ষণ অত্যন্ত গুরুত্বপূর্ণ, তাই পরামর্শ না হলে বাড়িতে নিজেকে ওজন করার দরকার নেই। আপনার ওজন বৃদ্ধির বিষয়ে আপনার উদ্বেগ থাকলে, আপনার যত্ন প্রদানকারীর সাথে সেগুলি নিয়ে আলোচনা করা গুরুত্বপূর্ণ।","গর্ভাবস্থার ওজন, প্রসবপূর্ব যত্ন, ওজন বৃদ্ধি, একাধিক গর্ভাবস্থা",গর্ভাবস্থায় ওজন বৃদ্ধি পর্যবেক্ষণ করা
কিভাবে গর্ভাবস্থা মূত্রাশয় এবং কিডনি ফাংশন প্রভাবিত করে?,"গর্ভাবস্থায়, মূত্রাশয় এবং কিডনি উভয়ের কার্যকারিতা পরিবর্তন হয়। কিডনি ভলিউম বৃদ্ধি করে এবং আরও তরল ফিল্টার করে, যার ফলে প্রস্রাব করার জন্য আরও ঘন ঘন বা জরুরী প্রয়োজন হতে পারে। গর্ভাবস্থার অগ্রগতি এবং জরায়ু প্রসারিত হওয়ার সাথে সাথে এটি মূত্রাশয়ের উপর আরও চাপ দেয়, এই তাগিদকে তীব্র করে। উপরন্তু, অনেক গর্ভবতী মহিলারা রাতে প্রস্রাব বৃদ্ধি অনুভব করেন। দিনের বেলায়, শরীর জল ধরে রাখে, যা শুয়ে থাকার সময় কিডনিতে পুনরায় বিতরণ করা হয়, যা আরও ঘন ঘন রাতে বাথরুমে যাওয়ার জন্য প্ররোচিত করে।","গর্ভাবস্থা, মূত্রাশয়, কিডনি, ঘন ঘন প্রস্রাব",গর্ভাবস্থায় মূত্রাশয় এবং কিডনির কার্যকারিতার পরিবর্তন।
গর্ভাবস্থায় স্তনে কি পরিবর্তন হয়?,"গর্ভাবস্থায়, আপনার স্তনগুলি বুকের দুধ খাওয়ানোর জন্য প্রস্তুত হওয়ার সাথে সাথে বিভিন্ন পরিবর্তনের মধ্য দিয়ে যায়। সংবেদনশীলতা এবং আকার বৃদ্ধি সাধারণ, এবং নীল শিরা আরো দৃশ্যমান হতে পারে। স্তনবৃন্ত এবং অ্যারিওলাগুলিও সামান্য বৃদ্ধি পায় এবং গাঢ় হতে পারে, অ্যারিওলাগুলিতে গাঢ় দাগ তৈরি হয়। এই বাম্পগুলি হল গ্রন্থি যা ত্বককে আর্দ্র রাখতে তেল তৈরি করে। প্রায় 16 সপ্তাহে, আপনার স্তন কোলোস্ট্রাম তৈরি করতে শুরু করে, যা আপনার শিশুর জন্য প্রথম দুধ, এবং কিছু মহিলা কোলস্ট্রাম ফুটো অনুভব করতে পারে, যা সম্পূর্ণ স্বাভাবিক।","গর্ভাবস্থা, স্তন, কোলস্ট্রাম, বুকের দুধ খাওয়ানো, হরমোনের পরিবর্তন",বুকের দুধ খাওয়ানোর প্রস্তুতিতে গর্ভাবস্থায় স্তনের পরিবর্তন।
কেন মহিলাদের গর্ভাবস্থায় চর্বি মজুদ জমা হয়?,"গর্ভাবস্থায়, মহিলারা চর্বি জমা করে, প্রাথমিকভাবে পেট, পিঠ এবং উরুতে। এই রিজার্ভগুলি শক্তি সঞ্চয় করে এবং গর্ভাবস্থাকে সমর্থন করার জন্য এবং প্রসবের পরে স্তন্যপান করানো সুচারুভাবে হয় তা নিশ্চিত করার জন্য অপরিহার্য। এই ফ্যাট স্টোরেজ এই সময়ে ক্রমবর্ধমান শিশু এবং মায়ের শরীর উভয়ের জন্য প্রয়োজনীয় পুষ্টি এবং শক্তি সরবরাহ করতে সহায়তা করে।","গর্ভাবস্থা, চর্বি সংরক্ষণ, শক্তি সঞ্চয়, বুকের দুধ খাওয়ানো",গর্ভাবস্থায় চর্বি মজুদ
গর্ভাবস্থায় ওজন বৃদ্ধি কেন গুরুত্বপূর্ণ?,"গর্ভাবস্থায় ওজন বৃদ্ধি মা এবং শিশু উভয়ের স্বাস্থ্যের জন্য অপরিহার্য, কারণ এটি ভ্রূণের বৃদ্ধি ও বিকাশকে সমর্থন করে। যাইহোক, এটি শুধুমাত্র ওজন বৃদ্ধি সম্পর্কে নয়; একটি স্বাস্থ্যকর খাদ্য বজায় রাখা এবং নিয়মিত শারীরিক ক্রিয়াকলাপে জড়িত হওয়াও গুরুত্বপূর্ণ কারণ। একটি সুষম খাদ্য নিশ্চিত করে যে আপনি এবং আপনার শিশু উভয়ই প্রয়োজনীয় পুষ্টি পাচ্ছেন, যখন শারীরিক কার্যকলাপ পুরো গর্ভাবস্থায় সামগ্রিক স্বাস্থ্য এবং সুস্থতা বজায় রাখতে সাহায্য করে।","গর্ভাবস্থা, স্বাস্থ্যকর ওজন বৃদ্ধি, খাদ্য, শারীরিক কার্যকলাপ",গর্ভাবস্থায় স্বাস্থ্যকর ওজন বৃদ্ধি এবং জীবনযাত্রার গুরুত্ব
গর্ভাবস্থায় লিগামেন্ট এবং জয়েন্টগুলি কীভাবে পরিবর্তন হয়?,"গর্ভাবস্থায়, হরমোনের পরিবর্তনের কারণে আপনার জয়েন্টগুলিকে সমর্থনকারী লিগামেন্টগুলি ধীরে ধীরে আলগা হয়ে যায়, বিশেষ করে পেলভিক এলাকায়। এর ফলে ব্যথা হতে পারে, বিশেষ করে শারীরিক কার্যকলাপের সময়, এবং কিছু ক্ষেত্রে, এমনকি বিশ্রামের সময়ও। এটি একটি সাধারণ অস্বস্তি যা অনেক মহিলাই অনুভব করেন যখন তাদের শরীর প্রসবের জন্য প্রস্তুত হয়।","গর্ভাবস্থা, লিগামেন্ট, জয়েন্ট, হরমোনের পরিবর্তন",লিগামেন্ট এবং জয়েন্টগুলোতে গর্ভাবস্থার প্রভাব
গর্ভাবস্থায় হজমের কি পরিবর্তন ঘটে?,"গর্ভাবস্থায়, হরমোনের পরিবর্তনগুলি প্রায়ই হজম প্রক্রিয়াকে ধীর করে দেয়, যা অস্বস্তির কারণ হতে পারে। হজমের ধীরগতি সাধারণত অম্বলের সাথে জড়িত, যা পেট এবং খাদ্যনালীর মধ্যে ভালভের শিথিলতা দ্বারা সৃষ্ট হয়, যা পাকস্থলীর অ্যাসিড বাড়তে দেয়। কোষ্ঠকাঠিন্যও একটি সাধারণ সমস্যা হয়ে ওঠে কারণ পাচনতন্ত্র আরও ধীরে ধীরে কাজ করে এবং ক্রমবর্ধমান জরায়ু অন্ত্রের উপর চাপ দেয়। এই পরিবর্তনগুলি অস্বস্তির কারণ হতে পারে, তবে এগুলি সাধারণ এবং সাধারণত গর্ভাবস্থার পরে কমে যায়।","গর্ভাবস্থা, পেট, অন্ত্র, হজম, অম্বল, কোষ্ঠকাঠিন্য",গর্ভাবস্থা কীভাবে হজমকে প্রভাবিত করে এবং অম্বল এবং কোষ্ঠকাঠিন্য সৃষ্টি করে।
কিভাবে গর্ভাবস্থা জরায়ু এবং অঙ্গবিন্যাস প্রভাবিত করে?,"গর্ভাবস্থার আগে, আপনার জরায়ু একটি ছোট নাশপাতি আকারের হয়। গর্ভাবস্থার অগ্রগতির সাথে সাথে এটি ক্রমবর্ধমান ভ্রূণকে মিটমাট করার জন্য প্রসারিত হয় এবং পেটের মধ্যে আকৃতি ও অবস্থানের পরিবর্তন হয়। জরায়ুর ক্রমবর্ধমান ওজন আপনার মাধ্যাকর্ষণ কেন্দ্রকে সামনের দিকে সরিয়ে দেয়, যা ভঙ্গিতে পরিবর্তন আনতে পারে। এই কারণেই কিছু মহিলা লক্ষ্য করেন যে তারা গর্ভাবস্থায় আগের তুলনায় ভিন্নভাবে হাঁটছেন।","গর্ভাবস্থা, জরায়ু, অঙ্গবিন্যাস পরিবর্তন, শরীরের সমন্বয়",গর্ভাবস্থায় জরায়ুতে পরিবর্তন এবং ভঙ্গিতে তাদের প্রভাব।
গর্ভাবস্থায় যোনি স্রাবের কী পরিবর্তন ঘটে?,"গর্ভাবস্থায়, মহিলারা প্রায়শই হরমোনের পরিবর্তনের কারণে যোনি থেকে স্রাব বৃদ্ধি পায়। স্রাব সাধারণত সাদা, চকচকে এবং গন্ধহীন হয়। এটি একটি স্বাভাবিক ঘটনা এবং সাধারণত উদ্বেগের কারণ নয় যদি না এটি রঙ, গন্ধ বা সামঞ্জস্যের পরিবর্তন করে।","গর্ভাবস্থা, যোনি স্রাব, হরমোনের পরিবর্তন",গর্ভাবস্থায় যোনি স্রাব বৃদ্ধি
কেন গর্ভাবস্থায় মহিলাদের ওজন বৃদ্ধি পায়?,"গর্ভাবস্থায় ওজন বৃদ্ধি একটি স্বাভাবিক প্রক্রিয়া কারণ ক্রমবর্ধমান শিশুকে সমর্থন করার জন্য শরীরের পরিবর্তন হয়। ওজন বৃদ্ধির মধ্যে রয়েছে শিশুর ওজন, জরায়ু, প্লাসেন্টা এবং অ্যামনিওটিক তরল। উপরন্তু, শরীর শক্তির জন্য চর্বি সঞ্চয় করে এবং রক্তের পরিমাণ এবং এক্সট্রাভাসকুলার তরল বৃদ্ধি পায়। এই সমস্ত কারণগুলি গর্ভাবস্থায় মা এবং শিশু উভয়ের স্বাস্থ্যের জন্য প্রয়োজনীয় সামগ্রিক ওজন বৃদ্ধিতে অবদান রাখে।","গর্ভাবস্থা, ওজন বৃদ্ধি, শিশুর বৃদ্ধি, মাতৃ পরিবর্তন",গর্ভাবস্থায় ওজন বৃদ্ধির কারণ
কিভাবে গর্ভাবস্থার দৈর্ঘ্য নির্ধারণ করা হয়?,একজন মহিলার শেষ মাসিকের প্রথম দিন থেকে গর্ভাবস্থার দৈর্ঘ্য গণনা করা হয় কারণ নিষেকের সঠিক মুহূর্তটি জানা কার্যত অসম্ভব।,গর্ভাবস্থা_দৈর্ঘ্য_গণনা,কিভাবে গর্ভাবস্থার দৈর্ঘ্য গণনা করা হয়।
কখন একজন মহিলার গর্ভাবস্থা পরীক্ষা করা উচিত?,বেশিরভাগ মহিলারা গর্ভাবস্থা পরীক্ষা করেন যখন তারা বুঝতে পারেন যে তাদের মাসিক দেরিতে হয়েছে। যদি পরীক্ষাটি ইতিবাচক হয় তবে এর মানে হল যে নিষিক্ত হয়েছে।,গর্ভাবস্থা_পরীক্ষা,নিষিক্তকরণ নিশ্চিতকরণে গর্ভাবস্থা পরীক্ষার ভূমিকা।
গর্ভাবস্থা কিভাবে বিভক্ত?,"গর্ভাবস্থা সর্বাধিক 42 সপ্তাহ স্থায়ী হয় এবং তিনটি ত্রৈমাসিকে বিভক্ত, প্রতিটি 14 সপ্তাহ স্থায়ী হয়। প্রতিটি ত্রৈমাসিক ভ্রূণের বিকাশের নির্দিষ্ট পর্যায়ের সাথে মিলে যায়।",গর্ভাবস্থা_ত্রৈমাসিক,গর্ভাবস্থার বিভাজন ত্রৈমাসিকে।
স্বাস্থ্য পেশাদাররা কেন সপ্তাহে গর্ভাবস্থার কথা উল্লেখ করেন?,"স্বাস্থ্য পেশাদাররা সপ্তাহের পরিপ্রেক্ষিতে গর্ভাবস্থার কথা উল্লেখ করেন কারণ এটি ক্যালেন্ডার মাসের তুলনায় আরো সঠিক। উদাহরণস্বরূপ, যখন তারা বলে যে আপনি ""20 সপ্তাহের গর্ভবতী"" এর মানে হল আপনার শেষ মাসিকের প্রথম দিন থেকে 20টি পূর্ণ সপ্তাহ অতিক্রান্ত হয়েছে।",গর্ভাবস্থা_সপ্তাহ,কিভাবে গর্ভাবস্থার সময়কাল সপ্তাহে পরিমাপ করা হয়।
গর্ভাবস্থার 15 থেকে 28 সপ্তাহের মধ্যে কী ঘটে?,"দ্বিতীয় ত্রৈমাসিকের সময় (15-28 সপ্তাহ), আপনার শিশুর উল্লেখযোগ্য বৃদ্ধি এবং বিকাশ হয়। 16 সপ্তাহে, মাথা এখনও বড়, কিন্তু ট্রাঙ্ক, বাহু এবং পা লম্বা হতে শুরু করে। 20 সপ্তাহের মধ্যে, আপনি শিশুর নড়াচড়া অনুভব করতে পারেন। বাচ্চাটিকে ভার্নিক্স কেসোসা, একটি প্রতিরক্ষামূলক ক্রিম দিয়ে প্রলেপ দেওয়া হয়। 22 সপ্তাহে, শিশুর পরিমাপ প্রায় 19 সেমি, এবং চুলের বৃদ্ধি শুরু হয় ল্যানুগোর সাথে, একটি সূক্ষ্ম ফাজ। 23-27 সপ্তাহের মধ্যে, শিশুর ওজন বৃদ্ধি পায় এবং 24 সপ্তাহে, তারা কম-ফ্রিকোয়েন্সি শব্দ শুনতে পায়। প্রায় 26 সপ্তাহের মধ্যে, ভ্রু এবং চোখের দোররা দৃশ্যমান হয় এবং 28 সপ্তাহের মধ্যে, শিশুর চোখ খুলতে শুরু করে এবং 32 সপ্তাহের মধ্যে আলোর প্রতি সংবেদনশীল হয়ে ওঠে।",দ্বিতীয়_ত্রৈমাসিক,15 থেকে 28 সপ্তাহের মধ্যে ভ্রূণের বিকাশ।
একজন পুরুষের বীর্যপাত হলে কি হয়?,"বীর্যপাতের সময়, সেমিনাল ভেসিকলের শুক্রাণু প্রোস্টেট এবং পুরুষ প্রজনন অঙ্গের অন্যান্য গ্রন্থি থেকে তরল পদার্থের সাথে মিশে বীর্য তৈরি করে।",বীর্য_রচন,বীর্যপাতের সময় শুক্রাণু ও তরল পদার্থের মিশ্রণ।
কিভাবে গর্ভাবস্থা ত্বক প্রভাবিত করে?,"হরমোনের অস্থিরতার কারণে গর্ভাবস্থায় ত্বকের বিভিন্ন পরিবর্তন হতে পারে। এর মধ্যে ত্বকের স্বরে পরিবর্তন, প্রসারিত চিহ্নের উপস্থিতি বা ত্বক এবং মাথার ত্বকের তৈলাক্ততা বা শুষ্কতা অন্তর্ভুক্ত থাকতে পারে। যদিও এই পরিবর্তনগুলি লক্ষণীয় হতে পারে, এগুলি সাধারণত অস্থায়ী হয় এবং শিশুর জন্মের পরে হ্রাস বা অদৃশ্য হওয়া উচিত।","ত্বক, গর্ভাবস্থা",গর্ভাবস্থায় ত্বকের পরিবর্তন।
"কোথায় শুক্রাণু উত্পাদিত হয়, এবং তাদের নিষিক্তকরণের জন্য প্রস্তুত হতে কতক্ষণ সময় লাগে?","শুক্রাণু অণ্ডকোষে উত্পাদিত হয়, যেখানে তারা বেশ কয়েকটি ধাপ অতিক্রম করে। শুক্রাণু পরিপক্ক হতে প্রায় আড়াই মাস সময় লাগে সেমিনাল ভেসিকেলে জমা হওয়ার আগে, নিষিক্ত হওয়ার জন্য প্রস্তুত।",শুক্রাণু_উন্নয়ন,শুক্রাণু উৎপাদন এবং পরিপক্কতার প্রক্রিয়া।
বীর্যে কয়টি শুক্রাণু থাকে এবং তারা কতদিন বাঁচতে পারে?,একটি একক বীর্যপাতের মধ্যে 20 মিলিয়ন থেকে 200 মিলিয়ন শুক্রাণু কোষ থাকে। একজন মহিলার যৌনাঙ্গে শুক্রাণু 72 থেকে 120 ঘন্টা বেঁচে থাকতে পারে কিন্তু এর বাইরে মাত্র কয়েক সেকেন্ড।,শুক্রাণু_জীবনকাল,বীর্যে শুক্রাণুর পরিমাণ এবং তাদের জীবনকাল।
পুরুষরা কখন শুক্রাণু তৈরি করে এবং এটি কতক্ষণ স্থায়ী হয়?,পুরুষরা বয়ঃসন্ধিকাল থেকে শুরু করে শুক্রাণু তৈরি করে এবং মৃত্যুর আগ পর্যন্ত শুক্রাণু উৎপাদন তাদের সারা জীবন চলতে থাকে।,শুক্রাণু_উৎপাদন,পুরুষদের মধ্যে শুক্রাণু উত্পাদন ক্রমাগত প্রক্রিয়া.
গর্ভাবস্থায় প্রসারিত চিহ্নগুলি কোথায় প্রদর্শিত হয় এবং কীভাবে সেগুলি পরিচালনা করা যায়?,"স্ট্রেচ মার্কগুলি প্রায়ই গর্ভাবস্থার দ্বিতীয়ার্ধে বিকাশ লাভ করে, প্রাথমিকভাবে পেট, স্তন, উরু, বগল, পিঠের নীচে, নিতম্ব এবং বাহুতে। শরীরের পরিবর্তনের সাথে সাথে ত্বকের গভীর স্তর প্রসারিত হলে এগুলি ঘটে। প্রাথমিকভাবে, প্রসারিত চিহ্নগুলি গোলাপী বা বেগুনি দেখাতে পারে, তবে সময়ের সাথে সাথে ধীরে ধীরে বিবর্ণ হয়ে যায়। যদিও কার্যকরভাবে প্রসারিত চিহ্নগুলি প্রতিরোধ বা চিকিত্সা করার কোনও প্রমাণিত পদ্ধতি নেই, ত্বকে ময়শ্চারাইজিং ক্রিম ম্যাসেজ করা তাদের চেহারা কমাতে সাহায্য করতে পারে। যাইহোক, ক্রিমের উপাদানগুলি চিহ্নগুলির উপর ন্যূনতম প্রভাব ফেলে বলে মনে হচ্ছে।","প্রসারিত চিহ্ন, গর্ভাবস্থা",গর্ভাবস্থায় প্রসারিত চিহ্ন এবং তাদের চিকিত্সা।
কখন একটি শিশুকে পূর্ণ-মেয়াদী হিসাবে বিবেচনা করা হয়?,আপনার শিশুর মেয়াদকাল 37 সপ্তাহ হিসাবে বিবেচনা করা হয় এবং আপনার শেষ মাসিকের পরে 37 থেকে 42 সপ্তাহের মধ্যে যে কোনো সময় জন্ম হতে পারে। বেশিরভাগ শিশুর জন্ম 39 থেকে 41 সপ্তাহের মধ্যে হয়।,মেয়াদ_গর্ভাবস্থা,যখন একটি গর্ভাবস্থা পূর্ণ-মেয়াদী হিসাবে বিবেচিত হয়।
গর্ভাবস্থার তৃতীয় ত্রৈমাসিকের সময় কী ঘটে?,"তৃতীয় ত্রৈমাসিকে (জন্ম থেকে 29 সপ্তাহ), আপনার শিশুর বৃদ্ধি অব্যাহত থাকে এবং জন্মের জন্য প্রস্তুত হয়। 30 সপ্তাহে, শিশুর পরিমাপ প্রায় 28 সেন্টিমিটার হয়। 36 সপ্তাহের মধ্যে, শিশুর ত্বক গোলাপী হয়ে যায়, এবং সূক্ষ্ম নীচু চুল (ল্যানুগো) অদৃশ্য হয়ে যায়, যদিও এটি জন্মের পরেও থাকতে পারে। চর্বি মজুদের কারণে শিশুর আকারও বৃদ্ধি পায়। 37 থেকে 41 সপ্তাহের মধ্যে, শিশুটি সম্পূর্ণরূপে বিকশিত এবং প্রসবের জন্য প্রস্তুত।",তৃতীয়_ত্রৈমাসিক,29 সপ্তাহ থেকে জন্ম পর্যন্ত ভ্রূণের বিকাশ।
নির্ধারিত তারিখ নির্ধারণে একটি আল্ট্রাসাউন্ড কতটা সঠিক?,গর্ভাবস্থার 20 সপ্তাহের আগে করা একটি আল্ট্রাসাউন্ড আপনাকে 7 থেকে 10 দিনের মধ্যে সঠিক তারিখের সঠিক ধারণা দেবে।,আল্ট্রাসাউন্ডের_নির্ধারিত_তারিখ,নির্ধারিত তারিখ নির্ধারণে আল্ট্রাসাউন্ডের ভূমিকা।
গর্ভাবস্থায় জরায়ুর কাজ কী?,"জরায়ু একটি পেশীবহুল অঙ্গ যা গর্ভাবস্থার অগ্রগতির সাথে সাথে বৃদ্ধি পায়, যা ভ্রূণের বিকাশের জন্য একটি জায়গা প্রদান করে।",জরায়ু_ফাংশন,গর্ভাবস্থা এবং ভ্রূণের বিকাশে জরায়ুর ভূমিকা।
যোনির কাজ কি?,"যোনি হল জরায়ু এবং ভালভার মধ্যে একটি 8 সেমি দীর্ঘ পথ, এবং এটি নমনীয় এবং স্থিতিস্থাপক, এটি সহবাস এবং প্রসবের সময় প্রসারিত হতে দেয়।",যোনি_ফাংশন,যোনির গঠন এবং নমনীয়তা।
