question,answer,tag,context
"How does breastfeeding develop as a skill, and what should a new mother expect during the early stages? What support is recommended during this learning period?","Breastfeeding is a skill that requires practice, and it takes time for both the mother and the baby to get comfortable. Initially, youll learn the theory, but putting it into practice may bring unexpected challenges. It can take four to six weeks for some women to feel fully comfortable with breastfeeding, while others may adjust more quickly. During this learning phase, you and your partner will work together as a team to figure out what works best for you both. Its normal to face moments of difficulty, and seeking support from family, friends, or breastfeeding resources is encouraged. With practice, breastfeeding will eventually become more natural and enjoyable.",A learned skill in breastfeeding,"Breastfeeding as a learning process, challenges, and support during the early stages."
How can you tell the difference between heartburn and other abdominal pains? What are the symptoms of heartburn?,"Heartburn is characterized by pain in the upper abdomen and a burning sensation caused by excess stomach acid. Unlike other types of abdominal pain, heartburn specifically occurs due to acid reflux, where stomach acid irritates the esophagus. Other abdominal pains may not involve a burning sensation and could be caused by different conditions.",Abdominal pain and heartburn,Symptoms of heartburn and its causes
"What happens during active labor? How do contractions change during this phase? What is the second stage of labor like emotionally, and how can you cope with it?","During active labor, contractions become more painful, closer together, and longer, signaling that the cervix has thinned and dilated to about 3 to 5 centimeters. The contractions gradually increase in intensity as the cervix opens to 10 cm. The most painful contractions occur just before complete dilation. The second stage, known as descent, can feel intense and emotional, often compared to a storm. You may experience strong emotions, feel the urge to make noise, or lose control, which is normal. To cope, focus on breathing, visualize your baby moving down, and stay connected to the process.",Active Labor and Descent,"Active labor, contraction intensity, cervix dilation, second stage, emotional experience"
"What other techniques are available for managing childbirth pain, and what should you do if non-drug methods no longer work?","Additional techniques for managing childbirth pain include sterile water injections under the skin and TENS machines for electrical stimulation of painful areas; you can inquire about these options from your healthcare provider. If non-drug methods are no longer effective, pain relief through medication is a viable alternative to consider.",Additional Pain Relief Techniques,"Sterile water injections, TENS machines, and pain medication as options"
"Questions like ""Can pregnant women travel by air?"" or ""Are there any restrictions for flying while pregnant?"" often arise for expectant mothers planning trips.","Pregnant women can generally travel by air without issue, as there are no universal regulations prohibiting them from flying. However, airlines may have their own specific rules, particularly for women in the later stages of pregnancy. Its advisable to confirm the airline's policies before booking your ticket. Carry a signed note from your health professional indicating your due date and a summary of your health status, as this may be required at the airport.",Air Travel During Pregnancy,"Guidelines for pregnant women considering air travel, including airline-specific rules and health precautions."
Can I drink alcohol during pregnancy?,"It is not recommended to drink alcohol at all during pregnancy, including strong spirits like whiskey, and avoiding activities such as binge-drinking. Even beer should be avoided due to potential risks.",Alcohol Consumption During Pregnancy,Advice on consuming alcohol during pregnancy
Is it safe to consume alcohol while pregnant?,"It is not recommended to drink alcohol at all during pregnancy, including strong spirits like whiskey, and avoiding activities such as binge-drinking. Even beer should be avoided due to potential risks.",Alcohol Consumption During Pregnancy,Advice on consuming alcohol during pregnancy
Should I avoid alcohol during pregnancy?,"It is not recommended to drink alcohol at all during pregnancy, including strong spirits like whiskey, and avoiding activities such as binge-drinking. Even beer should be avoided due to potential risks.",Alcohol Consumption During Pregnancy,Advice on consuming alcohol during pregnancy
What are the risks of drinking alcohol during pregnancy?,"It is not recommended to drink alcohol at all during pregnancy, including strong spirits like whiskey, and avoiding activities such as binge-drinking. Even beer should be avoided due to potential risks.",Alcohol Consumption During Pregnancy,Advice on consuming alcohol during pregnancy
"Pregnant women are advised against drinking alcohol, as even small amounts can harm the baby.","Pregnant women are advised not to consume alcohol at any point during pregnancy. Even small amounts of alcohol can have harmful effects, and the more alcohol consumed, the greater the potential harm to the developing baby. This includes all types of alcohol, such as beer, wine, and spirits. Binge drinking and regular consumption are particularly harmful.",Alcohol During Pregnancy,Risks of alcohol consumption during pregnancy.
What animal-based foods are good sources of iron? What are the precautions regarding liver consumption during pregnancy?,"Animal-based foods such as meat (beef, lamb, pork, veal, game), poultry (chicken, turkey), fish (sardines, salmon, trout, halibut, haddock), seafood (shrimp, oysters, mussels, clams), and other animals like seal, wild duck, moose, and caribou are rich in iron. Blood sausage is also a good source of iron. However, liver, despite being high in iron, is not recommended for pregnant women due to its excessive vitamin A content, which could pose risks to the baby.",Animal-based foods,Sources of iron from animal-based foods.
Can you explain antenatal care?,"Antenatal care, also known as prenatal care, is the healthcare provided to pregnant women during their pregnancy.",Antenatal Care Definition,Definition and explanation of antenatal care
Define antenatal care.,"Antenatal care, also known as prenatal care, is the healthcare provided to pregnant women during their pregnancy.",Antenatal Care Definition,Definition and explanation of antenatal care
What does antenatal care involve?,"Antenatal care, also known as prenatal care, is the healthcare provided to pregnant women during their pregnancy.",Antenatal Care Definition,Definition and explanation of antenatal care
What is antenatal care?,"Antenatal care, also known as prenatal care, is the healthcare provided to pregnant women during their pregnancy.",Antenatal Care Definition,Definition and explanation of antenatal care
How many antenatal appointments should I aim for during pregnancy?,"It's advisable to attend antenatal visits monthly, totaling around 8 visits during your pregnancy.",Antenatal Visits Frequency,Clarifying the recommended number of antenatal visits during pregnancy.
How often should I attend antenatal visits during pregnancy?,"It's advisable to attend antenatal visits monthly, totaling around 8 visits during your pregnancy.",Antenatal Visits Frequency,Clarifying the recommended number of antenatal visits during pregnancy.
What is the recommended frequency of antenatal visits?,"It's advisable to attend antenatal visits monthly, totaling around 8 visits during your pregnancy.",Antenatal Visits Frequency,Clarifying the recommended number of antenatal visits during pregnancy.
Why are monthly antenatal visits important?,"It's advisable to attend antenatal visits monthly, totaling around 8 visits during your pregnancy.",Antenatal Visits Frequency,Clarifying the recommended number of antenatal visits during pregnancy.
"Pregnant women often ask, ""Why is my appetite changing so much during pregnancy?"" or ""Is it normal to feel hungry one day and not the next?""","Its completely normal for your appetite to fluctuate during pregnancy, as each pregnancy is unique. Hormonal changes in the early stages may increase your appetite, even though your nutritional needs remain the same. As your pregnancy progresses, physical changes like the growing uterus may press on your stomach, which can slow digestion and reduce appetite. Additionally, common pregnancy discomforts, such as nausea or heartburn, can also affect how much or how little you feel like eating. Its important to listen to your body and adjust your eating habits as needed.",Appetite During Pregnancy,Changes in appetite due to physical and hormonal shifts during pregnancy.
what is an areola,Darker area of the breast around the nipple.,Areola,Areola  definition
Are artificial sweeteners safe to consume during pregnancy?,"Health Canada considers artificial sweeteners, such as aspartame, sucralose, and sorbitol, safe for consumption during pregnancy, including in processed foods or when used for cooking. Many ""diet"" foods and drinks contain these sweeteners, such as certain yogurts, beverages, jams, and chewing gum. However, cyclamate, found in products like Sugar Twin, should not be used unless recommended by a doctor. If you prefer to reduce sugar intake, these sweeteners are generally considered a safe option during pregnancy.",Artificial Sweeteners,Safety of artificial sweeteners during pregnancy.
Is there anything I shouldn't use during pregnancy?,"During pregnancy, it's crucial to avoid substances like alcohol, drugs, and cigarettes to protect the health of your baby.",Avoidances During Pregnancy,Importance of avoiding certain substances during pregnancy
"Should I avoid alcohol, drugs, and cigarettes during pregnancy?","During pregnancy, it's crucial to avoid substances like alcohol, drugs, and cigarettes to protect the health of your baby.",Avoidances During Pregnancy,Importance of avoiding certain substances during pregnancy
What should I avoid during pregnancy?,"During pregnancy, it's crucial to avoid substances like alcohol, drugs, and cigarettes to protect the health of your baby.",Avoidances During Pregnancy,Importance of avoiding certain substances during pregnancy
What substances are harmful during pregnancy?,"During pregnancy, it's crucial to avoid substances like alcohol, drugs, and cigarettes to protect the health of your baby.",Avoidances During Pregnancy,Importance of avoiding certain substances during pregnancy
How much sleep does a baby need at 4 months? Will your baby need to feed at night at this age?,"At 4 months, babies typically sleep 14 to 15 hours per day and start sleeping longer through the night. Around this time, they begin to develop a more predictable routine and learn to comfort themselves by sucking their hand. Some babies may stop needing nighttime feedings between 4 and 6 months, while others may still need to feed during the night.","Baby Sleep, 4-Month Sleep Patterns, Self-Soothing","Sleep duration, self-soothing, feeding habits"
What are the sleep patterns of a newborn in the first weeks? Should you wake your baby during agitated sleep?,"In the first weeks, a newborns sleep pattern includes drowsiness, calm sleep, and agitated sleep. During agitated sleep, babies may exhibit movements like sucking, frowning, or even crying. This is normal, and theres no need to wake them unless they need encouragement to feed. As the weeks pass, babies will stay awake for longer periods.","Baby Sleep, Sleep Cycles, Newborn Sleep Patterns","Sleep cycles, agitated sleep, feeding encouragement"
What should you do if your baby wakes up in the middle of the night and needs help going back to sleep? How can you help your baby learn to go to sleep on her own? What should you do if your baby cries a lot at night?,"If your baby wakes up in the middle of the night and needs help going back to sleep, she will likely need the same comfort she requires to fall asleep initially, such as breastfeeding, bottle-feeding, or being rocked. To help her learn to go to sleep on her own, you should teach her to fall asleep independently at bedtime by gradually decreasing the amount of time you stay with her each night. If your baby cries frequently at night, check for health issues like fever, and if it's a recurring concern, consult your doctor. If there are no health problems, consider adjusting her bedtime routine to encourage better sleep.","Baby Sleep, Sleep Training, Night Waking, Bedtime Routine","Going back to sleep, sleep training methods, health check, improving bedtime routine"
"What does your baby's crying mean, and how should you respond?","Crying is a normal part of a baby's development and is their way of expressing needs. Babies may cry for reasons such as hunger, tiredness, needing a burp, wanting affection, or having a dirty diaper. Crying tends to increase from the second week of life, peaks around the sixth week, and usually decreases by the third or fourth month. While it can be difficult to understand why your baby is crying, you'll gradually learn to recognize the different meanings behind the cries. Sometimes, despite your best efforts, you may not know the cause. In those moments, staying calm and comforting your baby teaches them to trust you. It's important to respond quickly, as babies don't have a sense of time in the first few months. Comforting your baby will not spoil them; it shows them that their needs are being met and helps them feel loved. If you need a break, it's okay to place your baby in a safe space while you take some time for yourself.",Baby crying,Understanding and soothing your baby's crying
"How should you care for your newborns head, and what changes occur in the skull and fontanels after birth?","A newborn's neck is delicate but should allow easy movement; if stiffness occurs, seek advice. Pressure during delivery may temporarily deform the baby's head, but it will return to a rounded shape in a few weeks. The skull bones are not fully connected and are separated by fontanelssoft spots on the head. The anterior fontanel, located on the top of the head, is supple and may visibly beat with the heartbeat. Another smaller triangular fontanel is at the back. These fontanels are fragile but safe to touch and wash. The skull will knit together between 9 and 18 months, and the fontanels will disappear.",Baby head development,"Neck, skull, fontanels, and head shape"
"How should you care for your newborn’s head, and what changes occur in the skull and fontanels after birth?","A newborn's neck is delicate but should allow easy movement; if stiffness occurs, seek advice. Pressure during delivery may temporarily deform the baby's head, but it will return to a rounded shape in a few weeks. The skull bones are not fully connected and are separated by fontanels—soft spots on the head. The anterior fontanel, located on the top of the head, is supple and may visibly beat with the heartbeat. Another smaller triangular fontanel is at the back. These fontanels are fragile but safe to touch and wash. The skull will knit together between 9 and 18 months, and the fontanels will disappear.",Baby head development,"Neck, skull, fontanels, and head shape"
"Why do babies get hiccups, and is it a cause for concern?","It's common for babies to get hiccups, especially after feeding. This is not a serious issue and wont hurt your baby. The hiccups usually stop on their own within a few minutes. If they persist, putting your baby back on the breast may help stop them.",Baby hiccups,"Hiccups after feeding, harmless"
"What are the steps for giving a baby massage, and what should you keep in mind to ensure its comfortable for your baby? How can you prepare for a baby massage and make the experience enjoyable for both you and your baby?","To give your baby a soothing massage, first choose a time when she is awake and receptive, but not too close to feeding. Ensure the room is warm and comfortable, and sit on the floor for ease of access. Use a firm yet gentle touch with your whole hand to avoid tickling, and apply a small amount of warmed vegetable oil, such as sunflower oil, after testing it on a small part of her skin to check for any allergic reactions. Stay relaxed and attentive, observing your babys responses to find what she enjoys most. This approach will help create a calming and bonding experience.","Baby massage, technique, soothing","Steps for baby massage, comfort, safety precautions"
"What are the steps for giving a baby massage, and what should you keep in mind to ensure it’s comfortable for your baby? How can you prepare for a baby massage and make the experience enjoyable for both you and your baby?","To give your baby a soothing massage, first choose a time when she is awake and receptive, but not too close to feeding. Ensure the room is warm and comfortable, and sit on the floor for ease of access. Use a firm yet gentle touch with your whole hand to avoid tickling, and apply a small amount of warmed vegetable oil, such as sunflower oil, after testing it on a small part of her skin to check for any allergic reactions. Stay relaxed and attentive, observing your baby’s responses to find what she enjoys most. This approach will help create a calming and bonding experience.","Baby massage, technique, soothing","Steps for baby massage, comfort, safety precautions"
What should you do if you notice a decrease or lack of baby movement after 26 weeks? How should you monitor the movements?,"After 26 weeks, if you notice fewer or no movements from your baby, try resting and see if the movements return. If you count fewer than six distinct movements over two hours, contact your birthing facility or health professional immediately or go to the hospital. Keep in mind that your baby may be more active at different times, and you might not always feel every movement. If you're uncertain, don't hesitate to reach out to your hospital's obstetrics department or birthing center for advice.",Baby movement during pregnancy,Reduced or lack of baby movement after 26 weeks
"What is the average size and weight of a full-term baby, and why does a baby lose weight after birth?","A full-term baby, born between 37 and 42 weeks, typically measures 45 to 55 cm (18 to 21 inches) and weighs between 2,500 to 4,300 grams (5.5 to 9.5 lbs.). It is normal for a baby to lose up to 10% of their birth weight in the first few days due to the elimination of meconium, loss of water from being in the womb, and consuming only small amounts of milk. By 10 to 14 days after birth, a healthy full-term baby usually regains their birth weight.",Baby size and weight,"Full-term baby weight, weight loss after birth"
"What is the safest sleeping position for a newborn, and what conditions should the sleep environment meet? How can you ensure your baby is properly covered during sleep?","Newborns should always sleep on their back. Once they can turn over on their own, they can sleep in their preferred position without risk. The sleeping environment should include a firm mattress in a crib, cradle, or bassinet that meets Canadian safety standards. Avoid placing any objects such as pillows, comforters, or bumper pads in the crib. If your baby needs covering, use a light blanket or a sleep sack designed for safe sleep.","Baby sleep safety, sleeping position, safe sleep environment","Proper sleeping position, safe sleep practices, crib safety"
"Why do newborns sneeze, and should parents be concerned?","It's normal for newborns to sneeze frequently, often up to 12 times a day. This is because the hair inside their nose hasn't fully developed, and sneezing helps them clear secretions that may interfere with their breathing. Sneezing is not a sign that your baby has a cold.",Baby sneezing,"Normal sneezing, nasal development, and breathing"
"What should you expect from your baby's stools, and when should you be concerned?","In the first 2 to 3 days, your baby will pass meconium, which is dark and sticky. After that, stools will become yellowish, greenish, or brownish, and should be soft or liquid if your baby is drinking enough milk. During the first 4 to 6 weeks, your baby may have 3 to 10 bowel movements per day. If there is less than one bowel movement per day, it could mean your baby is not getting enough milk. After 4 to 6 weeks, babies fed with breast milk may have fewer bowel movements (e.g., one every 3 to 7 days), and this is normal as long as the stools remain soft. The color, frequency, and consistency of stools can change based on your baby's diet. If your baby's stools become more liquid than usual, it might indicate a temporary issue, but if your baby is healthy, continue feeding normally. If you're concerned, contact a health professional.",Baby stools,"Stool frequency, color, and consistency"
How can you understand your babys temperament? What are the different types of babies based on temperament? How should you handle a sensitive baby or one who is more cautious? What should you do to help a baby focus and learn?,"Understanding your babys temperament involves observing their unique character and behaviors, such as their energy levels, reactions to new experiences, and sensitivity to light, noise, and texture. Babies can be categorized as ""easy,"" ""sensitive,"" or ""cautious."" ""Easy"" babies follow a regular routine and adapt well to changes. ""Sensitive"" babies may cry a lot and need more care and patience, as they dont easily adapt to new things. ""Cautious"" babies are calm, take time to adjust, and seem more independent. Regardless of their temperament, its essential to provide consistent care and engage with your child at their pace, whether that means helping them focus with quiet activities or encouraging their exploration through physical play.",Baby temperament and individual differences,"Baby character, reactions, mood, energy, adaptability, sensitivity"
How can you understand your baby’s temperament? What are the different types of babies based on temperament? How should you handle a sensitive baby or one who is more cautious? What should you do to help a baby focus and learn?,"Understanding your baby’s temperament involves observing their unique character and behaviors, such as their energy levels, reactions to new experiences, and sensitivity to light, noise, and texture. Babies can be categorized as ""easy,"" ""sensitive,"" or ""cautious."" ""Easy"" babies follow a regular routine and adapt well to changes. ""Sensitive"" babies may cry a lot and need more care and patience, as they don’t easily adapt to new things. ""Cautious"" babies are calm, take time to adjust, and seem more independent. Regardless of their temperament, it’s essential to provide consistent care and engage with your child at their pace, whether that means helping them focus with quiet activities or encouraging their exploration through physical play.",Baby temperament and individual differences,"Baby character, reactions, mood, energy, adaptability, sensitivity"
"How does touch benefit your baby, and what are some ways to use it effectively? What are the benefits of massaging your baby, and how can you incorporate it into your routine?","Touch is a vital form of communication for newborns, providing comfort and reassurance, and helping them feel loved. Holding your baby close, rocking, and caressing her can calm her and foster a sense of security. Massaging your baby is a great way to bond and promote her physical and emotional well-being. Start by massaging her temples or soles of the feet, using gentle motions that she enjoys. Incorporating a massage during bath time with cream or lotion can enhance the experience and encourage relaxation. Baby massage also supports healthy growth and development.","Baby touch, communication, massage","Importance of touch, baby massage, soothing techniques"
"How can you tell if your baby is drinking enough milk, and what should you do if you notice orange spots or changes in urine?","A baby who is drinking enough milk will urinate regularly, with pale yellow urine and no detectable smell. By day 5, they should wet at least 6 diapers a day. Orange spots (urate crystals) in the diaper during the first few days are normal, but if they persist beyond two days, it may indicate your baby is not drinking enough. If this continues after a week, consult a doctor. If your baby urinates less often, or if the urine appears darker and smells distinct, it could be a sign of dehydration, possibly due to overheating or being overdressed.",Baby urine,"Urine color, frequency, hydration"
"How can you ensure your newborn is warm without overheating, and what is the ideal room temperature?","Newborns need warmth, but it's important not to overdo it. They should not perspire, and if the room temperature is comfortable for you, it will likely be comfortable for your baby too. The ideal temperature is between 20°C (68°F) and 22°C (72°F). Use light blankets and adjust them based on the room temperature, ensuring your baby is not wrapped up too much.",Baby warmth,"Room temperature, comfort, and blankets"
"At what age does a baby start to distinguish light and colors, and when does her field of vision expand to an adult level? How does sight contribute to a baby's communication, and what are some things she can see from birth?","At 1 month, a baby can see and respond to light that isn't too bright. By 2 months, she can distinguish colors and follow slow-moving objects or people with her eyes. Around 1 year, her field of vision expands to match that of an adult. From birth, a baby can see faces, shapes, and colors, with a preference for faces and geometric shapes, making sight a crucial way for her to communicate.","Baby's eyesight, visual development, communication through sight","Baby's ability to see, visual preferences, development milestones"
"How does a baby hear at birth, and how does she react to familiar voices or loud noises? What should parents do if they suspect a hearing problem in their baby, and when is it necessary to seek professional help?","Newborns can hear from birth and are especially sensitive to their mother and father's voices, as they are familiar with these sounds from the womb. Familiar voices often calm the baby, while loud or sudden noises can startle and upset her. Most babies in Québec have normal hearing, but around six in 1,000 may experience hearing issues. Parents can observe if their baby responds to sounds, like a dog barking or a doorbell ringing, typically by 6 to 9 months. If there's no reaction, it's advisable to consult a doctor for further evaluation. Newborns may also have ears that stick out, but this usually resolves over time.","Baby's hearing, sound sensitivity, hearing test","Newborn's ability to hear, sensitivity to familiar sounds, evaluating hearing"
"How do newborns experience taste and smell, and how do these senses contribute to their bonding with parents? How does a baby recognize their mother or father through scent, and how does it impact their well-being?","Newborns have a developed sense of taste and smell from an early age. They can recognize their mother by her scent, which helps them find the nipple for feeding, providing comfort and satisfaction. The taste of breast milk can change based on the mother's diet. Additionally, when the father holds the baby for the first time, the baby will also recognize the father's scent, promoting early bonding. Skin-to-skin contact between father and child in the first hours after birth enhances this connection.","Baby's senses, taste, smell, bonding","Sense of smell and taste in newborns, bonding through scent"
How does pregnancy contribute to back pain?,"It is very common to experience backache or back pain during pregnancy, especially in the early stages. This is due to the natural softening and stretching of ligaments in your body as it prepares for labor, which can strain the joints of your lower body.",Back Pain During Pregnancy,Causes and remedies for back pain during pregnancy
What are the reasons for experiencing back pain while pregnant?,"It is very common to experience backache or back pain during pregnancy, especially in the early stages. This is due to the natural softening and stretching of ligaments in your body as it prepares for labor, which can strain the joints of your lower body.",Back Pain During Pregnancy,Causes and remedies for back pain during pregnancy
What could be causing my backache during pregnancy?,"It is very common to experience backache or back pain during pregnancy, especially in the early stages. This is due to the natural softening and stretching of ligaments in your body as it prepares for labor, which can strain the joints of your lower body.",Back Pain During Pregnancy,Causes and remedies for back pain during pregnancy
Why do I have back pain?,"It is very common to experience backache or back pain during pregnancy, especially in the early stages. This is due to the natural softening and stretching of ligaments in your body as it prepares for labor, which can strain the joints of your lower body.",Back Pain During Pregnancy,Causes and remedies for back pain during pregnancy
"What causes back pain during pregnancy, and how can it be managed? When should you seek medical help?","Back pain during pregnancy, affecting around 50% of women, is often caused by lordosis (the forward arch of the spine due to abdominal weight) and ligamentous hyperlaxity (loose ligaments). To manage the pain, engage in regular physical activity, such as swimming, aquafitness, or yoga. Additionally, wearing supportive shoes, maintaining good posture, and sleeping on your side with a pillow between your knees can help. If the pain persists, worsens, or radiates to the legs, or if you experience pain that spreads to your abdomen, consult a healthcare professional as it could indicate early contractions.",Back pain,"Causes, relief strategies, when to seek medical advice"
How can you establish a bedtime routine for your baby? Should you help your baby fall asleep or let her learn to fall asleep on her own?,"Establishing a bedtime routine with consistent actions, like a warm bath, a quiet game, a story, and soft music, helps your baby understand when its time for bed. Theres no one right way to do it, but sticking to a routine can make bedtime easier. You can choose to rock your baby to sleep or allow her to fall asleep on her own. The key is to feel comfortable with the routine, and once your baby learns to fall asleep on her own, she will be able to self-soothe if she wakes up during the night.","Bedtime Routine, Baby Sleep, Self-Soothing","Bedtime actions, establishing a routine, self-soothing"
"Small quantities of physical activity, gradual increase, 150 minutes per week, moderate intensity.","Physical activity, even in small quantities, is good for your pregnancy! If youre not used to being active in your everyday life, start slowly and gradually add more. Getting around on foot, going for walks, and playing with your kids are some of the activities you can work into your daily routine. Pregnant women can aim for a total of 150 minutes of moderately intense physical activities per week, spread over several days. Moderate intensity means you can talk while exercising, but you cant sing.",Being Active Day to Day,Incorporating physical activity into daily routine during pregnancy.
"What does the biochemical test involve, and what is its purpose in screening for trisomies? What happens if the test shows a high probability of trisomy 21 or 18?","The biochemical test involves testing your blood during pregnancy to assess the likelihood of your baby having trisomy 21, 18, or 13. The results, along with your age, help determine whether the probability is low or high. If the test indicates a high probability of trisomy 21 or 18, you will be offered a genomic (fetal DNA) test. In some cases, if the results are particularly concerning, a diagnostic test may be offered right away.","Biochemical Test, Trisomy Screening","Blood test, trisomy probability, follow-up tests"
What factors should you consider when choosing a birth control method? Which methods are the most effective? What precautions should you take when switching birth control methods?,"When choosing a birth control method, it's important to consider your personal preferences and situation, which should be assessed with a healthcare professional, either at the end of pregnancy or before leaving the hospital. The most effective birth control methods include contraceptive implants, IUDs, contraceptive injections, the progestin-only pill, and combined hormonal contraceptives. When switching methods, do not stop your current birth control method before starting another, and keep condoms handy to avoid unprotected sex. Methods like the withdrawal method and the calendar method are not effective forms of birth control.",Birth Control Methods,"Contraceptive options, assessment with healthcare professional, effectiveness"
"How should you prepare for the birth, and why is a birth plan helpful? What are some things to consider when making one, and how can you share it with your healthcare providers?","Preparing for the birth includes identifying your wishes and concerns, sharing them with your partner, family, and friends, and informing the healthcare professionals who will assist you. A birth plan is a helpful tool that allows you to communicate your preferences, whether written or verbal, to everyone involved in the birth. It ensures your values and preferences are understood. Be sure to find out about the services available at your birthing facility and consider looking for sample birth plans, which can be found online, at prenatal classes, or through your healthcare provider.",Birth Plan,"Preparing a birth plan, communicating preferences, hospital features"
"What should you think about when preparing your birth plan regarding support, pain management, and the birth environment? How can you plan for specific methods, techniques, and positions?","When preparing your birth plan, consider who you want with you during labour and the birth, and whether you'd like a doula to assist. Its also helpful to know in advance which medical staff will be present. Regarding pain management, think about the methods you'd like to use, the type of environment you'd prefer, and whether you want to use specific techniques or medications for relief. Also, consider the positions you want to try during labour and delivery, as well as the equipment and accessories available at your birthing facility.",Birth Plan Considerations,"Support during birth, coping with pain, environment, techniques, positions"
what is a Birth defect,"Abnormality existing at birth but that developped 
during pregnancy",Birth defect,Birth defect  definition
How can I manage bleeding after getting a contraceptive implant?,You need to go to a health facility and get it handled medically. You do not have to get the implant removed unless advised by the medical personnel.,Bleeding After Implant,Advice on controlling bleeding after having an implant
How to handle excessive bleeding after an implant?,You need to go to a health facility and get it handled medically. You do not have to get the implant removed unless advised by the medical personnel.,Bleeding After Implant,Advice on controlling bleeding after having an implant
"I'm experiencing heavy bleeding after getting an implant, what should I do?",You need to go to a health facility and get it handled medically. You do not have to get the implant removed unless advised by the medical personnel.,Bleeding After Implant,Advice on controlling bleeding after having an implant
What should I do if I have excessive bleeding after getting an implant?,You need to go to a health facility and get it handled medically. You do not have to get the implant removed unless advised by the medical personnel.,Bleeding After Implant,Advice on controlling bleeding after having an implant
Is bleeding in pregnancy normal?,"In early pregnancy, you might experience harmless light bleeding, known as ""spotting."" This occurs when the embryo implants itself in the uterine wall, often around the time your period would have been due.",Bleeding During Pregnancy,Understanding causes and implications of bleeding during pregnancy
Is it common to experience bleeding during pregnancy?,Bleeding during pregnancy is not normal and could indicate a serious issue like a miscarriage. It's crucial to seek immediate medical attention.,Bleeding During Pregnancy,Addressing concerns about bleeding during pregnancy and its implications.
Should I be worried if I'm bleeding during pregnancy?,Bleeding during pregnancy is not normal and could indicate a serious issue like a miscarriage. It's crucial to seek immediate medical attention.,Bleeding During Pregnancy,Addressing concerns about bleeding during pregnancy and its implications.
What are the causes of bleeding in pregnancy?,"In early pregnancy, you might experience harmless light bleeding, known as ""spotting."" This occurs when the embryo implants itself in the uterine wall, often around the time your period would have been due.",Bleeding During Pregnancy,Understanding causes and implications of bleeding during pregnancy
What does bleeding while pregnant mean?,"In early pregnancy, you might experience harmless light bleeding, known as ""spotting."" This occurs when the embryo implants itself in the uterine wall, often around the time your period would have been due.",Bleeding During Pregnancy,Understanding causes and implications of bleeding during pregnancy
What does it mean if I notice bleeding while pregnant?,Bleeding during pregnancy is not normal and could indicate a serious issue like a miscarriage. It's crucial to seek immediate medical attention.,Bleeding During Pregnancy,Addressing concerns about bleeding during pregnancy and its implications.
What should I do if I experience bleeding in pregnancy?,Bleeding during pregnancy is not normal and could indicate a serious issue like a miscarriage. It's crucial to seek immediate medical attention.,Bleeding During Pregnancy,Addressing concerns about bleeding during pregnancy and its implications.
Why am I experiencing bleeding during pregnancy?,"In early pregnancy, you might experience harmless light bleeding, known as ""spotting."" This occurs when the embryo implants itself in the uterine wall, often around the time your period would have been due.",Bleeding During Pregnancy,Understanding causes and implications of bleeding during pregnancy
How serious is bleeding during late pregnancy?,"Bleeding in late pregnancy can indicate various conditions such as placental complications, vaginal or cervical infections, or preterm labor. It's crucial to seek medical attention promptly if you experience bleeding to assess the situation.",Bleeding in Late Pregnancy,Understanding causes and implications of bleeding during late pregnancy
Is bleeding normal in late pregnancy?,"Bleeding in late pregnancy can indicate various conditions such as placental complications, vaginal or cervical infections, or preterm labor. It's crucial to seek medical attention promptly if you experience bleeding to assess the situation.",Bleeding in Late Pregnancy,Understanding causes and implications of bleeding during late pregnancy
What does bleeding in late pregnancy indicate?,"Bleeding in late pregnancy can indicate various conditions such as placental complications, vaginal or cervical infections, or preterm labor. It's crucial to seek medical attention promptly if you experience bleeding to assess the situation.",Bleeding in Late Pregnancy,Understanding causes and implications of bleeding during late pregnancy
Why am I experiencing bleeding in late pregnancy?,"Bleeding in late pregnancy can indicate various conditions such as placental complications, vaginal or cervical infections, or preterm labor. It's crucial to seek medical attention promptly if you experience bleeding to assess the situation.",Bleeding in Late Pregnancy,Understanding causes and implications of bleeding during late pregnancy
What blood tests and urine analyses might be prescribed during pregnancy? What are they used to determine?,"During your prenatal appointments, blood tests and urine analyses may be prescribed to check for anemia, monitor your blood sugar levels, screen for diseases like syphilis, HIV/AIDS, and hepatitis B, and determine your blood type and rhesus (Rh) factor. If you are Rh negative, precautions such as administering anti-Rh immunoglobulin may be taken. Tests will also check for rubella antibodies, bacteria or protein in your urine, and screen for gestational diabetes between 24 and 28 weeks. Additional tests may be suggested depending on your condition.",Blood Tests and Urine Analyses,"Blood glucose, anemia, disease screening, Rh factor, rubella antibodies"
"What does it mean when your waters break, and how does it signal the start of labor? How much fluid is released, and what should you do when it happens?","The breaking of the waters, or rupture of the amniotic membrane, can signal the beginning of labor for some women. The amniotic sac holds fluid around your baby, and when it ruptures, the amniotic fluid leaks out, which may appear clear or slightly tinged with blood. The amount of fluid can vary, ranging from a few drops to enough to wet your clothes or even drip onto the floor. Labor usually starts within hours after the water breaks, but if contractions dont begin or if you are a carrier of group B streptococcus (GBS), labor might need to be induced. Regardless of whether contractions have started, you should go to the hospital or birthing center, where staff will check on both your babys well-being and confirm whether your water has actually broken or if its just vaginal discharge.",Breaking of the Waters,"Rupture of the amniotic membrane, labor onset"
Is it healthy to have fluid leaking from my nipples during pregnancy?,It is normal and expected to have milk-like discharge from your breasts during pregnancy. There is no need to be concerned; it is a natural process.,Breast Discharge during Pregnancy,Explanation regarding milk-like discharge from breasts during pregnancy
Is it normal to have milk-like liquid coming out of my breasts?,It is normal and expected to have milk-like discharge from your breasts during pregnancy. There is no need to be concerned; it is a natural process.,Breast Discharge during Pregnancy,Explanation regarding milk-like discharge from breasts during pregnancy
Should I be concerned about milk-like discharge from my breasts?,It is normal and expected to have milk-like discharge from your breasts during pregnancy. There is no need to be concerned; it is a natural process.,Breast Discharge during Pregnancy,Explanation regarding milk-like discharge from breasts during pregnancy
What does it mean if I have a milk-like substance coming from my breasts?,It is normal and expected to have milk-like discharge from your breasts during pregnancy. There is no need to be concerned; it is a natural process.,Breast Discharge during Pregnancy,Explanation regarding milk-like discharge from breasts during pregnancy
How does frequent breastfeeding or breast stimulation support milk production?,"Stimulating the breasts by nursing at least 8 times every 24 hours is essential for establishing a good milk supply. This frequent nursing helps prevent breast engorgement and supports the initial stages of milk production. If your baby isn't ready to nurse, you can still stimulate milk production by expressing milk manually or using a breast pump. Regular breast stimulation is key to ensuring your milk supply is sufficient and to keeping your breasts comfortable during this early period of breastfeeding.",Breast stimulation,The importance of breast stimulation for milk production and preventing engorgement.
Practical advice for choosing breastfeeding accessories.,"There are many breastfeeding accessories available, such as breast pumps, nursing bras, pillows, and pads, but none are essential for successful breastfeeding. Nursing padseither reusable or disposablecan be helpful if your breasts leak milk. While a nursing bra is not a necessity, it can be practical for comfort and convenience. Its best to purchase one later in pregnancy to ensure it fits your changing breast size. For specific recommendations, community groups and support networks can offer useful advice when selecting accessories like breast pumps.",Breastfeeding accessories,Overview of optional breastfeeding accessories and their usefulness.
"What health benefits does breastfeeding provide for both the baby and the mother? How should a mother handle breastfeeding when sick, and what precautions should she take?","Breastfeeding offers numerous health benefits for both the baby and mother. For the baby, breast milk provides antibodies and other protective substances that boost the immune system and reduce the risk of illnesses such as diarrhea, ear infections, and colds. It also lowers the risk of sudden infant death syndrome and chronic diseases like obesity and diabetes. For mothers, breastfeeding delays the return of menstrual periods, reducing the risk of anemia, and lowers the likelihood of developing diabetes or certain cancers. If a mother is taking medication, it's important to discuss it with a healthcare provider to ensure compatibility with breastfeeding. Even if the mother is sick, breastfeeding is still recommended, but she should take precautions such as wearing a medical mask and washing her hands before feeding to prevent transmission of germs.",Breastfeeding and health,"Benefits of breastfeeding for baby and mother, illness precautions, medication safety."
Understanding and responding to the baby's hunger cues and ensuring adequate milk intake.,"The frequency and duration of breastfeeding can vary between babies, especially in the first few days of life. Its normal for a newborn to nurse frequently, with clustered feedings. This not only helps stimulate milk production but also reassures the baby during the crucial early days. Expect to nurse at least 8 times every 24 hours, and possibly more. Some babies give clear hunger cues, while others may not. If your baby isnt showing signs of hunger, you may need to gently wake her to ensure she gets enough milk.",Breastfeeding on demand or often enough to meet babys needs,Addressing the frequency and duration of breastfeeding sessions.
"What is a breath-holding spell, and when might it occur? How should you respond if your baby experiences a breath-holding spell? When should you consult a doctor?","A breath-holding spell is when a baby cries until they stop breathing for several seconds and briefly lose consciousness, often turning blue or pale. This typically occurs around 6 months of age and is usually harmless. If this happens, remain calm, stay with your baby, and reassure her as she will start breathing again on her own. However, if the spell occurs before 6 months of age or lasts longer than one minute, its important to consult a doctor.",Breath-holding spells,"Breath-holding spell, turning blue, reassurance"
"What happens if your baby is in a breech position, and what are the options for delivery? Can your doctor help turn the baby, and what happens if vaginal birth is not possible?","If your baby is in a breech position, your doctor or midwife may attempt to turn the baby into a head-down position around 36 or 37 weeks using a procedure called version, which increases the chances of a vaginal birth. This procedure is performed in the hospital and followed by monitoring to ensure the baby tolerates it. If turning the baby isn't possible, a vaginal breech delivery may be considered, but it requires specific conditions and may not be offered in every hospital. In most cases, a cesarean section will be recommended. Always discuss your options with your healthcare provider.",Breech Presentation,"Turning a breech baby, vaginal delivery of breech babies, cesarean option"
How proper latching technique prevents discomfort and supports breastfeeding success.,"Getting a good latch is crucial for preventing breastfeeding pain and nipple injuries. In the early days, both you and your baby will learn how to establish a comfortable, effective latch. Youll know your baby is sucking effectively when you see her pause and swallow, though this motion may be harder to notice before your milk comes in, as she will only be swallowing small amounts of colostrum. Some initial sensitivity is normal, but if nursing is painful, seek help right away to avoid discomfort and ensure successful breastfeeding.",Bringing your baby to the breast,Establishing a good latch for effective breastfeeding and pain prevention.
What services do CLSCs provide to pregnant women and parents? How can a CLSC help with your health and well-being? What role do CLSCs play after birth? How does a CLSC collaborate with other services? How can you find a CLSC in your area?,"CLSCs provide a wide range of health and social services to pregnant women and parents, and they can also inform you about available services in your region. If you have any questions about your health, your CLSC can offer advice or refer you to the appropriate service. After giving birth, a CLSC nurse may contact you to check on you and your babys well-being. CLSCs work with childcare centres (CPEs) and community organizations to support families, referring you to additional resources as needed. To find a CLSC in your area, visit the official website.",CLSCs,"Services offered by CLSCs, collaboration with childcare centres, post-birth follow-up"
What are the short-term effects of a caesarean? What complications can arise from a caesarean delivery? What are the long-term effects on the mother? How might a caesarean affect the baby?,"Short-term effects of a caesarean include abdominal and pelvic pain requiring medication, difficulty urinating, potential breastfeeding difficulties, a longer hospital stay, and a longer recovery compared to vaginal birth. Complications can arise, such as infection, bleeding, thrombophlebitis, and injury to internal organs, which may require further interventions. Long-term, a caesarean can increase the risk of placental disorders in future pregnancies and the rare risk of uterine rupture during a vaginal birth. For babies, caesarean delivery may result in lower body temperature and mild respiratory distress, but skin-to-skin contact can help address these issues.",Caesarean Consequences,"Short-term effects, long-term effects, complications, babys health"
"What happens before a caesarean? What types of anaesthesia are used during a caesarean? Who can be present during the operation? How is skin-to-skin contact initiated after a caesarean? What happens during the surgical procedure, and how is the baby delivered?","Before a caesarean, the mother receives an intravenous solution (IV) and has a urinary catheter fitted. Anaesthesia typically involves an epidural or spinal block, although a general anaesthetic may be used in rare cases. The person accompanying the mother can enter the operating room and sit near her. After the delivery, skin-to-skin contact with the baby can begin in the operating or recovery room, depending on the circumstances. The placenta is removed, and the incision, typically horizontal and above the pubic hairline, is closed with stitches or staples. The baby is placed against the mothers skin if both are stable.",Caesarean Delivery,"Procedures, anaesthesia, skin-to-skin contact, incision"
What are the reasons for planning a caesarean? When might an unplanned caesarean be necessary? What are the medical situations that call for a planned caesarean? What could trigger an unplanned caesarean?,"A caesarean can be planned for medical issues with the mother, placenta prævia, breech presentation, or a previous caesarean with conditions that are not favorable for vaginal delivery. Unplanned caesareans may be required when the baby is in an unsafe position, when there are concerns about the babys health, if labour does not progress, or when the mother has serious medical problems.",Caesarean Section,"Planned and unplanned C-sections, medical reasons"
Surgical procedure for delivery,"A caesarean section (C-section) is a surgical procedure used when a baby cannot be delivered vaginally. It involves making an incision in the mothers abdomen and uterus to remove the baby. In Québec, about one in four women deliver via C-section.",Caesarean Section (C-Section),"Definition, procedure, and statistics"
Can I drink coffee or tea during pregnancy?,It is recommended to limit the consumption of caffeine-heavy drinks such as coffee and some processed teas during pregnancy.,Caffeine Consumption During Pregnancy,"Advice on consuming coffee, tea, and caffeinated beverages during pregnancy"
Is it safe to consume caffeine during pregnancy?,It is recommended to limit the consumption of caffeine-heavy drinks such as coffee and some processed teas during pregnancy.,Caffeine Consumption During Pregnancy,"Advice on consuming coffee, tea, and caffeinated beverages during pregnancy"
Should I avoid caffeine-heavy drinks during pregnancy?,It is recommended to limit the consumption of caffeine-heavy drinks such as coffee and some processed teas during pregnancy.,Caffeine Consumption During Pregnancy,"Advice on consuming coffee, tea, and caffeinated beverages during pregnancy"
What beverages should I limit during pregnancy?,It is recommended to limit the consumption of caffeine-heavy drinks such as coffee and some processed teas during pregnancy.,Caffeine Consumption During Pregnancy,"Advice on consuming coffee, tea, and caffeinated beverages during pregnancy"
"What are the sources of calcium and vitamin D during pregnancy, and why are they important?","Calcium is essential for building your babys bones and teeth, while vitamin D helps with the effective absorption of calcium. Good dietary sources of both calcium and vitamin D include milk, fortified soy beverages, and vitamin D-fortified yogurts. Foods rich in calcium include yogurt, cheese, tofu with calcium sulphate, canned fish with bones (like sardines and salmon), and calcium-fortified foods. Vitamin D can be found in oily fish (such as salmon, mackerel, and herring), eggs, and margarine. If your diet lacks dairy or fortified soy beverages, a multivitamin containing both calcium and vitamin D is recommended.",Calcium and vitamin D,"Importance of calcium and vitamin D for pregnancy, and food sources."
Advisories against using cannabis during pregnancy.,"Pregnant women are strongly advised not to use cannabis or expose themselves to second-hand cannabis smoke. Cannabis can interfere with fetal growth, leading to lower birth weight, and may also affect brain development in the baby, which could cause developmental issues in childhood and adolescence. The harmful effects of cannabis are present regardless of the method of usewhether smoked, vaped, eaten, or consumed in any other form. While cannabis might relieve nausea in some individuals, it is not considered a safe solution for pregnant women.",Cannabis Use During Pregnancy,Risks associated with cannabis use during pregnancy.
What care is given to a baby born between 34 and 37 weeks? What specific treatments may be needed for a late preterm baby?,"A baby born between 34 and 37 weeks may require extra care, although less intensive than that for babies born earlier. They may receive help with feeding, phototherapy for jaundice, and in rare cases, assistance with breathing if needed.","Care for late preterm babies, feeding support, phototherapy","Late preterm, feeding help, jaundice, breathing assistance"
Recommendations to reduce the risk of toxoplasmosis from cats during pregnancy.,"While having a cat during pregnancy is generally safe, pregnant women should take precautions to avoid exposure to the toxoplasma parasite, which cats can carry. The parasite can be found in cat feces, especially if the cat has eaten contaminated meat. To minimize risk, have someone else clean the litter box. If that's not possible, wear plastic gloves, wash them thoroughly after use, and wash your hands well afterward. Clean the litter box daily, as parasites need 1 to 5 days to become infectious.",Cats and Pregnancy,Precautions for pregnant women with pet cats.
What should pregnant women do if exposed to chickenpox?,"If a pregnant woman is exposed to chickenpox, the risk to the baby depends on her vaccination status or previous infection. If she is vaccinated or has had chickenpox in the past, the baby is generally not at risk. However, if she is not vaccinated and has never had the disease (or is unsure), she should see a doctor within 48 hours for assessment and guidance on the appropriate steps.","Chickenpox, Pregnancy, Risk, Vaccination, Exposure",Chickenpox during pregnancy
How does a child develop confidence? What are some ways to help a baby gain confidence? Why is it important to respond to a babys signals? What can happen when a child feels confident in their caregiver? How does separation affect a childs confidence?,"A child develops confidence by forming a bond of trust with caregivers who are sensitive to their needs, offering comfort and reassurance, especially when the child is afraid. To help your baby gain confidence, it's important to hold them often, play with them, and learn their personality. Responding to their signals, such as crying or movement, in a prompt and reassuring way will make them feel secure. When a baby has confidence in their caregiver, they feel more secure to explore their surroundings. Sensitive children may take longer to feel confident. Separation from parents may cause anxiety, but once reunited, the child will regain confidence after spending time with their parents.",Child bonding and confidence,"Building trust, attachment, responding to baby's needs, confidence development"
How does a child develop confidence? What are some ways to help a baby gain confidence? Why is it important to respond to a baby’s signals? What can happen when a child feels confident in their caregiver? How does separation affect a child’s confidence?,"A child develops confidence by forming a bond of trust with caregivers who are sensitive to their needs, offering comfort and reassurance, especially when the child is afraid. To help your baby gain confidence, it's important to hold them often, play with them, and learn their personality. Responding to their signals, such as crying or movement, in a prompt and reassuring way will make them feel secure. When a baby has confidence in their caregiver, they feel more secure to explore their surroundings. Sensitive children may take longer to feel confident. Separation from parents may cause anxiety, but once reunited, the child will regain confidence after spending time with their parents.",Child bonding and confidence,"Building trust, attachment, responding to baby's needs, confidence development"
"What are some effective strategies for coping with childbirth pain, and how can others assist you during labour?","Effective strategies for coping with childbirth pain include staying warm, trusting your instincts, and visualizing the birthing process. Moving around, changing positions, and using showers or baths can provide relief. Relaxation techniques such as slow breathing, making noise, and eating or drinking as needed can also help. Emotional support is vital; having someone encourage you, massage you, hold your hand, or sponge you with a wet compress can make a significant difference. Dont hesitate to ask for what would make you feel better.",Childbirth Pain Coping Strategies,"Emotional support, movement, relaxation, and sensory comfort during labour"
"Adaptation based on fitness level, stage of pregnancy, and personal comfort.","Choose your activities based on your fitness level and what you feel like doing. You can continue many of the activities you enjoyed before becoming pregnant. However, you may have to adapt some of them depending on your stage of pregnancy. For example, you can reduce the intensity or change certain movements. Sports like power walking, swimming, aquafitness, stationary biking, and snowshoeing are examples of activities you can do. You can also add strength and mobility exercises, yoga, and gentle stretching to your daily routine. Fatigue and some discomforts of pregnancy may prevent you from being as active as you like, especially at the beginning and end of your pregnancy. Listen to your body, exercise less intensely, or get some rest, then resume physical activity when its comfortable for you.",Choice of Activities,Selecting appropriate physical activities during pregnancy.
"How should you choose a pacifier for your baby, and what safety precautions should be taken? What should you do if your baby uses the pacifier for chewing?","When choosing a pacifier for your baby, ensure it is appropriate for her age. Opt for either silicone or latex models. If your baby starts using the pacifier for chewing, it's better to offer a teething ring instead. Always ensure the pacifier's disk remains outside her mouth, as chewing on it could cause it to break, posing a choking hazard.","Choosing a pacifier, safety","Pacifier selection, age-appropriate, teething, safety concerns"
"How should you clean and maintain your baby's pacifier, and what safety precautions should be taken? What should you do if the pacifier shows signs of damage?","To clean your baby's pacifier, disinfect it according to the manufacturer's instructions before first use, and wash it in hot, soapy water every time your baby uses it. Avoid putting it in your mouth to prevent transferring cavity-causing bacteria. Always check the nipple for flexibility and ensure the disk is securely attached. If the nipple becomes discolored, sticky, cracked, or changes shape, dispose of it immediately to maintain safety.","Cleaning pacifier, safety","Pacifier disinfection, safety checks, wear and tear"
What are the key cleanliness practices for food safety? How should you handle food preparation tools and surfaces? How can you disinfect materials after contact with raw meat? How often should kitchen towels be cleaned?,"To ensure food safety, it's important to wash your hands thoroughly with soap before and after handling food. All food preparation tools like plates, utensils, cutting boards, and surfaces should be washed with hot, soapy water. After handling raw meat, poultry, or fish, disinfect the materials with a commercial kitchen disinfectant or a bleach solution. Regularly clean your refrigerator, reusable grocery bags, and separate bags for meat. Kitchen towels should be washed several times a week, and it's recommended to use a washable sponge or cloth for scrubbing dishes.","Cleanliness, Food Safety","Hand washing, disinfecting surfaces, maintaining hygiene in the kitchen, food handling"
"How much caffeine can you safely consume during pregnancy, and what beverages should be avoided?","During pregnancy, it is recommended not to exceed 300 mg of caffeine per day, which equals no more than two cups of coffee (8 oz each) or three espressos (1 oz each). Caffeine is also found in tea, iced coffee, chocolate, certain soft drinks, and medications. Energy drinks should be avoided as they can contain high levels of caffeine and other substances like ginseng and taurine, which are not proven safe for pregnant women. Decaffeinated products, on the other hand, are safe for consumption. For more details, visit official public health resources on caffeine during pregnancy.",Coffee and Caffeinated Beverages,Caffeine intake guidelines during pregnancy.
"When can you start combined hormonal contraceptives like pills, patches, or vaginal rings after giving birth, and are there any variations in timing?","You can start combined hormonal contraceptives (pills, patch, or vaginal ring) six weeks after giving birth. However, depending on your individual situation, your healthcare provider may recommend starting them three to four weeks after giving birth.",Combined hormonal contraceptives,Timing for starting combined hormonal contraceptives
Reassurance and solutions for common breastfeeding challenges.,"Despite the many benefits of breastfeeding, some women have concerns, such as fears about being able to breastfeed, not producing enough milk, experiencing sore nipples, or worrying about giving the father the chance to help with feeding. These concerns are often based on myths. While breastfeeding can be challenging in the beginning, most issues, like engorgement, nipple pain, or worries about milk production, are temporary and can be solved. It's important to talk to a trained breastfeeding support person or mentor to address any concerns and prepare for breastfeeding. Remember, most breastfeeding difficulties are short-term and solutions are available.",Common concerns and possible problems,Addressing common concerns and problems related to breastfeeding.
Advice on managing common health issues during pregnancy,"During pregnancy, you may encounter common health problems like headaches, colds, gastroenteritis, and other infections, which may be more frequent or troublesome. Most of these issues can still be treated, but it is important to consult with a pharmacist or healthcare provider before taking any medication to ensure safety for both you and your baby. If you're worried about changes in your health or if symptoms interfere with your daily activities, don't hesitate to seek professional advice.",Common health problems during pregnancy,Health issues unrelated to pregnancy
"How can compresses and relaxation methods help manage pain during childbirth, and what practices are recommended?","Compresses, whether hot or cold, can reduce pain by soothing painful areas, while relaxation methods like breathing techniques, visualization, self-hypnosis, or yoga practiced during pregnancy prepare women for childbirth. During labour, listening to music and creating a calm, private environment further enhances relaxation and pain management.",Compresses and Relaxation Methods,Pain relief techniques with compresses and relaxation methods during childbirth
"After a C-section birth, how long should I wait before trying for another pregnancy?",It is recommended to wait for two years before trying to conceive again after a C-section birth.,Conceiving After C-Section,Information about the recommended time frame to conceive again after a C-section birth
How long should I wait to get pregnant after a C-section?,It is recommended to wait for two years before trying to conceive again after a C-section birth.,Conceiving After C-Section,Information about the recommended time frame to conceive again after a C-section birth
What is the recommended waiting period to get pregnant after a C-section?,It is recommended to wait for two years before trying to conceive again after a C-section birth.,Conceiving After C-Section,Information about the recommended time frame to conceive again after a C-section birth
When can I try to conceive again after a C-section?,It is recommended to wait for two years before trying to conceive again after a C-section birth.,Conceiving After C-Section,Information about the recommended time frame to conceive again after a C-section birth
When can you start using a condom after giving birth?,You can start using a condom from the start of sexual relations after giving birth.,Condom,Timing for starting condom use after birth
"What causes constipation during pregnancy, and how can it be relieved? When should you seek medical help?","Constipation is common during the 2nd and 3rd trimesters of pregnancy, affecting up to 40% of pregnant women. Hormonal changes, iron supplements, and the expanding uterus putting pressure on the intestines contribute to this issue. To relieve constipation, gradually increase your intake of fiber-rich foods like whole grains, fruits, vegetables, legumes, nuts, and seeds. Also, drink more water, get regular physical activity, and respond promptly to the urge to go. If constipation persists or worsens, consult a healthcare provider, who may suggest fiber or psyllium supplements, and be sure to stay hydrated.",Constipation during pregnancy,"Causes, relief strategies, when to seek medical advice"
What should you do if you have been in contact with someone with a contagious disease during pregnancy?,"If you have been in contact with someone who has a contagious disease during pregnancy, it is important to take precautions to reduce the risk to you and your baby. If you feel sick or have symptoms suggesting youve contracted a disease, consult a doctor promptly. If you dont feel sick but suspect exposure, inform the healthcare facility before your visit. Additionally, follow advice on preventing infections, which is detailed in the section ""Preventing infections"" on page 638.","Contagious Diseases, Pregnancy, Health Precautions",Contact with contagious diseases during pregnancy
Are there any risks from certain contagious diseases during pregnancy?,"If you come into contact with diseases like roseola, hand-foot-mouth disease, or scarlet fever during pregnancy, there is no specific risk to your pregnancy or baby. However, if you are concerned or need reassurance, its always a good idea to consult your doctor. Additionally, if you are worried about potential exposure to sexually transmitted infections (STIs) during pregnancy, speak with your health professional about STI screening. It is a confidential process to ensure your health and the health of your baby.","Contagious diseases, Pregnancy, STIs, Risk",Other contagious diseases and STI screening during pregnancy
Can you explain what happens during prenatal checks?,"During prenatal care appointments, the midwife or doctor will check the health of both you and your baby. They will provide valuable information to support a healthy pregnancy, including guidance on nutrition and exercise. Additionally, they will discuss your options and preferences for your care during pregnancy, labor, and delivery.",Content of Prenatal Care Checks,Description of what happens during prenatal care appointments
Describe the activities during prenatal care visits.,"During prenatal care appointments, the midwife or doctor will check the health of both you and your baby. They will provide valuable information to support a healthy pregnancy, including guidance on nutrition and exercise. Additionally, they will discuss your options and preferences for your care during pregnancy, labor, and delivery.",Content of Prenatal Care Checks,Description of what happens during prenatal care appointments
What occurs during prenatal care appointments?,"During prenatal care appointments, the midwife or doctor will check the health of both you and your baby. They will provide valuable information to support a healthy pregnancy, including guidance on nutrition and exercise. Additionally, they will discuss your options and preferences for your care during pregnancy, labor, and delivery.",Content of Prenatal Care Checks,Description of what happens during prenatal care appointments
What should I expect during my prenatal appointments?,"During prenatal care appointments, the midwife or doctor will check the health of both you and your baby. They will provide valuable information to support a healthy pregnancy, including guidance on nutrition and exercise. Additionally, they will discuss your options and preferences for your care during pregnancy, labor, and delivery.",Content of Prenatal Care Checks,Description of what happens during prenatal care appointments
When can you start using contraceptive implants after childbirth if there are no contraindications?,"You can start using contraceptive implants at any time after giving birth, depending on your state of health, as long as there are no contraindications.",Contraceptive Implants,Timing for starting contraceptive implants after birth
"When can you start using a contraceptive injection after childbirth, and what factors should be considered?",You can start using a contraceptive injection depending on your doctor's advice and your state of health after childbirth.,Contraceptive injection,Timing for starting contraceptive injection
"What are contractions, and how do they signal the start of labor? How do contractions feel, and how do they differ from woman to woman?","Contractions mark the start of labor for most women. During contractions, the belly tightens, and pain is experienced, typically lasting at least 20 seconds. The pain can vary, with some women feeling it in the lower abdomen and others in the lower back, sometimes radiating to the front. Some describe contractions as similar to menstrual cramps but more intense. Each woman's experience with contractions is unique, and the sensations can differ from one pregnancy to another. As labor progresses, contractions become more regular and increasingly intense.",Contractions and Labor,"Contractions as the start of labor, pain variations"
How can you tell if you are experiencing real contractions before 37 weeks? What should you watch out for?,"Before 37 weeks, its normal to experience Braxton Hicks contractions, which are irregular, sometimes painful, and often triggered by position changes, standing for long periods, or sexual activity. These are not real contractions but are harmless. However, if you feel regular uterine hardening accompanied by pain that lasts for at least 20 seconds, it could indicate real contractions. If the pain comes in regular intervals, this might be a sign that labor is starting. If you experience these symptoms, its important to contact your health professional for further evaluation.",Contractions before 37 weeks,Difference between Braxton Hicks contractions and real contractions
How can you ensure food is cooked safely? Do frozen vegetables need to be cooked? What temperature should food be served at?,"To ensure food is cooked safely, use a digital food thermometer to check the internal temperature of the food, following the minimum safe temperatures for each food category. Frozen vegetables must be cooked, even if they are meant to be eaten cold; always follow the cooking instructions on the package and cool them in cold water if necessary. When serving food, it should be kept hot (above 60°C) or cold (4°C or less) to ensure safety.","Cooking Safety, Food Temperature, Serving","Using a food thermometer, cooking frozen vegetables, serving temperature"
"What techniques can help manage childbirth pain, and how do they work?","To manage childbirth pain, you can use techniques such as movement and trying different positions. Moving, walking, squatting, or using a physio ball can help labor progress and provide relief by finding comfortable positions. Experimenting with these options at different stages of labor ensures you discover what works best for you.",Coping with Childbirth Pain,Techniques such as movement and positioning to alleviate labor pain
How can you cope with the pain of labor without medication? What should you understand about the pain of labor?,"The pain of labor is unique and serves an important purposeit signals the start of the opening process leading to the birth of your baby. The intensity of pain gradually increases, with stronger pain during contractions, while the periods between contractions provide time for recovery. Some women find the beginning of labor the hardest, while others struggle most when it's time to push. To cope with the pain without medication, its helpful to learn and prepare in advance about various non-medical techniques that can assist in managing labor pain effectively. Understanding the rhythm and purpose of pain can also help women and couples feel more empowered during the process.",Coping with Labor Pain,"Labor pain, coping techniques, contractions"
How can parents cope when their baby is hospitalized? What steps can they take to manage feelings of guilt and get the support they need?,"When a baby is hospitalized, parents may feel guilty or helpless, but there are ways to cope. Asking questions about the baby's health and treatment is crucial, and parents should feel empowered to explore other options if needed. Its important to ask the care team about the best times for communication. Additionally, parents can ask for help from family and loved ones for household tasks and caring for other children. Getting enough rest and seeking psychological support, such as from social workers or psychologists, can help parents stay healthy and manage the emotional strain.","Coping with babys hospitalization, support, asking questions, mental health","Guilt, asking questions, emotional support, rest, psychological help"
How should you handle feeling overwhelmed when your baby is crying excessively? What can you do if you feel frustrated or tired? How can you ensure your baby's safety while taking a break?,"If you're feeling overwhelmed by your baby's excessive crying, it's normal to feel frustrated or tired. It's helpful to have someone you trust who can take over for a while, allowing you to rest and regain calm. If no one is available, place your baby in a safe space like her crib, step away for a few minutes, and check on her every ten minutes to ensure her safety. Dont pick her up until youve calmed down. Dont hesitate to seek help from a babysitter, relative, or doctor if needed.",Coping with excessive crying,"Feeling overwhelmed, taking a break, seeking help"
"When can a copper IUD be inserted after unprotected sex, and are there any restrictions?","A copper IUD can be inserted up to 7 days after unprotected or poorly protected sex, provided there are no contraindications for you. It is important to consult with your doctor to confirm its suitability.",Copper IUD,Insertion timing after unprotected sex
"When is it possible to start using a copper IUD after childbirth, provided there are no contraindications?","You can start using a copper IUD at any time after giving birth, depending on your state of health, as long as there are no contraindications.",Copper IUD,Timing for starting copper IUD after birth
"Navigating changes in relationship dynamics, expressing emotions, and strengthening the partnership.","Open communication is crucial for both partners to express fears, concerns, and emotions. Maintaining a strong relationship foundation will help both navigate the transition to parenthood together and remain united in their shared journey.",Couple's Relationship During Pregnancy,"Relationship adjustments, communication, shared concerns, emotional support, partnership in parenting."
What should pregnant women know about CMV?,"Cytomegalovirus (CMV) can cause serious problems for unborn children. It is primarily transmitted by young children, even if they don't show symptoms. Pregnant women should take precautions to reduce the risk of CMV transmission, as it can affect the developing fetus. If you believe you've been exposed to CMV, it's important to consult your healthcare provider for advice and potential testing.","Cytomegalovirus (CMV), Pregnancy, Transmission, Risk",Cytomegalovirus (CMV) during pregnancy
Pregnant women may inquire about the importance of dairy products in their diet and ways to include them in their meals for optimal nutrition.,"Dairy products such as milk, cheese, and yogurt are excellent sources of calcium, phosphorus, and proteins essential for your babys developing bones and teeth. They also provide vitamin D, which aids in calcium absorption. To incorporate dairy into your diet, you can enjoy milk or yogurt with cereals, use milk in hot cereal preparation, or include dairy in dishes like cream soups, gratins, and smoothies. Choose dairy options with reduced fat, sugar, and salt to maintain a healthy balance.",Dairy Products During Pregnancy,"The nutritional benefits of dairy products for pregnant women and their babies, with practical tips for incorporating them into daily meals and snacks."
How can I deal with morning sickness?,"Dealing with morning sickness involves staying hydrated by drinking plenty of water and eating small, frequent meals. Foods like rice, bananas, and cereal may be gentler on your stomach. It's advisable to avoid spicy or fatty foods.",Dealing with Morning Sickness,Tips for managing morning sickness during pregnancy
How to alleviate morning sickness symptoms?,"Dealing with morning sickness involves staying hydrated by drinking plenty of water and eating small, frequent meals. Foods like rice, bananas, and cereal may be gentler on your stomach. It's advisable to avoid spicy or fatty foods.",Dealing with Morning Sickness,Tips for managing morning sickness during pregnancy
Tips for managing nausea during pregnancy?,"Dealing with morning sickness involves staying hydrated by drinking plenty of water and eating small, frequent meals. Foods like rice, bananas, and cereal may be gentler on your stomach. It's advisable to avoid spicy or fatty foods.",Dealing with Morning Sickness,Tips for managing morning sickness during pregnancy
What should I do for morning sickness?,"Dealing with morning sickness involves staying hydrated by drinking plenty of water and eating small, frequent meals. Foods like rice, bananas, and cereal may be gentler on your stomach. It's advisable to avoid spicy or fatty foods.",Dealing with Morning Sickness,Tips for managing morning sickness during pregnancy
"How do you decide whether to have a vaginal birth after a C-section? What factors influence the decision, and can the plan change during pregnancy?","The decision to have a VBAC is made with the guidance of your doctor or midwife, who will assess factors that can influence your chances of having a successful vaginal birth. It is important to communicate your preferences and needs during this discussion. In some cases, vaginal birth may not be recommended due to medical contraindications. Your birth plan may evolve during pregnancy, and your healthcare provider may suggest a C-section instead. Similarly, if you initially planned for a C-section, labor may start early, leading to a possible change in plans to deliver vaginally.",Decision to Have a VBAC,"Factors influencing VBAC decision, changing plans, and the role of healthcare providers"
"What do health professionals recommend about breastfeeding, and why is it important to understand your reasons for breastfeeding before birth? How can you prepare for the challenges you might face?","Health professionals globally, including the Canadian Paediatric Society, Dieticians of Canada, and Health Canada, recommend exclusive breastfeeding for the first six months, continuing until the age of two or more once solid foods are introduced. Knowing why you want to breastfeed before your baby is born can help you manage any doubts or challenges. Reasons for breastfeeding vary, such as convenience, strengthening the bond with your baby, or the health benefits for both mother and child. Reflecting on your reasons and values will guide your decision-making. It's also essential to communicate your choice with your family and healthcare provider for better support during this journey. Trust your instincts as you know what's best for your baby.",Decision to breastfeed,"Health recommendations, reasons for breastfeeding, preparation for challenges."
"What happens after the birth of the baby during the third stage of labor? How does the body respond to prevent hemorrhaging, and what role does breastfeeding play? What are the treatments if contractions are not strong enough?","After your baby is born, the delivery isn't over as the placenta still needs to be delivered. Contractions will continue for a little while to expel the placenta. Once delivered, your uterus will keep contracting to prevent hemorrhages and return to its original shape. Breastfeeding stimulates oxytocin production, which helps increase uterine contractions. If contractions aren't strong enough, massaging the abdomen or administering oxytocin medication may be necessary to encourage proper contractions and prevent hemorrhaging.",Delivery of Placenta,"Placenta delivery, uterine contractions, breastfeeding, hemorrhaging, oxytocin"
What should you know about dental care during pregnancy?,"You can visit the dentist during pregnancy, but it's important to inform them that you are expecting. Generally, dental care is safe during pregnancy, though your dentist may recommend postponing non-emergency treatments until after delivery to avoid any potential risks.","Dental Care, Pregnancy","Dental care during pregnancy, dental visits, non-emergency treatments"
"What is the diagnostic test, when is it offered, and what should you consider before deciding to take it?","The diagnostic test is offered if the genomic test shows a high risk of a chromosomal anomaly. While it is a reliable method to confirm whether the baby has a chromosomal disorder, it carries a risk of complications, including miscarriage. If you are faced with the decision of continuing or terminating the pregnancy after these tests, it is important to seek support from your healthcare professional, loved ones, and parent groups for trisomy 21 to make an informed choice. Take your time to gather all necessary information before making a decision.","Diagnostic Test, Chromosomal Anomaly","Diagnostic test, risk, miscarriage, decision-making, support"
what is diaper rash,"Skin irritation and redness in the area covered 
by the baby’s diaper.",Diaper rash,Diaper rash definition
When can you start using a diaphragm or cervical cap after giving birth?,You can start using a diaphragm or cervical cap six weeks after giving birth.,"Diaphragm, Cervical cap",Timing for starting diaphragm and cervical cap after birth
What are the risks of dieting during pregnancy?,"Going on a diet during pregnancy is not advisable unless recommended by your health professional. Starting a new diet could put both you and your baby at risk, as it may prevent you from getting all the necessary nutrients for your baby's development and your own health. If you're considering dieting or are already on a diet, it's important to consult your prenatal care provider to ensure you and your baby are getting the right nutrients.","Dieting, Pregnancy",Dieting during pregnancy
How should pregnant women manage their diet if they follow a vegetarian or vegan lifestyle?,"If you are vegetarian, it is possible to have a healthy pregnancy, but some nutrients like iron and omega-3s may be harder to obtain. Pay special attention to these nutrients and inform your prenatal care provider about your dietary choices. For vegans, while a healthy pregnancy is also possible, there is a higher risk of deficiencies in nutrients like iron, calcium, vitamin D, zinc, vitamin B12, iodine, choline, and omega-3. It is important to discuss your vegan diet with your prenatal care provider to ensure proper supplementation and nutrient intake.","Diets, Vegetarianism and Veganism",Managing pregnancy with vegetarian or vegan diets.
Adjusting activity level or seeking advice when discomfort occurs.,"If you experience discomfort like shortness of breath, urinary leakage, or vaginal heaviness during physical activity, reduce intensity or switch activities. Consult your prenatal care provider if youre unsure or feel incapable of participating in physical activities. Women athletes who wish to continue intensive training during pregnancy should do so under medical supervision.",Discomfort During Physical Activity,Addressing discomforts during physical activity in pregnancy.
What qualifies as disturbed sleep in children? What should parents do if they notice these signs?,"Disturbed sleep in children can be identified by frequent night awakenings (more than twice), long wake periods (over 20 minutes), needing assistance to fall back asleep, waking multiple times a week, or experiencing these issues for at least three months. If these signs persist, its advisable to revisit your childs bedtime routine, and if concerns continue, seeking advice from a health professional or reading about sleep disturbances may be helpful.","Disturbed Sleep, Bedtime Routine, Child Sleep, Health Professional",Guidelines for identifying disturbed sleep in children and when to seek help.
What are the signs of domestic violence during pregnancy? How can domestic violence affect a woman during and after pregnancy?,"Domestic violence during pregnancy can manifest in various forms, such as constant criticism, controlling behavior, forced sex, physical harm, threats, and financial control. One in ten women report experiencing domestic violence during pregnancy, and in many cases, the violence continues after the baby is born. If you notice signs of abuse, it is essential to seek help and support to ensure your safety and well-being.",Domestic violence during pregnancy,"Abusive relationships, signs of violence, control in relationships."
What is the role of a doula during pregnancy and delivery? How should you choose a doula? Should you inform your health professional about hiring a doula? Are there any costs involved?,"Doulas provide support and information during pregnancy and delivery, as well as assistance after the baby is born, though they are not health professionals. When choosing a doula, its important to select someone you and your partner trust and feel comfortable with. You should inform your health professional if you plan to have a doula. Keep in mind that doulas usually charge for their services, with fees varying by organization and depending on your financial resources.",Doulas,"Role of doulas, choosing a doula, informing health professionals, fees"
How does drinking tea help during labor?,"Drinking tea helps keep you hydrated and supports steady uterine contractions, aiding labor progress.",Drinking Tea During Labor,Explaining the benefits of drinking tea during labor.
Is it necessary to drink tea while in labor?,"Drinking tea helps keep you hydrated and supports steady uterine contractions, aiding labor progress.",Drinking Tea During Labor,Explaining the benefits of drinking tea during labor.
What is the purpose of drinking tea during labor?,"Drinking tea helps keep you hydrated and supports steady uterine contractions, aiding labor progress.",Drinking Tea During Labor,Explaining the benefits of drinking tea during labor.
Why is tea recommended during labor?,"Drinking tea helps keep you hydrated and supports steady uterine contractions, aiding labor progress.",Drinking Tea During Labor,Explaining the benefits of drinking tea during labor.
"How can you stay hydrated during pregnancy, and what are some recommended drinks?","During pregnancy, your fluid needs increase by about 50%, so its important to drink frequently, especially water, to stay hydrated. Proper hydration helps prevent constipation, fatigue, and headaches. Water is the ideal choice for staying hydrated, and you can make it more interesting by adding fruits, herbs, or cucumber slices. Additionally, nutritious drinks like milk or fortified soy beverages are great options, providing protein, calcium, and vitamin D. These drinks are also handy when you're not feeling hungry and can be used to make delicious smoothies with yogurt and other ingredients.",Drinks,Hydration needs during pregnancy and recommended beverages.
Warnings against drug use and recommendations for support.,"Pregnant women are strongly advised not to use any drugs, as their effects on an unborn baby can vary based on the type of drug, the amount consumed, its potency, and the timing and method of use. Additionally, drugs purchased on the black market may contain harmful substances that increase the risks. For instance, cocaine can lead to bleeding, placental detachment, or even death of the fetus, as well as premature birth. Babies born to mothers who used drugs may experience withdrawal symptoms. If you have concerns or need assistance with drug use during pregnancy, it's important to talk to your health professional or contact a support service like Drogs, Help, and Referral at 514-527-2626 or 1-800-265-2626, or visit aidedrogue.ca/en/.",Drug Use During Pregnancy,Risks of using drugs during pregnancy and seeking help.
How to handle early contractions in pregnancy?,"Early contractions during pregnancy are not okay but are quite common. They can be caused by conditions like UTIs, malaria, high blood pressure, or other illnesses. It's crucial to get checked and treated promptly to reduce the risk of complications like miscarriage.",Early Contractions During Pregnancy,Explanation regarding early contractions during pregnancy
Is it normal if my contractions come early during pregnancy?,"Early contractions during pregnancy are not okay but are quite common. They can be caused by conditions like UTIs, malaria, high blood pressure, or other illnesses. It's crucial to get checked and treated promptly to reduce the risk of complications like miscarriage.",Early Contractions During Pregnancy,Explanation regarding early contractions during pregnancy
Reasons for early contractions during pregnancy?,"Early contractions during pregnancy are not okay but are quite common. They can be caused by conditions like UTIs, malaria, high blood pressure, or other illnesses. It's crucial to get checked and treated promptly to reduce the risk of complications like miscarriage.",Early Contractions During Pregnancy,Explanation regarding early contractions during pregnancy
What should I do if I experience early contractions?,"Early contractions during pregnancy are not okay but are quite common. They can be caused by conditions like UTIs, malaria, high blood pressure, or other illnesses. It's crucial to get checked and treated promptly to reduce the risk of complications like miscarriage.",Early Contractions During Pregnancy,Explanation regarding early contractions during pregnancy
"Many pregnant women ask, ""How often should I eat during pregnancy?"" or ""Whats the best way to manage my meals and snacks?""","To maintain energy levels and reduce pregnancy discomforts like nausea and heartburn, its important to eat regularly. You can opt for three main meals a day with a few snacks in between, or choose five to six smaller meals throughout the day. Experiment with different options to determine what fits best with your daily routine and appetite. Eating regularly not only helps keep your energy steady, but it can also prevent common pregnancy issues like nausea and heartburn by avoiding long gaps between meals.",Eating Regularly During Pregnancy,Advice on structuring meals and snacks throughout the day to maintain energy levels and manage pregnancy discomforts.
"Many pregnant women ask, ""How often should I eat during pregnancy?"" or ""What’s the best way to manage my meals and snacks?""","To maintain energy levels and reduce pregnancy discomforts like nausea and heartburn, it’s important to eat regularly. You can opt for three main meals a day with a few snacks in between, or choose five to six smaller meals throughout the day. Experiment with different options to determine what fits best with your daily routine and appetite. Eating regularly not only helps keep your energy steady, but it can also prevent common pregnancy issues like nausea and heartburn by avoiding long gaps between meals.",Eating Regularly During Pregnancy,Advice on structuring meals and snacks throughout the day to maintain energy levels and manage pregnancy discomforts.
"Pregnant women often wonder, ""How can I ensure Im eating the right foods for my pregnancy?"" or ""What should my daily diet look like during pregnancy?""","To ensure you meet your nutritional needs during pregnancy, its important to eat a variety of foods that provide essential nutrients for both you and your baby. Aim to include lots of colorful vegetables and fruits, whole grains, and protein-rich foods in your meals. Taking a daily multivitamin with folic acid and iron is recommended, as these nutrients play a critical role in fetal development. Eat regularly based on your appetite, typically three meals a day, and include one or two snacks as needed. Its also important to stay hydrated by drinking mostly water, with milk or fortified soy milk as additional sources of nutrition. Avoid restrictive diets and make sure to take precautions to prevent food-borne infections, as these can be harmful during pregnancy.",Eating Well During Pregnancy,Guidelines and tips for maintaining a balanced and nutritious diet during pregnancy to meet the needs of both the mother and the baby.
"Pregnant women often wonder, ""How can I ensure I’m eating the right foods for my pregnancy?"" or ""What should my daily diet look like during pregnancy?""","To ensure you meet your nutritional needs during pregnancy, it’s important to eat a variety of foods that provide essential nutrients for both you and your baby. Aim to include lots of colorful vegetables and fruits, whole grains, and protein-rich foods in your meals. Taking a daily multivitamin with folic acid and iron is recommended, as these nutrients play a critical role in fetal development. Eat regularly based on your appetite, typically three meals a day, and include one or two snacks as needed. It’s also important to stay hydrated by drinking mostly water, with milk or fortified soy milk as additional sources of nutrition. Avoid restrictive diets and make sure to take precautions to prevent food-borne infections, as these can be harmful during pregnancy.",Eating Well During Pregnancy,Guidelines and tips for maintaining a balanced and nutritious diet during pregnancy to meet the needs of both the mother and the baby.
"Women often ask, ""What should I eat during pregnancy?"" or ""How can I make my meals more nutritious for my pregnancy?""","Eating well during pregnancy is about making mindful choices that include vegetables, fruits, whole grains, and protein-rich foods, especially plant-based options. This not only supports your health but also contributes to your babys development. Experimenting with new flavors, varying cooking methods, and sharing meals with others can make healthy eating more enjoyable. While the general guidelines for healthy eating apply to everyone, pregnant women have specific nutritional needs that should be addressed with the help of a healthcare provider.",Eating Well During Pregnancy,Importance of maintaining a balanced and nutritious diet during pregnancy for the health of both mother and baby.
How can I recognize an ectopic pregnancy?,"An ectopic pregnancy occurs when a fertilized egg implants outside the womb, typically in a fallopian tube. This situation poses health risks and cannot develop into a viable pregnancy. Treatment usually involves medication or surgery to remove the pregnancy.",Ectopic Pregnancy,Recognizing signs and symptoms of an ectopic pregnancy
How do I know that it is an ectopic pregnancy?,"An ectopic pregnancy occurs when a fertilized egg implants outside the womb, typically in a fallopian tube. This situation poses health risks and cannot develop into a viable pregnancy. Treatment usually involves medication or surgery to remove the pregnancy.",Ectopic Pregnancy,Recognizing signs and symptoms of an ectopic pregnancy
What are the signs of ectopic pregnancy?,"An ectopic pregnancy occurs when a fertilized egg implants outside the womb, typically in a fallopian tube. This situation poses health risks and cannot develop into a viable pregnancy. Treatment usually involves medication or surgery to remove the pregnancy.",Ectopic Pregnancy,Recognizing signs and symptoms of an ectopic pregnancy
What are the symptoms of an ectopic pregnancy?,"An ectopic pregnancy occurs when a fertilized egg implants outside the womb, typically in a fallopian tube. This situation poses health risks and cannot develop into a viable pregnancy. Treatment usually involves medication or surgery to remove the pregnancy.",Ectopic Pregnancy,Recognizing signs and symptoms of an ectopic pregnancy
what is Ectopic or extra-uterine pregnancy,"A pregnancy in which the embryo implants itself 
and develops outside the uterus (e.g., in a  
fallopian tube)",Ectopic or extra-uterine pregnancy,Ectopic or extra-uterine pregnancy definition
What is an ectopic pregnancy? Can it continue to term? What treatments are necessary for an ectopic pregnancy?,"An ectopic pregnancy occurs when the embryo implants itself outside the uterus. This type of pregnancy cannot continue to term, and a medication or surgical abortion is typically required for treatment.",Ectopic pregnancy,Rare occurrence of embryo implantation outside the uterus; requires medication or surgery.
what is an Egg,"Reproductive cell produced by the ovary. When 
an egg and a sperm fuse, an embryo may form.",Egg,Egg definition
E-cigarettes are not recommended during pregnancy due to limited research on their safety. Safer alternatives are available for those looking to quit smoking.,"The use of electronic cigarettes (e-cigarettes, vapes) is not recommended during pregnancy due to limited research on their effects on both the mother and fetus. If you are pregnant and want to quit smoking, there are safer and more effective alternatives. Speak to a healthcare professional for guidance on quitting tobacco safely.",Electronic Cigarettes During Pregnancy,Risks of using e-cigarettes during pregnancy and alternatives for quitting smoking.
what is an Embryo,"Name given during the first full 10 weeks 
of pregnancy to the human being developing 
in the mother’s abdomen.",Embryo,Embryo definition
"What are the emergency contraception options after unprotected sex, and how does breastfeeding affect them?","Emergency oral contraception (EOC), also known as the morning after pill, is effective up to five days after unprotected or poorly protected sex. It can be used at any time after vaginal delivery or caesarean, regardless of breastfeeding. The sooner its taken, the more effective it is. If you are breastfeeding, inform the pharmacist or doctor, who can prescribe an EOC that is safe during breastfeeding.",Emergency contraception,"Emergency contraception methods, breastfeeding considerations"
"Emotional fluctuations during pregnancy are common, and it is important to allow yourself to feel these emotions without suppressing them.","Acknowledge your emotions as they arise, rather than trying to fight them. It is natural to experience a mix of feelings, and embracing them is part of the process of navigating pregnancy.",Emotional Changes,"Pregnancy can cause women to experience a range of conflicting emotions, such as joy, worry, denial, excitement, and even sadness."
"The emotional impact of pregnancy can vary, as women adjust to new realities, including the expectations of motherhood and the arrival of the baby.",It's important to take the time to adapt to these changes and give yourself the space to process the emotional and psychological shifts that come with preparing for a new chapter in life.,Emotional Changes,"Pregnancy not only brings physical changes but also triggers emotional, psychological, and social transformations. The anticipation of motherhood can cause stress and raise numerous questions for some women."
Talking about your emotions helps you realize you are not alone and can offer support through shared experiences.,"Talking to those close to you or connecting with other pregnant women can provide comfort and support. Keep in mind that every woman and pregnancy is different, and your emotions are valid, even if they dont align with those of others.",Emotional Support,Discussing your emotions with loved ones or other pregnant women can provide valuable support and help normalize the experience.
"Seeking support, setting boundaries, and managing emotions are key to coping with pregnancy changes.","To adapt to emotional changes, engage in activities like walking or meditating. Talk to trusted people or your prenatal care provider for support. Set boundaries for unsolicited comments and seek help if experiencing depression symptoms.",Emotional Well-being & Support,"Pregnancy emotions, self-care, seeking support, setting boundaries, depression risk."
How epidural anaesthesia works and its effects,"Epidural anaesthesia is a highly effective pain relief method during childbirth. It involves injecting a local anaesthetic through a catheter inserted between two vertebrae in the lower back. This numbs the abdominal area and partially numbs the legs. While it effectively reduces or eliminates labor pain, it may also diminish contractions and restrict movement, which could slow down the baby's descent. Before administering an epidural, a thorough evaluation will be conducted to ensure that it is suitable for you.",Epidural Anaesthesia,Pain relief method during labor
Preparation for epidural and associated changes during labor,"Before receiving an epidural, you will be connected to an intravenous (IV) line, which will remain in place until the medication wears off. A continuous fetal monitor is usually applied, especially if medications are used to stimulate contractions. Depending on the hospital's protocols, you may still be able to walk around and use the bathroom while under the epidural, but if urination becomes difficult, a urinary catheter may be required. The epidurals effects can make it more challenging to feel when to push, potentially increasing the need for instruments like vacuum extractors or forceps to assist with delivery. However, epidurals do not increase the risk of a caesarean delivery.",Epidural Anaesthesia - Pre-Procedure & Effects,Steps before epidural and its potential effects
Use and risks of episiotomy,"An episiotomy is an incision made in the perineum just before delivery to help the baby exit more quickly. It is done under local anesthesia, and the incision is sutured after the birth. However, episiotomies are no longer routinely performed because they can increase the risk of deeper perineal tears.",Episiotomy in Childbirth,"Procedure, purpose, and concerns regarding episiotomy"
"What exams and interventions will be suggested for you and your baby after birth? How will you handle unexpected developments, like a premature baby? What measures can help you stay with your baby during hospitalization and support breastfeeding?","After birth, inquire about any exams, interventions, or medications recommended for you and your baby, and ask about their reasons, timing, and possible consequences. Be prepared for unexpected situations, such as if your baby is premature and needs to stay in the hospital. Ensure you have access to measures that allow you to remain with your baby throughout their hospitalization. If you're planning to breastfeed, find out what support is available at the hospital or birthing centre, including the use of breast milk banks if necessary.",Exams and Interventions After Birth,"Post-birth procedures, breastfeeding support, hospital measures"
What are the reasons for severe vomiting during pregnancy?,"Many women experience nausea or vomiting, often referred to as morning sickness, especially during the first 3 months of pregnancy. The cause is believed to be rapidly rising levels of a hormone called HCG (Human Chorionic Gonadotropin). However, severe vomiting beyond typical morning sickness, known as hyperemesis gravidarum, can lead to weight loss and dehydration and may require intensive treatment.",Excessive Vomiting During Pregnancy,Causes of excessive vomiting
What could be causing excessive vomiting?,"Many women experience nausea or vomiting, often referred to as morning sickness, especially during the first 3 months of pregnancy. The cause is believed to be rapidly rising levels of a hormone called HCG (Human Chorionic Gonadotropin). However, severe vomiting beyond typical morning sickness, known as hyperemesis gravidarum, can lead to weight loss and dehydration and may require intensive treatment.",Excessive Vomiting During Pregnancy,Causes of excessive vomiting
Why am I experiencing frequent vomiting?,"Many women experience nausea or vomiting, often referred to as morning sickness, especially during the first 3 months of pregnancy. The cause is believed to be rapidly rising levels of a hormone called HCG (Human Chorionic Gonadotropin). However, severe vomiting beyond typical morning sickness, known as hyperemesis gravidarum, can lead to weight loss and dehydration and may require intensive treatment.",Excessive Vomiting During Pregnancy,Causes of excessive vomiting
Why do I vomit too much?,"Many women experience nausea or vomiting, often referred to as morning sickness, especially during the first 3 months of pregnancy. The cause is believed to be rapidly rising levels of a hormone called HCG (Human Chorionic Gonadotropin). However, severe vomiting beyond typical morning sickness, known as hyperemesis gravidarum, can lead to weight loss and dehydration and may require intensive treatment.",Excessive Vomiting During Pregnancy,Causes of excessive vomiting
"Why do babies cry excessively, and what can you do?","Some babies experience excessive crying, often referred to as colic, where they cry for more than three hours a day, particularly in the late afternoon or evening. During these episodes, the baby may appear to be in pain, with a red face, clenched fists, and curled-up legs. This may be due to gas, as crying can cause babies to swallow air. Colic is a common and normal phase in infancy and is not linked to any underlying health problems. While it can be distressing, it doesn't have any long-term consequences for the baby. As parents, it's important to remain calm during these times and try various soothing methods, such as gentle rocking, swaddling, or offering a pacifier, to comfort your baby. However, if you're concerned about the intensity or duration of the crying, or if other symptoms develop, consulting a healthcare provider is always a good idea.",Excessive crying (colic),Understanding and managing colic in babies
How important is walking during pregnancy?,"Walking is beneficial during pregnancy as it provides regular, gentle exercise that helps keep you active. It's a simple way to stay moving and promote overall well-being.",Exercise During Pregnancy,Importance of walking and exercise during pregnancy
Is walking beneficial during pregnancy?,"Walking is beneficial during pregnancy as it provides regular, gentle exercise that helps keep you active. It's a simple way to stay moving and promote overall well-being.",Exercise During Pregnancy,Importance of walking and exercise during pregnancy
Should I exercise more during pregnancy?,"Walking is beneficial during pregnancy as it provides regular, gentle exercise that helps keep you active. It's a simple way to stay moving and promote overall well-being.",Exercise During Pregnancy,Importance of walking and exercise during pregnancy
What exercises are recommended during pregnancy?,"Walking is beneficial during pregnancy as it provides regular, gentle exercise that helps keep you active. It's a simple way to stay moving and promote overall well-being.",Exercise During Pregnancy,Importance of walking and exercise during pregnancy
what is express,Pump or squeeze milk from the mothers breast.,Express,Express definition
How can parents express milk for their baby if breastfeeding isn't immediately possible?,"If your baby is unable to breastfeed initially, you can express your milk using a breast pump. Hospitals, especially in intensive care wards, usually have breast pumps available and can assist you with expressing milk. Dont worry if only a few drops come out at firstregular stimulation is key to increasing milk production. Remember, newborns have very small stomachs and only need a small amount of milk at the start. Being close to your baby or having skin-to-skin contact before expressing milk can help increase production. If breastfeeding wasnt part of your initial plan, its not too late to try and begin. Additionally, extra minerals or calories can be added to your milk if necessary for your baby's needs.","Expressing milk, breastfeeding, milk production, premature baby care","Expressing milk when baby can't breastfeed, using breast pumps, supporting milk production, adding supplements"
What should you know about eye care during pregnancy?,"Hormonal changes during pregnancy can lead to dry eyes and discomfort. If you experience fluctuating vision, your glasses or contact lenses may no longer be suitable, and you can consult an optometrist for a temporary prescription. Vision typically stabilizes in the months after birth, so its best to wait six to nine months or until you stop breastfeeding before getting a new prescription. However, if you experience sudden vision loss, double vision, or blurry vision, seek medical attention immediately.","Eye Care, Pregnancy","Vision changes, eye discomfort, eye care during pregnancy"
"Balancing attention among children, addressing emotional concerns, involving siblings in pregnancy preparations.","Pregnancy can bring mixed emotions for older children, from jealousy to confusion. To help them adjust, provide reassurance, involve them in preparations, and continue to show affection to ensure they feel loved and included in the changes.",Family Adjustments During Pregnancy,"Older children's feelings, sibling jealousy, emotional support, involving children in preparations, family bonding."
How should I dress during pregnancy?,"During pregnancy, opt for comfortable clothing that allows for free body movements. This helps ensure comfort and ease of movement as your body changes.",Fashion Choices During Pregnancy,Recommendations for clothing and footwear during pregnancy
What are recommended clothing options for pregnancy?,"During pregnancy, opt for comfortable clothing that allows for free body movements. This helps ensure comfort and ease of movement as your body changes.",Fashion Choices During Pregnancy,Recommendations for clothing and footwear during pregnancy
What fashion choices should I make during pregnancy?,"During pregnancy, opt for comfortable clothing that allows for free body movements. This helps ensure comfort and ease of movement as your body changes.",Fashion Choices During Pregnancy,Recommendations for clothing and footwear during pregnancy
What shoes are best during pregnancy?,"During pregnancy, opt for comfortable clothing that allows for free body movements. This helps ensure comfort and ease of movement as your body changes.",Fashion Choices During Pregnancy,Recommendations for clothing and footwear during pregnancy
What could be causing my tiredness and weakness?,"Having lower red blood cells than normal, also called being anemic, can cause you to feel tired and weak. Treating the underlying cause of anemia, typically by taking iron and folic supplements, can help restore healthy red blood cells.",Fatigue and Weakness,Causes of feeling tired and weak
Why am I always feeling so exhausted and weak?,"Having lower red blood cells than normal, also called being anemic, can cause you to feel tired and weak. Treating the underlying cause of anemia, typically by taking iron and folic supplements, can help restore healthy red blood cells.",Fatigue and Weakness,Causes of feeling tired and weak
Why do I feel tired and weak?,"Having lower red blood cells than normal, also called being anemic, can cause you to feel tired and weak. Treating the underlying cause of anemia, typically by taking iron and folic supplements, can help restore healthy red blood cells.",Fatigue and Weakness,Causes of feeling tired and weak
"How do you want to feed your baby? Have you discussed your breastfeeding decision with your family and hospital staff? Does your hospital have breastfeeding support? How would you feel about using formula or supplements if needed, especially if your baby is premature?","When planning to feed your baby, decide if you want to breastfeed and communicate this decision to both your family and the staff at your hospital or birthing centre. Ensure that your hospital has knowledgeable staff to assist you with breastfeeding if needed. If your baby is premature or if complications arise, be prepared to consider commercial infant formula or supplements, and discuss your feelings about this possibility with your healthcare team.",Feeding Your Baby,"Breastfeeding plans, hospital support, formula use"
"Why might a fetal monitor be used, and how does it work? What should you do if the monitor is uncomfortable or the heartbeat is not heard?","A fetal monitor is used if the baby needs to be watched more closely, with monitoring either intermittent or continuous. Two sensors are strapped to the abdomenone tracks the baby's heartbeat, and the other records contractions and movements. If the monitor is uncomfortable, you can ask for monitoring breaks to move around. If the heartbeat isn't heard, it's usually due to sensor movement, and staff can adjust it.",Fetal Monitoring,"Monitoring duration, sensors, heartbeat, contractions, movement"
"What is the fetal position, and why does a baby assume it after birth?","The fetal position refers to the curled posture that a baby often assumes during the first few weeks of life, similar to the position they had in the womb. This is a natural and instinctive posture for newborns.",Fetal position,Baby's position after birth
what is a fetus,"Developmental stage of a human being in its  
mother’s womb, from 10 weeks of pregnancy  
until birth.",Fetus,Fetus definition
What does a fever indicate during pregnancy? When should you be concerned about a fever while pregnant?,"A fever during pregnancy indicates an increase in body temperature, usually above 38°C. It could signal an infection that may be harmful to your pregnancy or require treatment. If you have a fever, it is important to consult a health professional to ensure the safety of both you and your baby.",Fever during pregnancy,"Fever as a sign of infection, pregnancy risks"
"When should you consult a health professional for a fever during pregnancy? What medications can you take, and when should you be cautious?","If your fever is between 38°C and 38.4°C and your condition is stable, you can wait up to 24 hours to see if it improves. However, consult a health professional if your fever lasts more than 24 hours, exceeds 38.5°C, or if you feel unwell. If you suspect you have COVID-19, call Info-Santé (8-1-1) for advice. You can take acetaminophen (Tylenol®) to lower your fever, but avoid ibuprofen or aspirin unless directed by your doctor. Always consult a health professional if you need to take acetaminophen for an extended period.",Fever management during pregnancy,"When to seek medical advice for fever, acetaminophen use"
"What are the reasons for feeling feverish, tired, or shaky?",It is important to see your health care provider if you think you have a UTI or any fever.,"Fever, Tiredness, and Shakiness","Symptoms of fever, tiredness, or shakiness"
"What could be causing my fever, tiredness, or shakiness?",It is important to see your health care provider if you think you have a UTI or any fever.,"Fever, Tiredness, and Shakiness","Symptoms of fever, tiredness, or shakiness"
"Why am I experiencing fever, fatigue, and shakiness?",It is important to see your health care provider if you think you have a UTI or any fever.,"Fever, Tiredness, and Shakiness","Symptoms of fever, tiredness, or shakiness"
"Why do I feel fever, tiredness, or shakiness?",It is important to see your health care provider if you think you have a UTI or any fever.,"Fever, Tiredness, and Shakiness","Symptoms of fever, tiredness, or shakiness"
"Why is fiber important during pregnancy, and how can you increase your intake?","Fiber plays a key role in regulating digestion and preventing constipation, which is especially important during pregnancy. To ensure you get enough fiber, include a variety of high-fiber foods in your diet, such as whole grain foods, vegetables, fruits, legumes, nuts, and seeds. Its essential to stay hydrated when increasing your fiber intake, as it helps improve digestion and prevents discomfort. Make these fiber-rich foods a regular part of your meals to maintain good digestive health throughout pregnancy.",Fibre,Importance of fiber during pregnancy and food sources.
What should pregnant women know about Fifth disease?,"Fifth disease, caused by parvovirus B19, is typically contracted during childhood, which provides immunity in adulthood. However, if an unprotected pregnant woman contracts Fifth disease, there is a risk that the fetus may become infected. This infection can lead to complications, including miscarriage, especially before 20 weeks of pregnancy. If you've been in contact with someone who has Fifth disease, it's important to consult your healthcare provider to assess the situation and determine any necessary actions.","Fifth Disease, Pregnancy, Parvovirus B19, Infection, Risk",Fifth disease during pregnancy
What happens in the first moments after the baby is born? How does skin-to-skin contact benefit both the baby and mother? What role does breastfeeding play during this time?,"Immediately after birth, your baby will make his first sounds and be placed on your chest. The care team will ensure he is healthy, drying him off and clearing any secretions from his nose and mouth if needed. Skin-to-skin contact is encouraged, ideally for at least two hours, which helps your baby regulate body heat, breathing, and heartbeat while fostering a sense of safety. This bonding time also facilitates breastfeeding, as your baby will instinctively seek comfort and nourishment from nursing, with assistance from the care team as needed to get started.",First Moments with Baby,"Skin-to-skin contact, newborn care, breastfeeding, bonding, health benefits"
What are your preferences for the first moments with your baby? How do you envision rooming-in and ensuring privacy at the hospital or birthing centre?,"When planning for the first moments with your baby, consider whether you'd like immediate skin-to-skin contact after birth and how you want to handle rooming-in. Check if staying with your baby at all times is possible and encouraged at the hospital or birthing centre. If you have someone with you, decide if they'd be able to stay at all times. In a shared room, ask about measures to ensure privacy and rooming-in. Also, inquire about the hospital's routines and procedures to find out if there are times you can request privacy or rest without disturbance.",First Moments with Your Baby,"Skin-to-skin contact, rooming-in, privacy, and hospital routines"
When is the first prenatal appointment typically scheduled? What will happen during the first prenatal appointment?,"The first prenatal appointment usually takes place between 8 and 11 weeks of pregnancy. This appointment is typically longer than subsequent ones, as your health professional will review your health history and may offer to perform a physical exam.",First Prenatal Appointment,"First appointment timing, health history, physical exam"
Pregnant individuals should be aware of fish species that can have higher levels of mercury and other harmful contaminants.,"While fish is a healthy addition to your pregnancy diet, it's important to be mindful of certain species that may contain contaminants like mercury. To limit exposure, choose fish and seafood that are low in mercury, such as salmon, haddock, sardines, and shrimp. Avoid consuming high-mercury fish like shark, swordfish, and certain types of tuna regularly. Limit your intake of canned white tuna to 300 grams per week, and for vulnerable fish species such as bass and lake trout, its best to avoid regular consumption. By following these precautions, you can enjoy the nutritional benefits of fish without the risk of contaminants.",Fish and Seafood Precautions During Pregnancy,Guidelines for pregnant women on choosing fish and seafood with low mercury and other contaminants.
Pregnant individuals looking for omega-3 fatty acids and essential nutrients to support their babys brain and eye development.,"Including fish and seafood in your pregnancy diet offers numerous benefits, such as protein, vitamin D, magnesium, and iron. Oily fish like salmon, mackerel, herring, sardines, and lake whitefish are especially valuable because they contain omega-3 fatty acids, which play a crucial role in your babys brain and eye development. To enjoy these benefits, aim to incorporate a variety of fish and seafood into your meals while following guidelines on safe consumption to avoid excess mercury exposure.",Fish and Seafood in Pregnancy,Nutritional value of fish and seafood during pregnancy and their role in fetal development.
Pregnant individuals looking for omega-3 fatty acids and essential nutrients to support their baby’s brain and eye development.,"Including fish and seafood in your pregnancy diet offers numerous benefits, such as protein, vitamin D, magnesium, and iron. Oily fish like salmon, mackerel, herring, sardines, and lake whitefish are especially valuable because they contain omega-3 fatty acids, which play a crucial role in your baby’s brain and eye development. To enjoy these benefits, aim to incorporate a variety of fish and seafood into your meals while following guidelines on safe consumption to avoid excess mercury exposure.",Fish and Seafood in Pregnancy,Nutritional value of fish and seafood during pregnancy and their role in fetal development.
How can flat head syndrome be prevented in infants? What happens if a baby develops a flat head?,"Flat head syndrome, or positional plagiocephaly, can occur if a baby remains in the same position, such as in a crib or car seat, for long periods. To prevent this, its important to vary the baby's position while awake, as the bones of their skull are still soft and can flatten with pressure. A slight flattening usually disappears on its own, while more pronounced flatness may become permanent, though it won't affect the babys brain or development.","Flat Head, Positional Plagiocephaly, Infant Sleep","Preventing flat head, positional plagiocephaly, soft skull bones"
Why is folic acid important during pregnancy? What are the best sources of folic acid?,"Folic acid is a vital vitamin for all pregnant women, particularly in the early stages of pregnancy. It plays a crucial role in the development of your babys brain and helps reduce the risk of neural tube defects, such as spina bifida, and other birth defects. Some of the best sources of folic acid include legumes like lentils, beans, and chickpeas; dark green vegetables such as asparagus, spinach, and broccoli; orange fruits like papaya and oranges; sunflower seeds; enriched pasta; and bread made from enriched wheat flour. These foods should be incorporated into your diet to support a healthy pregnancy.",Folic Acid,Importance of folic acid during pregnancy and its food sources.
How should fruits and vegetables be washed? What should you do with damaged or bruised produce? How should food be defrosted safely? What precautions should be taken when handling raw and cooked foods? What should you do with food labels?,"All fruits and vegetables, including those in unsealed packages, should be washed under running potable water before eating or cooking, even if they are to be peeled. For firm fruits and vegetables, a vegetable brush can be used. Discard any damaged or bruised parts of produce as bacteria may develop there, and refrigerate or use cut products immediately. Foods should never be defrosted at room temperature; instead, use the fridge, microwave, or oven to defrost them. Large items like turkey can be defrosted in cold water, changing the water every 30 minutes. Once defrosted in the microwave, food should be cooked right away, and it should not be refrozen unless cooked after thawing. To avoid cross-contamination, keep raw foods like meat, poultry, and fish separate from cooked or ready-to-eat foods, and follow food label instructions for preparation and storage.","Food Handling, Hygiene, Defrosting","Washing fruits and vegetables, handling damaged produce, defrosting methods, avoiding cross-contamination"
"Building a relationship with the baby, seeking support, and preparing for fatherhood.","Attend prenatal appointments, interact with your partners belly, and engage in conversations with other expectant fathers to understand and embrace your new role. Participating in prenatal sessions can boost your confidence in your abilities as a parent.",Future Father/Partner's Experience,"Expectant fathers, involvement, prenatal support, emotional connection, role adaptation."
Recommendations to avoid exposure to toxoplasmosis while gardening.,"When gardening during pregnancy, its important to wear gloves to avoid contact with soil or sand that may be contaminated with toxoplasma from animals, including cats. After gardening, wash your hands thoroughly and ensure that any vegetables or fruits that may have come into contact with the soil are washed properly before consumption. This helps minimize the risk of toxoplasmosis.",Gardening and Pregnancy,Precautions for pregnant women gardening.
"What is the purpose of the genomic test, and how is it performed?","The genomic test is used to screen for trisomy 21, 18, and 13. If the biochemical test shows a high risk for trisomy 21 or 18, the genomic test helps to better assess the risk level before considering a diagnostic test. This test is reliable and safe, and it is performed through a blood sample taken from the pregnant woman.","Genomic Test, Trisomy Screening","Genomic test, trisomy 21, 18, and 13, blood test"
How can parents cope with grief after the loss of a baby?,"Grieving the loss of a baby is an intensely personal and emotional journey. At the hospital, some parents may find comfort in holding their baby, dressing her, or taking photos, as these actions can help in processing the loss. An autopsy may be performed to understand the cause of death, and families are usually offered various funeral options, such as cremation or burial.","Grief, baby loss, mourning process, emotional healing","Coping with the emotional aftermath of losing a baby, including the different grieving processes."
What emotions are common after a miscarriage or ectopic pregnancy? Is it normal to grieve? Are there any misconceptions about what causes a miscarriage?,"After a miscarriage or ectopic pregnancy, it is normal to feel sad, distressed, and go through a period of mourning. Emotions such as anger, denial, and confusion are common, and some women may even feel guilty, wrongly believing they caused the loss. However, miscarriage is not caused by stress, fatigue, physical activity, diet, or lifting heavy objects. If you're concerned about future pregnancies, it's helpful to discuss these concerns with your health professional.",Grieving after pregnancy loss,Emotional reactions to miscarriage or ectopic pregnancy; myths about causes; seeking support.
How do people grieve after losing an unborn child? Do men and women grieve the same way? How can you get help with grief or inform family and friends? Are there any benefits available for the loss of an unborn child after 19 weeks?,"The grieving process after losing an unborn child is personal and influenced by individual circumstances. Some may bond emotionally with their child early, while for others, the loss represents the end of their parenting plans. Grief is experienced differently by men and women, and individuals may go through stages of grief at varying times. It's important to give yourself time and space to grieve. If you need help informing others, consider talking to someone who has experienced similar loss or seeking advice from a health professional. Additionally, if your baby dies after 19 weeks or after birth, you may be entitled to benefits under the Québec Parental Insurance Plan.",Grieving the loss of an unborn child,"Emotional impact of pregnancy loss, grieving process, seeking support, informing others, and parental benefits."
Can my baby get HIV if I am HIV positive?,"There's a risk of transmission, but it's significantly reduced if you consistently take your ARVs as prescribed.",HIV and Pregnancy,Addressing concerns about HIV transmission to unborn babies during pregnancy.
"If I have HIV, can my baby be born with it?","There's a risk of transmission, but it's significantly reduced if you consistently take your ARVs as prescribed.",HIV and Pregnancy,Addressing concerns about HIV transmission to unborn babies during pregnancy.
Is it possible for my baby to contract HIV from me?,"There's a risk of transmission, but it's significantly reduced if you consistently take your ARVs as prescribed.",HIV and Pregnancy,Addressing concerns about HIV transmission to unborn babies during pregnancy.
What are the chances of my baby getting HIV if I am HIV positive?,"There's a risk of transmission, but it's significantly reduced if you consistently take your ARVs as prescribed.",HIV and Pregnancy,Addressing concerns about HIV transmission to unborn babies during pregnancy.
"Hair treatments are generally safe, but workplace exposure should be discussed with a healthcare provider.","Hair products and treatments, including dyes, colouring shampoos, highlights, and perms, are generally safe for pregnant women and their fetus. However, if you are exposed to these products regularly as part of your work, it is advisable to discuss the matter with your healthcare professional.",Hair Products and Treatments during Pregnancy,"Safety of hair dyes, shampoos, highlights, and perms during pregnancy."
Alcohol during pregnancy can cause significant harm to the fetus.,"Alcohol can have numerous harmful effects during pregnancy, including increasing the risk of miscarriage, hypertension, and placental abnormalities. It can also negatively affect the development of organs in the fetus, leading to birth defects and health problems. The brain is especially vulnerable to alcohol exposure, and damage to the baby's brain can lead to learning and behavioral disorders that may affect the child throughout their life. Since the placenta does not filter alcohol, it is recommended not to drink alcohol at any stage of pregnancy, including all trimesters. If you have consumed alcohol during pregnancy or before knowing you were pregnant, it's important to consult your health professional.",Harmful Effects of Alcohol During Pregnancy,Impact of alcohol consumption on pregnancy and fetal development.
How do I alleviate headaches in the forehead during pregnancy?,Headaches around the forehead during pregnancy may indicate high blood pressure. It's important to get your blood pressure checked and managed medically right away.,Headaches During Pregnancy,"Advice on managing headaches during pregnancy, particularly around the forehead"
How should I manage headaches around my forehead during pregnancy?,Headaches around the forehead during pregnancy may indicate high blood pressure. It's important to get your blood pressure checked and managed medically right away.,Headaches During Pregnancy,"Advice on managing headaches during pregnancy, particularly around the forehead"
Remedies for headaches around the forehead during pregnancy?,Headaches around the forehead during pregnancy may indicate high blood pressure. It's important to get your blood pressure checked and managed medically right away.,Headaches During Pregnancy,"Advice on managing headaches during pregnancy, particularly around the forehead"
What can I do for headaches in the forehead area while pregnant?,Headaches around the forehead during pregnancy may indicate high blood pressure. It's important to get your blood pressure checked and managed medically right away.,Headaches During Pregnancy,"Advice on managing headaches during pregnancy, particularly around the forehead"
Understanding eligibility and procedures for workplace safety programs.,"If you are pregnant or breastfeeding and believe your working conditions could be harmful to your health or your babys, discuss your concerns with your prenatal care provider. In Québec, the For a Safe Maternity Experience (PMSD) program offered by CNESST may provide support.",Health and Safety at Work During Pregnancy,Workplace accommodations for pregnant or breastfeeding women in Québec.
What health professionals are available for prenatal care? How can you find information about available services? What options exist for midwife services during pregnancy?,"Health professionals who provide prenatal care include midwives, obstetrician/gynaecologists, family doctors, and primary health care nurse practitioners, though nurse practitioners do not attend deliveries. To find information about services like hospitals, birthing centres, doulas, and prenatal classes, contact local health professionals or clinics. If you're interested in midwife services, reach out to your local CLSC at the start of your pregnancy to inquire about availability in your area.",Health professionals and services,"Prenatal care providers, access to services, midwife options"
"What causes heartburn and acid reflux during pregnancy, and how can they be relieved? When should you seek medical help?","Heartburn and acid reflux commonly begin at the start of pregnancy and may worsen as the pregnancy progresses. Hormonal changes slow digestion, causing stomach fluids to move into the esophagus. To relieve symptoms, avoid eating or drinking before bed, sleep with your head elevated, wear loose clothing, and eat smaller meals more frequently. Additionally, eating protein-rich foods, reducing fatty foods, citrus fruits, tomatoes, and spices, as well as reducing caffeine intake, can help. If symptoms persist or are accompanied by fever, nausea, vomiting, or severe headache, consult your prenatal care provider.",Heartburn and acid reflux during pregnancy,"Causes, relief strategies, when to seek medical advice"
"What causes hemorrhoids during pregnancy, and how can they be relieved? When should you seek medical help?","Hemorrhoids are common during the 2nd and 3rd trimesters, affecting 30% to 40% of pregnant women. They are caused by the pressure from the expanding uterus on veins near the anus, and constipation can make the symptoms worse. To relieve hemorrhoids, consider taking sitz baths and follow constipation relief strategies. If the pain persists, consult your pharmacist for recommended products or see a doctor or prenatal care provider for further assistance.",Hemorrhoids during pregnancy,"Causes, relief strategies, when to seek medical advice"
"Which herbal teas are considered safe during pregnancy, and which should be avoided?","During pregnancy, certain herbal teas can have negative effects, such as triggering contractions, while others lack sufficient scientific evidence regarding their safety. According to Health Canada, herbal teas made from orange or other citrus peel, ginger, and rosehip are generally considered safe when consumed in moderation (no more than two to three cups per day). Its advisable to vary your herbal tea selection rather than drinking the same type daily. Additionally, some mixed or herbal teas contain ingredients that are not recommended during pregnancy, so always check the ingredients before purchase.",Herbal Teas,Safety of herbal teas during pregnancy.
Is it safe to use herbs during pregnancy?,"It is generally advised to avoid unprescribed herbs during pregnancy. For example, herbs like Licorice, aloe, barberry, black cohosh, blue cohosh, dong quai, feverfew, goldenseal, juniper, wild yam, and motherwort are not recommended.",Herbs to Avoid During Pregnancy,Advice on herbs and herbal supplements to avoid during pregnancy
Should I take precautions with herbal supplements during pregnancy?,"It is generally advised to avoid unprescribed herbs during pregnancy. For example, herbs like Licorice, aloe, barberry, black cohosh, blue cohosh, dong quai, feverfew, goldenseal, juniper, wild yam, and motherwort are not recommended.",Herbs to Avoid During Pregnancy,Advice on herbs and herbal supplements to avoid during pregnancy
What herbs should I avoid during pregnancy?,"It is generally advised to avoid unprescribed herbs during pregnancy. For example, herbs like Licorice, aloe, barberry, black cohosh, blue cohosh, dong quai, feverfew, goldenseal, juniper, wild yam, and motherwort are not recommended.",Herbs to Avoid During Pregnancy,Advice on herbs and herbal supplements to avoid during pregnancy
Which herbs are not recommended during pregnancy?,"It is generally advised to avoid unprescribed herbs during pregnancy. For example, herbs like Licorice, aloe, barberry, black cohosh, blue cohosh, dong quai, feverfew, goldenseal, juniper, wild yam, and motherwort are not recommended.",Herbs to Avoid During Pregnancy,Advice on herbs and herbal supplements to avoid during pregnancy
What are the reasons for elevated blood pressure?,"High blood pressure during pregnancy could be caused by being overweight or obese, not getting enough physical activity, smoking, drinking alcohol, first-time pregnancy, a family history of pregnancy-related hypertension, carrying more than one child, age (over 35), assistive reproductive technology (such as in vitro fertilization, or IVF), and having diabetes or certain autoimmune diseases.",High Blood Pressure,Causes of high blood pressure
What could be causing my high blood pressure?,"High blood pressure during pregnancy could be caused by being overweight or obese, not getting enough physical activity, smoking, drinking alcohol, first-time pregnancy, a family history of pregnancy-related hypertension, carrying more than one child, age (over 35), assistive reproductive technology (such as in vitro fertilization, or IVF), and having diabetes or certain autoimmune diseases.",High Blood Pressure,Causes of high blood pressure
Why do I have hypertension?,"High blood pressure during pregnancy could be caused by being overweight or obese, not getting enough physical activity, smoking, drinking alcohol, first-time pregnancy, a family history of pregnancy-related hypertension, carrying more than one child, age (over 35), assistive reproductive technology (such as in vitro fertilization, or IVF), and having diabetes or certain autoimmune diseases.",High Blood Pressure,Causes of high blood pressure
Why is my blood pressure high?,"High blood pressure during pregnancy could be caused by being overweight or obese, not getting enough physical activity, smoking, drinking alcohol, first-time pregnancy, a family history of pregnancy-related hypertension, carrying more than one child, age (over 35), assistive reproductive technology (such as in vitro fertilization, or IVF), and having diabetes or certain autoimmune diseases.",High Blood Pressure,Causes of high blood pressure
What are the reasons for high blood sugar during pregnancy?,"Gestational diabetes is diabetes diagnosed for the first time during pregnancy. It causes high blood sugar that can affect your pregnancy and your baby's health. Some risk factors include being overweight or obese, not being physically active, having prediabetes, having had gestational diabetes during a previous pregnancy, having polycystic ovary syndrome, having an immediate family member with diabetes, and having previously delivered a baby weighing more than 9 pounds (4.1 kilograms).",High Glucose Levels,Causes of high glucose levels
What could be causing my high blood sugar?,"Gestational diabetes is diabetes diagnosed for the first time during pregnancy. It causes high blood sugar that can affect your pregnancy and your baby's health. Some risk factors include being overweight or obese, not being physically active, having prediabetes, having had gestational diabetes during a previous pregnancy, having polycystic ovary syndrome, having an immediate family member with diabetes, and having previously delivered a baby weighing more than 9 pounds (4.1 kilograms).",High Glucose Levels,Causes of high glucose levels
Why are my glucose levels high?,"Gestational diabetes is diabetes diagnosed for the first time during pregnancy. It causes high blood sugar that can affect your pregnancy and your baby's health. Some risk factors include being overweight or obese, not being physically active, having prediabetes, having had gestational diabetes during a previous pregnancy, having polycystic ovary syndrome, having an immediate family member with diabetes, and having previously delivered a baby weighing more than 9 pounds (4.1 kilograms).",High Glucose Levels,Causes of high glucose levels
Why do I have elevated glucose levels?,"Gestational diabetes is diabetes diagnosed for the first time during pregnancy. It causes high blood sugar that can affect your pregnancy and your baby's health. Some risk factors include being overweight or obese, not being physically active, having prediabetes, having had gestational diabetes during a previous pregnancy, having polycystic ovary syndrome, having an immediate family member with diabetes, and having previously delivered a baby weighing more than 9 pounds (4.1 kilograms).",High Glucose Levels,Causes of high glucose levels
What is hypertension during pregnancy? How is it managed? Can hypertension lead to induced labor?,"Hypertension during pregnancy occurs when a woman's blood pressure is higher than normal. To manage it, health professionals typically recommend blood work, a urine sample, and treatment to lower the blood pressure. In some cases, hospitalization may be required. Depending on the stage of pregnancy and the health of the mother and baby, inducing labor may be necessary, with the medical team deciding the best time for delivery.",High blood pressure during pregnancy,"Hypertension, blood pressure, treatment, hospitalization, inducing labor."
When can you start using a hormonal IUD after childbirth if there are no contraindications?,"You can start using a hormonal IUD at any time after giving birth, depending on your state of health, as long as there are no contraindications.",Hormonal IUD,Timing for starting hormonal IUD after birth
"How do hormonal contraceptives affect milk production, and what should you do if theres a problem?","Hormonal contraceptives typically do not affect milk quality or baby health. However, combined hormonal contraceptives may cause a slight drop in milk production. If this occurs, consult a lactation consultant, midwife, doctor, or CLSC nurse. Hormonal IUDs, contraceptive injections, and progestin-only pills are unlikely to affect breastfeeding, but if problems arise, seek advice from a healthcare professional.",Hormonal contraceptives and milk production,Effects of hormonal contraceptives on breastfeeding
"How do hormonal contraceptives affect milk production, and what should you do if there’s a problem?","Hormonal contraceptives typically do not affect milk quality or baby health. However, combined hormonal contraceptives may cause a slight drop in milk production. If this occurs, consult a lactation consultant, midwife, doctor, or CLSC nurse. Hormonal IUDs, contraceptive injections, and progestin-only pills are unlikely to affect breastfeeding, but if problems arise, seek advice from a healthcare professional.",Hormonal contraceptives and milk production,Effects of hormonal contraceptives on breastfeeding
"How long is the typical stay at a hospital or birthing centre? What are some important tasks and considerations during your stay? Why is rooming-in encouraged, and what should you do before leaving the hospital?","After childbirth, your hospital stay typically lasts 24 to 36 hours after a vaginal delivery or 36 to 48 hours after a caesarean section, while stays at birthing centres are usually about 24 hours. During this time, it's a great opportunity to bond with your baby and learn about caring for her. Hospitals often encourage rooming-in, which allows you to feed your baby on demand and begin breastfeeding, with a nurse nearby for assistance. Before leaving, ensure your baby has a car seat, as it's mandatory for travel. If you have any questions about vaccinations, you can meet with a vaccination counselor. Additionally, you'll need to complete any necessary paperwork for the birth.",Hospital and birthing centre stay,"Duration of stay, rooming-in, car seat, vaccination counselor"
What suggestions can help make a hospital stay easier for parents of a hospitalized baby? How can parents stay connected with their baby during this time?,"Many parents prefer to stay with their baby during hospitalization, either by taking turns with their partner or spending the night together. Its important to ask the hospital if they offer rooming-in options, although space may be limited. Even if the baby is in an incubator, parents can still encourage breastfeeding and milk production by stimulating their breasts early on. Parents should ask for help with holding their baby or engaging in skin-to-skin contact if possible. If holding the baby is not an option, placing something with the parent's scent near the baby, such as a scarf or piece of clothing, can provide comfort.","Hospital stay, breastfeeding, skin-to-skin, parental support","Coping with babys hospitalization, skin-to-skin, rooming-in, milk production"
How can parents manage hospital visits and support siblings during a newborn's hospitalization?,"If your baby is in the hospital, you may be able to have visitors, including your other children or loved ones. However, make sure that visitors are healthy and do not have any infections, such as a cold or cold sore, as these can be serious for a newborn. It's also important to address any concerns your other children may have. They might feel worried or guilty about the baby's health, and it can be helpful to reassure them that the situation is not their fault. Slightly older siblings may also feel jealous, thinking their feelings caused the complications. To support them, try to involve them in caring for the baby when possible, as this can help them feel included and reduce negative emotions.","Hospital visits, siblings, newborn care, family communication",Managing hospital visits and supporting siblings during newborn hospitalization
Are hot sweats normal during pregnancy?,"During pregnancy, it's normal for your body temperature to rise slightly, leading to hot sweats. Sweating is your body's natural way of cooling down and regulating temperature to prevent overheating.",Hot Sweats During Pregnancy,Understanding hot sweats and body temperature changes during pregnancy
Is it common to have hot flashes during pregnancy?,"During pregnancy, it's normal for your body temperature to rise slightly, leading to hot sweats. Sweating is your body's natural way of cooling down and regulating temperature to prevent overheating.",Hot Sweats During Pregnancy,Understanding hot sweats and body temperature changes during pregnancy
What causes hot sweats during pregnancy?,"During pregnancy, it's normal for your body temperature to rise slightly, leading to hot sweats. Sweating is your body's natural way of cooling down and regulating temperature to prevent overheating.",Hot Sweats During Pregnancy,Understanding hot sweats and body temperature changes during pregnancy
Why am I experiencing hot sweats while pregnant?,"During pregnancy, it's normal for your body temperature to rise slightly, leading to hot sweats. Sweating is your body's natural way of cooling down and regulating temperature to prevent overheating.",Hot Sweats During Pregnancy,Understanding hot sweats and body temperature changes during pregnancy
Recommendations for using cleaning products safely during pregnancy.,"Pregnant women can generally use common household cleaning products like dishwasher detergent, laundry detergent, window cleaner, and all-purpose cleaners safely. However, corrosive products like bleach and oven cleaners can irritate the respiratory system and may cause burns if not handled properly, though they do not pose harm to the baby when inhaled in low concentrations. It's important to use heavy-duty cleaning products and air fresheners with caution, as they may release toxic substances. Always read and follow the instructions on product labels to ensure safety.",Household Products During Pregnancy,Safe use of cleaning products during pregnancy.
Can using an IUD lead to UTIs?,"IUDs themselves do not directly cause UTIs, but maintaining high hygiene standards is crucial to prevent infections.",IUD and UTI Relationship,Clarifying the relationship between IUDs and UTIs.
Do IUDs increase the risk of UTIs?,"IUDs themselves do not directly cause UTIs, but maintaining high hygiene standards is crucial to prevent infections.",IUD and UTI Relationship,Clarifying the relationship between IUDs and UTIs.
Is it true that IUDs are linked to UTIs?,"IUDs themselves do not directly cause UTIs, but maintaining high hygiene standards is crucial to prevent infections.",IUD and UTI Relationship,Clarifying the relationship between IUDs and UTIs.
Why is hygiene important when using an IUD?,"IUDs themselves do not directly cause UTIs, but maintaining high hygiene standards is crucial to prevent infections.",IUD and UTI Relationship,Clarifying the relationship between IUDs and UTIs.
What are the effects of different types of violence during pregnancy? Why is it important to seek help if you are experiencing violence?,"All forms of violencepsychological, verbal, physical, sexual, or economiccan have severe effects on both the woman's and the child's health. Victims of violence may feel ashamed or afraid of being judged, which can lead to isolation. However, it is crucial to break the silence and talk to someone you trust, as violence rarely stops on its own. Seeking support is essential for ensuring both your safety and the safety of your child.",Impact of domestic violence during pregnancy,"Consequences on health, breaking the silence, seeking help."
Can the implant migrate to the heart?,"No, that's a misconception. The implant is inserted just under the skin in the arm and cannot move to the heart.",Implant Misconceptions,Correcting misconceptions about contraceptive implants.
Does the implant move to the heart?,"No, that's a misconception. The implant is inserted just under the skin in the arm and cannot move to the heart.",Implant Misconceptions,Correcting misconceptions about contraceptive implants.
Is there a risk of the implant reaching the heart?,"No, that's a misconception. The implant is inserted just under the skin in the arm and cannot move to the heart.",Implant Misconceptions,Correcting misconceptions about contraceptive implants.
Why do people think the implant moves to the heart?,"No, that's a misconception. The implant is inserted just under the skin in the arm and cannot move to the heart.",Implant Misconceptions,Correcting misconceptions about contraceptive implants.
"Why is labour induced, and when might it be necessary? What situations might lead to induction, and what should you discuss with your healthcare provider?","Labour is induced for medical reasons, such as when the water has broken but contractions have not started, or if the pregnancy has surpassed 41 weeks. In rare cases, the health of the mother or baby may also require induction. It is important to discuss the reasons for induction and its potential risks with your healthcare provider.",Inducing Labour,"Medical reasons for induction, health of mother or baby, after 41 weeks, water breaking without contractions"
"Why is monitoring used when inducing or stimulating labour with drugs, and how long does it continue?",Monitoring is used when inducing or stimulating labour with drugs to ensure the baby's well-being and to assess the frequency of contractions. This monitoring continues until the baby is born.,Inducing or Stimulating Labour,"Monitoring during induction or stimulation, ensuring babys well-being"
"What are Info-Santé and Info-Social, and what services do they provide? How can you access these services? Are these services confidential, and are they available everywhere?","Info-Santé and Info-Social are confidential, free hotline services available throughout Québec, offering health and psychosocial support. Info-Santé provides advice on health-related concerns for you and your baby, while Info-Social addresses psychological and social issues, offering support for challenges like anxiety, relationship problems, or financial difficulties. These services are available 24/7 by dialing 8-1-1. However, in some remote regions, you will need to contact your prenatal care provider for the local number.","Info-Santé, Info-Social","Availability of hotline services, health and psychosocial support, access and confidentiality"
Understanding the differences in feeding methods and the importance of recognizing hunger cues.,"While expressed milk can be fed through a bottle if necessary, its important to recognize that sucking from a bottle is different from breastfeeding. The milk flow is faster from a bottle, and the babys mouth movements differ, which can lead to breastfeeding difficulties if used frequently. If a pacifier is used, it may obscure the babys hunger cues, potentially leading to missed feedings and affecting milk production. Before offering a pacifier, ensure the baby isnt hungry or in need of comfort, to support healthy milk production and feeding.",Information and precautions regarding bottles and pacifiers,Addressing potential impacts of bottle-feeding and pacifier use on breastfeeding.
"Use DEET, icaridin, or soybean oil-based repellents, ensuring proper concentrations.","If you need to use insect repellent during pregnancy, choose one with DEET, icaridin, or soybean oil. DEET- and icaridin-based products protect against both mosquitoes and ticks, while soybean oil-based products only protect against mosquitoes. Ensure that the DEET concentration does not exceed 30%, icaridin is no more than 20%, and soybean oil is no more than 2%. Always read the label for protection duration and reapply only as needed.",Insect Repellent during Pregnancy,"Safe use of insect repellent during pregnancy, including recommended ingredients and concentrations."
"Questions often arise such as, ""Does my insurance cover hospital stays and childbirth in another country?"" or ""Am I and my baby insured while traveling abroad?""","Before traveling abroad during pregnancy, ensure that your insurance policy covers medical expenses in the event of hospitalization or childbirth, including for your baby. This coverage is especially critical in cases of premature birth, where intensive care can incur significant costs. While Régie de lassurance maladie du Québec reimburses the equivalent cost of care in Québec, medical expenses abroad may be higher, and you could face a substantial bill if you and your baby are not adequately insured. Always confirm coverage with your insurer before departure.",Insurance and Pregnancy,"Importance of ensuring adequate insurance coverage when traveling abroad, particularly for medical care during pregnancy and birth."
"What interventions may be considered during childbirth, and how can you plan for them? What should you know about these procedures, and how can you prepare for unexpected situations like a caesarean birth?","When preparing your birth plan, consider the possible interventions available at your hospital or birthing centre, such as labour induction, fetal monitoring, epidurals, and episiotomy. Ask about the reasons for these procedures and their potential effects on you and your baby. Decide which procedures you'd like to have during delivery and which ones you prefer to refuse. Also, prepare for unexpected developments, including the possibility of a caesarean birth, and decide whether you'd like someone with you during the procedure.",Interventions During Childbirth,"Possible interventions, reasons, effects, and unexpected developments"
How can you recognize intestinal cramps? What symptoms are associated with intestinal cramps?,"Intestinal cramps are characterized by pain throughout the abdomen, which can be caused by conditions like diarrhea or constipation. The discomfort typically comes from the intestines and is often associated with changes in bowel movements. Unlike other types of abdominal pain, intestinal cramps are usually linked to digestive issues.",Intestinal cramps,Symptoms of intestinal cramps and their causes
what is an Inverted nipple,Nipple that is retracted into the breast.,Inverted nipple,Inverted nipple definition
Why is iron essential during pregnancy? What are the effects of iron deficiency?,"Iron is crucial during pregnancy as it helps increase blood volume and supports the growth of the baby and placenta. It also enables the baby to store important iron reserves for the first few months of life. During pregnancy, your iron requirements are higher than at any other stage of life. Iron deficiency can lead to anemia in the mother and cause health problems for the baby. Ensuring adequate iron intake is vital for both maternal and fetal health.",Iron,Importance of iron during pregnancy.
"When does labor typically begin, and what are the signs? How do you know if your mucus plug has been lost, and does it signal the start of labor?","Labor usually begins spontaneously between 37 and 42 weeks of pregnancy, and while the expected delivery date is a guideline, it's not a strict deadline. If labor doesn't begin by 41 weeks, your doctor or midwife may suggest tests to determine if induction is necessary. The mucus plug, which may be lost in stages and sometimes tinged with blood, doesnt always signal that labor has started. While its loss is one sign, other signs, such as contractions or waters breaking, should follow to indicate the onset of labor.",Labor Onset and Mucus Plug,"Timing of labor, mucus plug, and signs of labor"
what is  Labour,"Process by which the baby passes from the uterus 
to the outside world, primarily through contractions 
of the uterus.",Labour,Labour definition
"Why is monitoring used during labour, and in what situations is it necessary?","Monitoring during labour is used to ensure the baby is doing well, to track the frequency of contractions, and to observe how the baby is handling them. It is necessary if there are concerns about the baby's well-being, if you request an epidural, are planning a VBAC, or have a high-risk pregnancy. In a normal, uncomplicated pregnancy, the babys heart will be checked regularly with an ultrasound machine.",Labour Monitoring,"Reasons for monitoring during labour, when its necessary"
Pregnant women experiencing lactose intolerance may seek advice on how to manage their condition while ensuring adequate calcium and nutrient intake.,"If you are lactose intolerant, there are various options to maintain proper nutrition during pregnancy. Lactose-free milk, yogurt, and cheese are readily available and provide similar benefits as regular dairy products. Fortified soy beverages are excellent lactose-free alternatives that offer essential nutrients. Additionally, tablets or drops that assist in digesting lactose can be helpfulconsult your pharmacist for guidance. These solutions can help you meet your nutritional needs without discomfort.",Lactose Intolerance and Pregnancy,Managing lactose intolerance during pregnancy by choosing suitable alternatives and aids for digestion.
"Lack of scientific studies, precautionary advice.","There have been no scientific studies on the risk of electrolysis and laser hair removal for pregnant women and their unborn babies. As a precaution, it is recommended that you avoid these hair removal methods until after you give birth.",Laser Hair Removal and Electrolysis,Safety of electrolysis and laser hair removal during pregnancy.
What happens during the latent phase of labor? How can you differentiate between early labor and false labor? When should you go to the hospital during the latent phase?,"The latent phase of labor involves contractions that are usually not very strong and may feel irregular and short. During this phase, it can be hard to determine whether it's the start of labor or false labor. You may still be able to talk during contractions. Its important to stay calm, rest, eat, and shower if desired. The phase can be long or short, and you dont need to go to the hospital unless your water breaks or you no longer feel the baby moving. If contractions weaken or stop, its considered false labor, which is preparatory labor helping to ripen the cervix.",Latent Phase of Labor,"Early labor, contractions, false labor, cervix ripening, hospital visit"
"When do leg cramps typically occur during pregnancy? What causes them, and what are some relief methods? When should you consult a doctor?","Leg cramps often occur during the second half of pregnancy and affect more than 50% of pregnant women. They are caused by the build-up of lactic and pyruvic acids in the leg muscles, leading to painful cramps, which usually happen at night. To relieve cramps, stretch the leg by pointing your toes upward, massage the affected muscles, get out of bed, and walk around. If discomfort or soreness persists the next day, it's generally not serious. However, if you experience intense, persistent pain with swelling, it's important to consult your health professional immediately.",Leg cramps during pregnancy,"Causes, relief, when to seek medical help"
"Pregnant individuals seeking protein-rich, high-fiber, and affordable food options to enhance their diet.","Legumes, nuts, and seeds are flavorful, nutritious, and versatile plant-based protein sources that can add variety to your meals. Rich in fiber, these foods support digestion and overall health during pregnancy. Legumes like lentils, chickpeas, and beans are affordable and easy to incorporate into soups, salads, and stews. Nuts and seeds make excellent snacks or can be added to meals for added texture and nutrition. Including these options in your diet ensures a balanced intake of essential nutrients for you and your baby.","Legumes, Nuts, and Seeds in Pregnancy","The nutritional value and versatility of legumes, nuts, and seeds as plant-based protein sources during pregnancy."
"What causes ligament pain during pregnancy? When do you experience ligament pain, and is it dangerous?","Ligament pain during pregnancy is caused by the stretching of the ligaments in the lower abdomen. It typically occurs when you move, exert yourself physically, walk for long periods, or turn over at night. This pain is more common during second pregnancies and is not dangerous for you or your baby. It is a normal part of pregnancy as your body adjusts to the growing baby.",Ligament pain,Symptoms of ligament pain during pregnancy
"Apply to clothes, wear protective clothing.","To reduce exposure to insect repellents, consider applying them to your clothes instead of directly on your skin. Additionally, wearing long pants and light-colored clothing can help protect against insect bites.",Limiting Exposure to Insect Repellents,Alternative methods to reduce exposure to insect repellents during pregnancy.
"How can food become contaminated with listeriosis bacteria? What foods are most likely to transmit listeriosis, and how can they be prevented?","Listeriosis bacteria, Listeria monocytogenes, can be found in the environment and is capable of thriving in cold temperatures, such as in household refrigerators or grocery store refrigeration sections. It can contaminate both raw and cooked foods, especially through cross-contamination from raw food. Foods infected with listeriosis bacteria appear normal, with no visible signs of spoilage. To prevent listeriosis, food must be cooked or reheated to a safe internal temperature to destroy the bacteria. The foods most likely to carry listeriosis are low-acid, high-water content foods that haven't been properly cooked or industrially processed to kill the bacteria. Additionally, ready-to-eat foods stored improperly or for extended periods in the refrigerator, or those that aren't cooked before consumption, can carry high risks.","Listeriosis, Foods, Contamination, Prevention","Listeria monocytogenes, contamination sources, food safety, risk foods"
What is listeriosis and what causes it? How does listeriosis affect pregnant women? What are the symptoms and complications of listeriosis during pregnancy?,"Listeriosis is a rare disease caused by the bacteria Listeria monocytogenes. While typically harmless for healthy adults, pregnant women face a higher risk, and it can lead to serious complications. The symptoms of listeriosis in pregnant women often resemble flu-like symptoms, including fever, chills, fatigue, headache, and muscle or joint pain. In rare cases, it can also cause digestive issues like vomiting, nausea, cramps, diarrhea, and constipation. The bacteria can pass through the placenta, leading to severe outcomes such as miscarriage, premature delivery, stillbirth, or serious infections in the baby, including blood poisoning and meningitis.","Listeriosis, Pregnancy, Risks, Symptoms","Listeria monocytogenes, effects on pregnancy, complications, symptoms"
"Some women embrace the changes, viewing them as signs of the baby's development, while others may struggle with accepting their new body image, especially given the discomfort and symptoms of pregnancy.","It's important to give yourself time to adjust to these changes, as they are a testament to your body's incredible ability to nurture and bring new life. If you're feeling discomfort or dissatisfaction, it's helpful to talk to someone you trust.",Living with the Changes,"Pregnancy can bring about various physical transformations, and each woman experiences these changes differently. These transformations may affect a woman's self-image and comfort with her body."
"What is lochia, and how does the blood loss change after childbirth? When should you consult a healthcare provider? What should you use for managing the discharge?","Lochia refers to the blood loss after childbirth, which can be heavier than menstruation during the first couple of days and then gradually decreases. If the bleeding increases rather than decreases, it's important to consult your healthcare provider. Passing blood clots is common, especially in the morning or after breastfeeding, and as long as the bleeding lessens afterward, there's no cause for concern. The color of the discharge changes over time from pink to brown, and eventually yellow. Lochia typically lasts between three to six weeks, and during this period, it's recommended to use sanitary pads instead of tampons or a menstrual cup.",Lochia and Postpartum Bleeding,"Blood loss after childbirth, passing clots, changes in discharge color and texture, use of sanitary pads"
"What is the significance of losing amniotic fluid during pregnancy, and what should you do if it happens? How can you tell if its amniotic fluid, and what does it mean if your waters break before or after 37 weeks?","Loss of amniotic fluid can indicate the start of labor. If you suspect you are losing amniotic fluid, or if you are unsure, you should contact your midwife, birthing facility, or go to the hospital. If your waters break before 37 weeks, it poses a risk to the baby and requires immediate attention. If your waters break at or after 37 weeks, you should go to the hospital or birthing center to ensure proper care.",Loss of amniotic fluid,Amniotic fluid discharge and its significance
"What is the significance of losing amniotic fluid during pregnancy, and what should you do if it happens? How can you tell if it’s amniotic fluid, and what does it mean if your waters break before or after 37 weeks?","Loss of amniotic fluid can indicate the start of labor. If you suspect you are losing amniotic fluid, or if you are unsure, you should contact your midwife, birthing facility, or go to the hospital. If your waters break before 37 weeks, it poses a risk to the baby and requires immediate attention. If your waters break at or after 37 weeks, you should go to the hospital or birthing center to ensure proper care.",Loss of amniotic fluid,Amniotic fluid discharge and its significance
Is it normal to lose consciousness during pregnancy? What should you do if you experience fainting with other symptoms? When should you seek medical help for fainting?,"While fainting can be normal during pregnancy, it's important to consult a health professional if you experience dizziness or fainting. You should go directly to the emergency room if fainting is accompanied by symptoms like bleeding, severe abdominal pain on one side, chest pain, shoulder pain, or palpitations. Additionally, if youve had a blow to the head or belly, its crucial to see a health professional for evaluation.",Loss of consciousness (fainting) during pregnancy,"Causes, symptoms, and when to seek help"
How can parents cope with the loss of a newborn child?,"The loss of a newborn is an incredibly painful experience, and its important to acknowledge the deep emotional and physical challenges parents may face. While it is rare for a baby to die before birth or in the first few days of life, the causes are typically related to extreme prematurity or birth defects. In the event of a stillbirth, medical professionals often recommend a natural or induced vaginal delivery. This can be especially difficult for the mother, as her body may begin producing milk or experience bleeding after delivery, which can serve as painful reminders of the loss. Parents should allow themselves time to grieve and seek support from counselors, support groups, or loved ones to process this profound loss.","Loss of newborn, grief, coping with loss","Coping with the loss of a newborn, particularly in the case of premature birth or birth defects."
What are the reasons for feeling consistently sad or low?,"Some women experience depression during or after pregnancy. When many of these symptoms occur together and last for more than a week or two at a time, it is probably depression. It is important that the mother visits a health care provider.",Low or Sad Mood,Causes of low or sad mood
What could be causing my low or sad mood?,"Some women experience depression during or after pregnancy. When many of these symptoms occur together and last for more than a week or two at a time, it is probably depression. It is important that the mother visits a health care provider.",Low or Sad Mood,Causes of low or sad mood
Why am I feeling depressed or down?,"Some women experience depression during or after pregnancy. When many of these symptoms occur together and last for more than a week or two at a time, it is probably depression. It is important that the mother visits a health care provider.",Low or Sad Mood,Causes of low or sad mood
Why do I have a low or sad mood?,"Some women experience depression during or after pregnancy. When many of these symptoms occur together and last for more than a week or two at a time, it is probably depression. It is important that the mother visits a health care provider.",Low or Sad Mood,Causes of low or sad mood
Can Malaria lead to a miscarriage?,"Malaria, a parasitic infection transmitted by mosquitoes, is one of the most devastating infectious diseases, killing more than 1 million people annually. Pregnant women infected with malaria typically experience more severe symptoms and outcomes, including higher rates of miscarriage, intrauterine demise, premature delivery, low-birth-weight neonates, and neonatal death. They are also at increased risk for severe anemia and maternal death.",Malaria and Pregnancy,Impact of malaria on pregnancy outcomes
Can malaria cause complications in pregnancy?,"Malaria, a parasitic infection transmitted by mosquitoes, is one of the most devastating infectious diseases, killing more than 1 million people annually. Pregnant women infected with malaria typically experience more severe symptoms and outcomes, including higher rates of miscarriage, intrauterine demise, premature delivery, low-birth-weight neonates, and neonatal death. They are also at increased risk for severe anemia and maternal death.",Malaria and Pregnancy,Impact of malaria on pregnancy outcomes
How does malaria affect pregnancy?,"Malaria, a parasitic infection transmitted by mosquitoes, is one of the most devastating infectious diseases, killing more than 1 million people annually. Pregnant women infected with malaria typically experience more severe symptoms and outcomes, including higher rates of miscarriage, intrauterine demise, premature delivery, low-birth-weight neonates, and neonatal death. They are also at increased risk for severe anemia and maternal death.",Malaria and Pregnancy,Impact of malaria on pregnancy outcomes
What are the risks of malaria during pregnancy?,"Malaria, a parasitic infection transmitted by mosquitoes, is one of the most devastating infectious diseases, killing more than 1 million people annually. Pregnant women infected with malaria typically experience more severe symptoms and outcomes, including higher rates of miscarriage, intrauterine demise, premature delivery, low-birth-weight neonates, and neonatal death. They are also at increased risk for severe anemia and maternal death.",Malaria and Pregnancy,Impact of malaria on pregnancy outcomes
How can I manage stress during pregnancy?,"Managing stress during pregnancy involves practicing deep breathing for relaxation, taking regular rests or breaks between chores, exercising, and maintaining a balanced diet.",Managing Stress During Pregnancy,Techniques for coping with stress during pregnancy
How to deal with stress during pregnancy?,"Managing stress during pregnancy involves practicing deep breathing for relaxation, taking regular rests or breaks between chores, exercising, and maintaining a balanced diet.",Managing Stress During Pregnancy,Techniques for coping with stress during pregnancy
Tips for reducing stress during pregnancy?,"Managing stress during pregnancy involves practicing deep breathing for relaxation, taking regular rests or breaks between chores, exercising, and maintaining a balanced diet.",Managing Stress During Pregnancy,Techniques for coping with stress during pregnancy
What are some ways to cope with stress while pregnant?,"Managing stress during pregnancy involves practicing deep breathing for relaxation, taking regular rests or breaks between chores, exercising, and maintaining a balanced diet.",Managing Stress During Pregnancy,Techniques for coping with stress during pregnancy
"How can massage be used to ease childbirth pain, and what methods might be effective?","Massage can ease childbirth pain by reducing anxiety and helping women cope with contractions. Gentle massage provides comfort, while vigorous massage or acupressure on painful areas can offer relief during contractions, making the experience more manageable.",Massage for Pain Relief,Massage techniques during childbirth
what is Mastitis,Inflammation of the breast. May also be an infection.,Mastitis,Mastitis definition
What risks does measles pose to pregnant women?,"Measles is a highly contagious disease, and pregnant women who contract it may experience a more severe form of the illness. They are also at a higher risk of miscarriage or preterm birth. If you suspect you have been exposed to measles during pregnancy, it's essential to seek medical advice promptly.","Measles, Pregnancy, Infection, Risk, Miscarriage",Measles during pregnancy
Pregnant individuals seeking protein-rich food sources and iron to support baby and placenta growth.,"Meat, game, and poultry are excellent sources of protein and iron, both essential for your babys development and the formation of blood during pregnancy. However, caution is advised when consuming liver, as it contains excessive vitamin A, which is not recommended during pregnancy. If you consume wild game, opt for meat from animals hunted with lead-free ammunition to avoid exposure to lead, which can adversely impact child development. These considerations ensure that you gain the benefits of these foods while minimizing potential risks.","Meat, Game, and Poultry in Pregnancy","Importance of meat, game, and poultry in providing essential nutrients during pregnancy while highlighting necessary precautions."
Is it safe to use over-the-counter medications during pregnancy?,It is generally advised to avoid over-the-counter medications during pregnancy unless they have been recommended or prescribed by your doctor.,Medication Use During Pregnancy,Recommendations regarding medication and medicine usage during pregnancy
Should I take any precautions with medications during pregnancy?,It is generally advised to avoid over-the-counter medications during pregnancy unless they have been recommended or prescribed by your doctor.,Medication Use During Pregnancy,Recommendations regarding medication and medicine usage during pregnancy
What medicines are not recommended during pregnancy?,It is generally advised to avoid over-the-counter medications during pregnancy unless they have been recommended or prescribed by your doctor.,Medication Use During Pregnancy,Recommendations regarding medication and medicine usage during pregnancy
Which medications should I avoid during pregnancy?,It is generally advised to avoid over-the-counter medications during pregnancy unless they have been recommended or prescribed by your doctor.,Medication Use During Pregnancy,Recommendations regarding medication and medicine usage during pregnancy
"What is a membrane sweep and why might a healthcare provider suggest it? How is the procedure performed, and what should you expect afterwards?","A membrane sweep, or stripping the membranes, is a procedure that may be suggested toward the end of pregnancy to help trigger uterine contractions and avoid artificial induction if you reach 41 weeks. It is done during a vaginal exam to assess the cervixs dilation and consistency. The procedure can be uncomfortable or even painful, and some women may experience spotting for up to 24 hours afterward.",Membrane Sweep,"Stripping membranes, procedure for inducing labour, discomfort, spotting"
"What are the different methods used to induce labour, and how do they work? How is the cervix prepared, and what methods might be used to start contractions or break the water?","Labour can be induced through various methods, depending on factors such as cervix ripeness and whether it's a first delivery. To prepare the cervix, hormonal treatments may be used, either vaginally or orally, to soften and thin it. A catheter with a small balloon can also be inserted into the cervix to help open it. Contractions may be induced with medication given intravenously, orally, or vaginally. In some cases, the water may be artificially ruptured, which is a relatively painless procedure that does not harm the baby.",Methods of Inducing Labour,"Cervix ripeness, hormonal treatments, catheter with balloon, medication, rupturing the amniotic membrane"
"What are the causes of bleeding in early pregnancy, and how is miscarriage related to early pregnancy bleeding?","Early pregnancy bleeding is common and may occur due to changes like embryo implantation in the uterus. However, about half of women who experience bleeding early in pregnancy may have a miscarriage. In some cases, miscarriage can happen without any symptoms or bleeding. If you experience bleeding during pregnancy, it's important to seek medical evaluation to determine the cause and ensure proper care.",Miscarriage and mourning,Early pregnancy bleeding and miscarriage
How can miscarriage be managed?,"A miscarriage is the loss of a pregnancy that occurs up to 20 weeks of gestation, with most occurring before 12 weeks. It is often preceded by spotting and intense cramping. Confirmation typically involves ultrasound and blood tests, and if necessary, a procedure called dilation and curettage may be performed to remove uterine contents.",Miscarriage or Fetal Loss,Understanding miscarriage and fetal loss during pregnancy
How is miscarriage diagnosed?,"A miscarriage is the loss of a pregnancy that occurs up to 20 weeks of gestation, with most occurring before 12 weeks. It is often preceded by spotting and intense cramping. Confirmation typically involves ultrasound and blood tests, and if necessary, a procedure called dilation and curettage may be performed to remove uterine contents.",Miscarriage or Fetal Loss,Understanding miscarriage and fetal loss during pregnancy
What causes fetal loss during pregnancy?,"A miscarriage is the loss of a pregnancy that occurs up to 20 weeks of gestation, with most occurring before 12 weeks. It is often preceded by spotting and intense cramping. Confirmation typically involves ultrasound and blood tests, and if necessary, a procedure called dilation and curettage may be performed to remove uterine contents.",Miscarriage or Fetal Loss,Understanding miscarriage and fetal loss during pregnancy
What is a miscarriage?,"A miscarriage is the loss of a pregnancy that occurs up to 20 weeks of gestation, with most occurring before 12 weeks. It is often preceded by spotting and intense cramping. Confirmation typically involves ultrasound and blood tests, and if necessary, a procedure called dilation and curettage may be performed to remove uterine contents.",Miscarriage or Fetal Loss,Understanding miscarriage and fetal loss during pregnancy
How does the risk of miscarriage change with age? What is the miscarriage risk for women over 35 and over 40?,"The risk of miscarriage increases with age. For women aged 35 and older, one in four pregnancies ends in miscarriage. The risk becomes even higher for women aged 40 and over, with about one in two pregnancies ending in miscarriage.",Miscarriage risk with age,"Miscarriage risk increases with age, particularly for women aged 35 and older."
"I forgot to take my contraceptive pill, what should I do?",Take the pill as soon as you remember and then continue with the rest as directed to you.,Missed Contraceptive Pill,Advice on what to do if a contraceptive pill is missed
"Missed taking my birth control pill, what's the next step?",Take the pill as soon as you remember and then continue with the rest as directed to you.,Missed Contraceptive Pill,Advice on what to do if a contraceptive pill is missed
What do I do if I forget to take my contraceptive pill?,Take the pill as soon as you remember and then continue with the rest as directed to you.,Missed Contraceptive Pill,Advice on what to do if a contraceptive pill is missed
What happens if I miss my birth control pill?,Take the pill as soon as you remember and then continue with the rest as directed to you.,Missed Contraceptive Pill,Advice on what to do if a contraceptive pill is missed
"I missed my child's immunization schedule, what do I do now?","As soon as you remember, take your child for the immunization.",Missed Immunization Appointment,Advice on what to do if an immunization appointment is missed
"My child missed their immunization appointment, what should I do next?","As soon as you remember, take your child for the immunization.",Missed Immunization Appointment,Advice on what to do if an immunization appointment is missed
What happens if I forget to take my child for immunization?,"As soon as you remember, take your child for the immunization.",Missed Immunization Appointment,Advice on what to do if an immunization appointment is missed
What should I do if I forget my child's immunization appointment?,"As soon as you remember, take your child for the immunization.",Missed Immunization Appointment,Advice on what to do if an immunization appointment is missed
"After a C-section, how soon can I begin to move around?",You can typically start moving around and walking within 24 hours after a C-section.,Movement After C-Section,Advice on when it's safe to start moving after having a C-section.
How long after a C-section can I start walking?,You can typically start moving around and walking within 24 hours after a C-section.,Movement After C-Section,Advice on when it's safe to start moving after having a C-section.
When can I start moving after a C-section?,You can typically start moving around and walking within 24 hours after a C-section.,Movement After C-Section,Advice on when it's safe to start moving after having a C-section.
"What is a multiple pregnancy? What are the types of twins, and how do they differ?","A multiple pregnancy involves expecting more than one baby, which can be a surprising and life-changing experience for many families. Prenatal care, birth planning, and family life adjustments are necessary to accommodate the new arrivals. There are two types of twins- identical twins, which come from the same egg and sperm, sharing the same genetic makeup, sex, and often a placenta; and fraternal twins, which come from separate eggs and sperm, having different genetic makeups, their own placentas, and potentially different sexes.",Multiple pregnancies,"Twins, prenatal care, identical twins, fraternal twins, family planning."
What physical changes do women with multiple pregnancies experience? What are the risks and nutritional needs for multiple pregnancies? Is vaginal birth possible? What support resources are available?,"Women with multiple pregnancies often experience faster and more intense physical changes, which can result in increased fatigue and discomfort. If these discomforts become bothersome, discussing them with a prenatal care provider is recommended. Multiple pregnancies also come with higher nutritional requirements and an increased risk of complications, including preterm labor, which can lead to premature birth. Premature babies require more specialized care. Despite carrying more than one baby, vaginal birth is often still possible. For additional support, parents can connect with associations and resources for parents of twins and triplets, such as Mamans pieuvres in Québec.",Multiple pregnancies complications,"Pregnancy discomfort, preterm labor, prenatal care, nutritional needs, support for parents of multiples."
"Administration, effects, and side effects of narcotics","Narcotics are analgesics that can be administered via injection into a muscle or vein to relieve pain during the early stages of labor. They reduce pain but do not eliminate it completely. As labor progresses and pain increases, higher doses may be needed. However, the side effects of narcoticssuch as sleepiness, nausea, and changes in heart ratealso intensify with the dose. These medications can affect the baby as well, which is why they are generally not used during the later stages of labor. After birth, the baby may require monitoring for a few hours to ensure the drugs are cleared from their system. Despite these temporary effects, narcotics do not have any long-term consequences for either the mother or the baby.",Narcotics for Pain Relief,Use of narcotics for pain relief during labor
Are natural health products safe during pregnancy? What risks do they pose? How do natural health products differ when used as food or in other forms? What types of natural health products should be avoided?,"Natural health products, including plants, essential oils, supplements, vitamins, and minerals, should be used with caution during pregnancy. Some of these products, or their ingredients, may pose risks, as their effects during pregnancy are not always well understood, and their ingredients may not be clearly listed. While common cooking plants like parsley, basil, and garlic are generally safe, when concentrated into capsules, tablets, or extracts, they can become more potent and potentially harmful. Certain teas and herbal teas may also present risks, so it's important to consult a healthcare professional before using any natural health products during pregnancy.",Natural health products during pregnancy,"Pregnancy, natural health products, safety concerns"
When does nausea and vomiting occur during pregnancy? What are common causes? How can it be managed? When should you see a doctor?,"Nausea and vomiting are common in pregnancy, typically appearing between 3 and 8 weeks and often peaking around 8 weeks. They are caused by hormonal changes, affecting about 75% of pregnant women with nausea and 50% experiencing vomiting. To manage these symptoms, its helpful to eat a light snack, like crackers or toast, before getting up, avoid long periods without food, and eat smaller meals more frequently. It's also beneficial to avoid strong odors, choose foods that are tolerable, and drink between meals. If nausea or vomiting interferes with daily life or leads to weight loss, consult a health professional. Seek immediate medical attention if you experience dehydration signs, such as dry mouth, dark urine, or severe vomiting.",Nausea and vomiting in pregnancy,"Causes, relief, when to seek help"
"What is the purpose of neonatal screening, and what types of screenings are done? How are blood and urine screenings performed for newborns?","Neonatal screening aims to detect rare diseases that are not apparent at birth but can pose serious health risks. Early detection allows for treatment before symptoms appear, preventing severe complications. Blood screening is done within a few days of birth by taking a few drops of blood from the baby's heel. Urine screening is performed when the baby is 21 days old, and parents are given a kit and instructions to collect a small quantity of urine during their hospital or birthing centre stay.","Neonatal screening, early detection","Blood screening, urine screening, rare diseases, health risks"
What care will the nurses and doctors provide to your newborn during your hospital stay? What preventive measures might be suggested for your baby?,"During your hospital or birthing centre stay, the nurses, doctors, or midwives will provide essential care to ensure your newborn's well-being, including preventive measures like administering a vitamin K shot to prevent bleeding and applying antibiotic ointment to your baby's eyes to prevent serious infections. If you have any concerns or questions about your baby's care, don't hesitate to speak with the health professionals.",Newborn care,"Vitamin K shot, antibiotic ointment, preventive care, health professionals"
"What are the characteristics of a newborns eyes, including their color and tear production, and when do they change?","Newborns with lighter skin typically have blue-grey or slate blue eyes, while darker-skinned babies tend to have dark eyes at birth. The eyes generally reach their permanent color around 3 months, though they may continue to change up to a year. Newborns usually cry without producing tears, which typically appear between 1 and 2 months of age.",Newborn eyes,"Eye color, tear production, changes"
"What are the characteristics of a newborn’s eyes, including their color and tear production, and when do they change?","Newborns with lighter skin typically have blue-grey or slate blue eyes, while darker-skinned babies tend to have dark eyes at birth. The eyes generally reach their permanent color around 3 months, though they may continue to change up to a year. Newborns usually cry without producing tears, which typically appear between 1 and 2 months of age.",Newborn eyes,"Eye color, tear production, changes"
"What should parents know about their newborn's genital development and care, and how should they handle potential issues?","In newborn girls, the labia minora may be swollen for the first few days after birth, with a whitish deposit present between the lips of the vulva, which should not be cleaned off as it serves as protection. A small amount of blood from the vagina may also occur due to maternal hormones, which is normal. In boys, the testicles are usually descended into the scrotum, but if not, medical advice should be sought. The foreskin should not be forcibly moved, as it will naturally dilate and descend by around age 3 in most boys. Circumcision is not recommended unless for cultural or religious reasons, as it serves no medical purpose.",Newborn genital care,"Genital development, labia minora, testicles, foreskin, circumcision"
What physical examination will your newborn receive during the hospital or birthing centre stay? What is the purpose of this examination?,"During your stay at the hospital or birthing centre, a health professional will perform a thorough physical examination of your newborn to ensure she is healthy and to identify any potential issues.",Newborn physical examination,"Health check, potential issues, hospital stay"
"What are the characteristics of a newborns skin, including its color and sensitivity, and what changes occur after birth?","A newborn's skin can vary in color, with hands and feet often appearing paler or bluish for up to 48 hours due to temperature regulation. The skin may also appear mottled, which typically resolves once the baby is warm. The skin is soft, smooth, and may be translucent in places, with wrinkling and peeling, especially on the hands and feet. At birth, babies may be covered in vernix caseosa, a white protective coating that will absorb within a few hours or days. Some babies, including preterm ones, may also have fine down-like hair that disappears after a few weeks.",Newborn skin,"Skin color, mottling, vernix caseosa, and sensitivity"
"What are the characteristics of a newborn’s skin, including its color and sensitivity, and what changes occur after birth?","A newborn's skin can vary in color, with hands and feet often appearing paler or bluish for up to 48 hours due to temperature regulation. The skin may also appear mottled, which typically resolves once the baby is warm. The skin is soft, smooth, and may be translucent in places, with wrinkling and peeling, especially on the hands and feet. At birth, babies may be covered in vernix caseosa, a white protective coating that will absorb within a few hours or days. Some babies, including preterm ones, may also have fine down-like hair that disappears after a few weeks.",Newborn skin,"Skin color, mottling, vernix caseosa, and sensitivity"
"What types of skin spots are common in newborns, and how should parents react to them?","Newborns may have small red spots between their eyes, on the eyelids, or along the back of the scalp, which turn white when lightly pressed and become more visible when the baby cries. These spots typically disappear within the first year. Additionally, some babies may have bluish spots on their buttocks or back, which usually fade by age 3. Other marks may be permanent, but theres no need for concern with these temporary spots.",Newborn skin spots,"Red spots, bluish marks, temporary vs. permanent marks"
How do nightmares and night terrors differ? How should parents respond to each? When do these issues typically resolve?,"Many children start experiencing night terrors around age 1, during which they may scream and cry but remain deeply asleep. You dont need to wake them unless theres a risk of injury. Night terrors usually resolve on their own over time. If a child wakes up in a panic, its likely a nightmare, and offering reassurance can help them calm down and return to sleep. Nightmares and night terrors typically decrease as the child grows, and there are resources available to help older children manage them.","Nightmares, Night Terrors, Reassurance, Child Sleep","Nightmares, night terrors, and ways to handle them in children."
How can I soothe my baby who cries at night?,It sounds like your baby might be experiencing colic pain. Consider using Gripe water as prescribed.,Nighttime Crying,"Dealing with a baby who cries excessively at night, possibly due to colic pain."
My baby cries a lot at night. What should I do?,It sounds like your baby might be experiencing colic pain. Consider using Gripe water as prescribed.,Nighttime Crying,"Dealing with a baby who cries excessively at night, possibly due to colic pain."
My baby keeps crying at night. Any advice?,It sounds like your baby might be experiencing colic pain. Consider using Gripe water as prescribed.,Nighttime Crying,"Dealing with a baby who cries excessively at night, possibly due to colic pain."
What do I do if my baby cries excessively during the night?,It sounds like your baby might be experiencing colic pain. Consider using Gripe water as prescribed.,Nighttime Crying,"Dealing with a baby who cries excessively at night, possibly due to colic pain."
Administration and effects of nitrous oxide,"Nitrous oxide, commonly known as ""laughing gas,"" is administered through a breathing mask to provide partial pain relief during labor. It is generally well tolerated but can cause side effects like nausea and dizziness in some individuals.",Nitrous Oxide for Pain Relief,"Use of nitrous oxide (""laughing gas"") during labor"
"What causes numbness and pain in the hands during pregnancy, and how can it be treated? When should you consult a doctor?","Numbness and pain in the hands during pregnancy, common in the 2nd and 3rd trimesters, are often caused by fluid retention (oedema), which compresses the median nerve in the wrist. This condition typically affects both hands, occurs mostly at night, and resolves after childbirth. To manage this, try using an orthotic device or wrist protector for relief. If the issue persists or you experience weakness, seek medical advice from a doctor, especially if symptoms continue after delivery.",Numbness and pain in the hands,"Causes, relief strategies, when to seek medical advice"
"Pregnant women are encouraged to focus on a balanced diet to ensure proper development of the baby and maintain their own health. The message often comes with guidance such as, ""What should I be eating during pregnancy?"" or ""How can I make sure my baby is getting the nutrients they need?""","A healthy diet during pregnancy includes a variety of vegetables, fruits, whole grain foods, and protein-rich foods. Each of these food groups contributes to your overall well-being, provides energy, and supports your babys development. The Food Guide Snapshot is a useful tool to help plan meals and ensure nutritional needs are met. For detailed information on how to incorporate these food groups into your daily meals, visit food-guide.canada.ca/en/food-guide-snapshot/.",Nutritional Diet During Pregnancy,"The importance of a balanced diet during pregnancy, including key food groups."
Healthy snacks can help meet nutritional needs during pregnancy when combined thoughtfully.,Snacking between meals is a great way to ensure you get the nutrients you and your baby need. Here are some nutritious snack ideas to try:,Nutritious Snack Ideas During Pregnancy,Snack suggestions for pregnant individuals to ensure they get necessary nutrients.
How does obesity affect pregnancy complications?,"The heavier a woman is before she becomes pregnant, the greater her risk of pregnancy complications, including preeclampsia, Gestational Diabetes Mellitus, stillbirth, and cesarean delivery. Overweight and obese women who lose weight before pregnancy are likely to have healthier pregnancies.",Obesity During Pregnancy Complications,Complications associated with obesity during pregnancy
What are the risks of obesity during pregnancy?,"The heavier a woman is before she becomes pregnant, the greater her risk of pregnancy complications, including preeclampsia, Gestational Diabetes Mellitus, stillbirth, and cesarean delivery. Overweight and obese women who lose weight before pregnancy are likely to have healthier pregnancies.",Obesity During Pregnancy Complications,Complications associated with obesity during pregnancy
What can happen if I am obese during pregnancy?,"The heavier a woman is before she becomes pregnant, the greater her risk of pregnancy complications, including preeclampsia, Gestational Diabetes Mellitus, stillbirth, and cesarean delivery. Overweight and obese women who lose weight before pregnancy are likely to have healthier pregnancies.",Obesity During Pregnancy Complications,Complications associated with obesity during pregnancy
What complications will I get when being obese during pregnancy?,"The heavier a woman is before she becomes pregnant, the greater her risk of pregnancy complications, including preeclampsia, Gestational Diabetes Mellitus, stillbirth, and cesarean delivery. Overweight and obese women who lose weight before pregnancy are likely to have healthier pregnancies.",Obesity During Pregnancy Complications,Complications associated with obesity during pregnancy
How does oligohydramnios affect pregnancy?,Oligohydramnios occurs during pregnancy when the amount of amniotic fluid surrounding the baby is lower than expected for the gestational age. Amniotic fluid is crucial for the baby's development and too little can lead to health issues or indicate an underlying condition.,Oligohydramnios,Understanding oligohydramnios during pregnancy
What are the symptoms of oligohydramnios?,Oligohydramnios occurs during pregnancy when the amount of amniotic fluid surrounding the baby is lower than expected for the gestational age. Amniotic fluid is crucial for the baby's development and too little can lead to health issues or indicate an underlying condition.,Oligohydramnios,Understanding oligohydramnios during pregnancy
What is oligohydramnios?,Oligohydramnios occurs during pregnancy when the amount of amniotic fluid surrounding the baby is lower than expected for the gestational age. Amniotic fluid is crucial for the baby's development and too little can lead to health issues or indicate an underlying condition.,Oligohydramnios,Understanding oligohydramnios during pregnancy
Why is my amniotic fluid low during pregnancy?,Oligohydramnios occurs during pregnancy when the amount of amniotic fluid surrounding the baby is lower than expected for the gestational age. Amniotic fluid is crucial for the baby's development and too little can lead to health issues or indicate an underlying condition.,Oligohydramnios,Understanding oligohydramnios during pregnancy
"Why are omega-3 fatty acids important during pregnancy, and how can you get them from food?","Omega-3 fatty acids are crucial for the development of your babys brain, nervous system, and visual system. Fish, especially oily varieties like salmon, mackerel, herring, sardines, and lake whitefish, are the best sources of omega-3s. Additionally, you can find small amounts of omega-3s in foods like canola, flaxseed, and nut oils, as well as in ground flaxseed, chia seeds, and walnuts. Some foods, such as certain milks and eggs, are also fortified with omega-3s. By including these foods in your diet regularly, you can typically meet your omega-3 needs. If you choose to take an omega-3 supplement, it's important to consult with a health professional.",Omega-3s,Importance of omega-3 fatty acids during pregnancy and food sources.
Can over-the-counter medications be used during pregnancy? Are there risks involved? What should be done before using over-the-counter medications during pregnancy? How can a health professional help with medication use during pregnancy?,"Some over-the-counter medications can be used for short periods during pregnancy, but others may cause complications. Its important to consult a pharmacist or other health professional before using any over-the-counter medication. They can advise on alternative ways to reduce discomfort without medication, recommend safe medications for use during pregnancy, check for potential interactions with other medications, and provide guidance on how to properly use the medication.",Over-the-counter medication during pregnancy,"Pregnancy, medication safety, pharmacist consultation"
what is  Overproduction of milk,Milk production that exceeds babys needs.,Overproduction of milk,Overproduction of milk definition
"Questions like ""Is it safe to travel overseas while pregnant?"" or ""What should I consider before traveling abroad during pregnancy?"" are common among expecting mothers.","Before planning a trip abroad, consult your prenatal care provider about your destination, trip duration, and any required vaccines. They can adjust your prenatal care as needed and may refer you to a travel health specialist for further advice. For up-to-date travel advisories and destination-specific recommendations, visit travel.gc.ca/travelling/advisories.",Overseas Travel During Pregnancy,"Recommendations for pregnant women planning international trips, including health considerations and travel advice resources."
what is  Oxytocin,"A hormone produced by a gland within the brain. 
Oxytocin circulates in our blood, causing uterine 
contractions during childbirth and the expulsion 
of breast milk.",Oxytocin,Oxytocin definition
Different pain medication options during childbirth,"In hospitals, pain medication options during labor may include an epidural, narcotics, nitrous oxide gas, or a pudendal nerve block. It's important to ask in advance which options are available at your hospital, as everyone's reaction to medication can vary. Don't hesitate to ask your prenatal care provider or delivery team if you have any questions about these options.",Pain Medication Options,Pain relief methods available during labor
What are the reasons for experiencing burning sensation when urinating?,"When a woman becomes pregnant, her immune system goes down, making her susceptible to infections such as a UTI. A UTI is a bacterial infection in the urinary tract.",Pain or Burning During Urination,Causes of pain or burning during urination
What could be causing pain or burning during urination?,"When a woman becomes pregnant, her immune system goes down, making her susceptible to infections such as a UTI. A UTI is a bacterial infection in the urinary tract.",Pain or Burning During Urination,Causes of pain or burning during urination
Why do I feel pain or burning when I use the bathroom?,"When a woman becomes pregnant, her immune system goes down, making her susceptible to infections such as a UTI. A UTI is a bacterial infection in the urinary tract.",Pain or Burning During Urination,Causes of pain or burning during urination
Why is it painful or burning when I pee?,"When a woman becomes pregnant, her immune system goes down, making her susceptible to infections such as a UTI. A UTI is a bacterial infection in the urinary tract.",Pain or Burning During Urination,Causes of pain or burning during urination
Recommendations for safely using paint and paint removers during pregnancy.,"Most interior paints are latex-based, meaning they are water-thinned and generally considered safe for occasional use during pregnancy. However, oil-based paints should be avoided as they contain harmful solvents that can affect the fetus. It is unlikely that brief exposure to freshly painted rooms will harm your baby, especially if the area is well-ventilated. To minimize risk, avoid stripping paint with sanders or paint removers, as this can expose you to lead from old paint or toxic chemicals in paint removers.",Paint and Paint Remover During Pregnancy,Safe use of paints and paint removers during pregnancy.
what is  Perineum,"The part of the body between the vagina and  
the anus.",Perineum,Perineum definition
"Usage of non-medicated products, checking with healthcare providers for medicated creams.","Most cosmetics, including face creams and hand and body lotions without medicinal ingredients, are safe to use during pregnancy. However, if you're using a medicated cream, it is advisable to consult your doctor or pharmacist to ensure it is safe to continue using it while pregnant.",Personal Care during Pregnancy,"Safe use of cosmetics, creams, and makeup during pregnancy."
What should you do if you've been in contact with someone with pertussis (whooping cough) during pregnancy?,"If you've been in contact with someone who has pertussis (whooping cough) within 4 weeks before your due date, it is important to see a doctor. Pertussis can be serious, particularly for newborns, and early medical advice is crucial for ensuring the health of both you and your baby.","Pertussis, Pregnancy, Whooping Cough, Exposure",Exposure to pertussis (whooping cough) before due date
"Physical and mental well-being, energy, back pain, gestational diabetes, recovery after birth.","Being physically active during pregnancy is good for your physical and mental well-being. Women who are active during pregnancy cope better with the physical changes of pregnancy, have more energy, and are less short of breath. Practicing regular and varied physical activities throughout pregnancy is beneficial and safe. It prevents and relieves constipation, eases back pain, and prevents certain pregnancy complications, such as gestational diabetes. Better physical fitness may also help you recover more easily after giving birth.",Physical Activities,Benefits of physical activity during pregnancy.
What does a physical exam involve during your prenatal visits? What will be monitored during subsequent appointments?,"During your first prenatal appointment, a physical exam will be performed, which may include a gynecological exam, checking your weight and blood pressure, and listening to the baby's heartbeat. A PAP test for cervical cancer screening may be suggested, which can also be done later in pregnancy or after birth. Light bleeding after the exam is common and should not cause concern. In subsequent appointments, your health professional will typically check your weight, blood pressure, the height of your uterus (starting around 20 weeks), and the babys heartbeat.",Physical Exam and Subsequent Appointments,"Full physical exam, gynecological exam, monitoring pregnancy progress"
How are placental complications diagnosed?,"Placental complications during pregnancy include placental abruption and placenta previa. Placental abruption occurs when the placenta detaches from the uterine wall prematurely, leading to bleeding and reduced oxygen and nutrients to the fetus. The cause is often unknown.",Placental Complications,Understanding placental abruption and placenta previa during pregnancy
What are placental complications?,"Placental complications during pregnancy include placental abruption and placenta previa. Placental abruption occurs when the placenta detaches from the uterine wall prematurely, leading to bleeding and reduced oxygen and nutrients to the fetus. The cause is often unknown.",Placental Complications,Understanding placental abruption and placenta previa during pregnancy
What is placenta previa?,"Placental complications during pregnancy include placental abruption and placenta previa. Placental abruption occurs when the placenta detaches from the uterine wall prematurely, leading to bleeding and reduced oxygen and nutrients to the fetus. The cause is often unknown.",Placental Complications,Understanding placental abruption and placenta previa during pregnancy
What is placental abruption?,"Placental complications during pregnancy include placental abruption and placenta previa. Placental abruption occurs when the placenta detaches from the uterine wall prematurely, leading to bleeding and reduced oxygen and nutrients to the fetus. The cause is often unknown.",Placental Complications,Understanding placental abruption and placenta previa during pregnancy
"What are some plant-based foods rich in iron, and how can you enhance iron absorption?","Plant-based foods such as legumes (dried beans, lentils, chickpeas), medium or firm tofu, iron-fortified breakfast cereals, certain vegetables (pumpkin, green peas, potatoes, spinach, leafy greens), nuts (cashews, almonds, pistachios), seeds (sesame, sunflower, pumpkin), and iron-fortified pasta and bread are excellent sources of iron. However, iron from animal sources is absorbed better than from plant sources. To enhance the absorption of plant-based iron, its recommended to pair these foods with vitamin C-rich foods such as kiwi, citrus fruits, peppers, or broccoli. Additionally, avoid drinking coffee or tea around meal times, as they can inhibit iron absorption.",Plant-based foods,Sources of iron from plant-based foods and tips for absorption.
"What positions can help during labour, and how do they support the birthing process?","During labour, various positions can aid cervical dilation and promote relaxation. Standing, squatting, sitting on a physio ball, or kneeling on all fours with an upright upper body can help speed up labour. Lying flat on your back is often uncomfortable, but lying on your side can provide more relief if resting is needed. Trying different positions helps adapt to changing needs during labour and can make the process more effective and tolerable.",Positions for Labour Comfort,"Cervical dilation, relaxation, and effective labour positions"
What should you do if immediate skin-to-skin contact isn't possible? How does skin-to-skin contact or being held by a parent or significant person benefit the baby? What are the emotional aspects of this bonding time?,"If immediate skin-to-skin contact isn't possible due to medical conditions, the father or another significant person can hold the baby. Dont worry if skin-to-skin contact isnt made right awaythere will be other opportunities, and your baby will be just fine. Whether it's with you or another loved one, your baby will feel comforted by the warmth of the body and will begin to recognize familiar voices. During this bonding time, your baby will exhibit movements such as sticking out his tongue, blinking, and breathing more quickly. This marks a wonderful and emotional period of discovery for the family, strengthening the connection.",Post-birth Bonding,"Skin-to-skin alternatives, bonding with baby, parental connection, emotional discovery"
"After childbirth, when is it safe to begin using birth control?",You can start using birth control methods two weeks after a normal childbirth.,Postpartum Birth Control,Information about when birth control methods can be initiated after childbirth
Can I start birth control two weeks after delivering a baby?,You can start using birth control methods two weeks after a normal childbirth.,Postpartum Birth Control,Information about when birth control methods can be initiated after childbirth
How soon after delivery can I use birth control methods?,You can start using birth control methods two weeks after a normal childbirth.,Postpartum Birth Control,Information about when birth control methods can be initiated after childbirth
What conditions must be met for breastfeeding to work as a birth control method? Can you rely on it if you haven't had your period yet? When should you consult a healthcare provider?,"For breastfeeding to work as a birth control method, the following conditions must be met- your baby must be less than six months old, you should breastfeed exclusively without introducing formula, food, or water, and feedings must be on-demand with no more than four hours between feeds during the day and six hours at night. Additionally, you must not have started menstruating yet. Even if you haven't had your period, ovulation may still occur, and you could become pregnant. It is recommended to consult a healthcare provider before using LAM or other natural methods of birth control for guidance.",Postpartum Birth Control,"LAM method, breastfeeding, natural birth control"
When can I start using birth control after giving birth?,You can start using birth control methods two weeks after a normal childbirth.,Postpartum Birth Control,Information about when birth control methods can be initiated after childbirth
What is the normal time for a bowel movement after delivery? What can you do if you experience constipation postpartum?,"Its normal not to have a bowel movement for the first two to three days after vaginal delivery or three to five days after a caesarean. If you havent had one after this period, you may be constipated, which is common post-delivery. To help with constipation, gradually increase your intake of high-fiber foods, such as whole grains, vegetables, fruits, legumes, and nuts. Drink plenty of water, go to the bathroom as soon as you feel the urge, and start low-intensity physical activity when you're ready. If these steps arent enough, consult a healthcare provider to see if a laxative might help.",Postpartum Bowel Movements,Dealing with constipation after vaginal or caesarean delivery
What are the signs of depression after childbirth? How can you differentiate between postpartum depression and normal post-birth struggles?,"Up to 1 in 5 women experience depression after childbirth. The signs of postpartum depression may include sadness, loss of interest in daily activities, changes in appetite, fatigue, anxiety, irritability, feelings of worthlessness, difficulty bonding with the baby, trouble concentrating, and even suicidal thoughts. While some of these signs may overlap with normal post-birth challenges like fatigue or changes in appetite from breastfeeding, its important to take them seriously. If you're experiencing several of these symptoms, particularly thoughts of death or difficulty bonding with your baby, its important to seek help from a healthcare provider or contact support services.",Postpartum Depression,"Symptoms, signs, and when to seek help"
What are the signs of postpartum depression in men? How can men express depression differently from women?,"Up to 1 in 10 men experience depression after the birth of a child. While men may feel similar emotions to women, they might express their distress in different ways. Signs of depression in men can include aggression, irritability, mood swings, and physical discomfort such as stomach aches, headaches, or difficulty breathing. Some men may also engage in hyperactive behaviors, like excessive work or sports, or use alcohol or drugs as a coping mechanism. If you or your partner are showing signs of depression, its important to seek support. Treatments are available, and consulting a healthcare professional is a vital step in managing mental health.",Postpartum Depression in Men,Symptoms and seeking support
Is it normal to feel fatigued after giving birth? How can you manage your energy levels during recovery?,"Yes, feeling tired after childbirth is normal, whether you've had a vaginal or caesarean delivery. Recovery takes time, and it can take several weeks to regain a good level of energy. Your recovery speed and energy levels may vary depending on factors like the babys demands, your sleep quality, and available support. To manage fatigue, try to rest when your baby sleeps and don't hesitate to ask for help when you need it. Be patient with yourself as your body recovers.",Postpartum Fatigue,"Recovery time, energy levels, and the importance of self-care after childbirth"
What hygiene practices are important after giving birth? How should you care for yourself after vaginal and caesarean births?,"After giving birth, maintaining proper hygiene is crucial. It's recommended to change your sanitary pad at least every 4 hours, wipe from front to back, and wash your hands after using the toilet. You should wash yourself once a day or more but avoid using a vaginal douche. If you had a vaginal birth, you can shower or bathe in a clean tub, but avoid oils or bubble baths. If you had a caesarean delivery, you can shower right away, but it's advised to wait about five days before taking a bath, ensuring the incision is healing well.",Postpartum Hygiene,"Hygiene tips after childbirth, care after vaginal and caesarean delivery"
"What are baby blues, and how long do they last? What can new mothers do to cope with mood swings? When should you seek help?","The baby blues are a common experience after childbirth, marked by mood swings and crying more than usual, typically lasting from a few days to about two weeks. Hormonal changes and fatigue are the main causes of this temporary condition. To cope, it helps to talk about your feelings, allow yourself to cry, get support from family and friends, take naps, care for yourself, and practice skin-to-skin contact with your baby. If the baby blues persist for more than two weeks, or if you feel increasingly sad or irritable, it could indicate postpartum depression, and its advisable to contact a healthcare professional such as a psychologist or call Info-Santé at 8-1-1.",Postpartum Mood Swings,"Baby blues, tips for coping, signs of depression"
"Is it safe to resume physical activity after childbirth? What activities can you start with, and when?","Yes, it is safe to gradually resume physical activity after childbirth once you feel ready and your pain has subsided. Begin with low-intensity activities, such as walking, starting with one daily walk and gradually increasing the frequency and length. Around four to six weeks postpartum, you can increase the intensity of your activities, like brisk walking, while listening to your bodys limits. Avoid high-impact exercises like running until your perineum has regained its muscle tone, which can take several weeks to months. Consult with your healthcare provider before resuming activities like swimming or if you had any complications during delivery.",Postpartum Physical Activity,"Resuming exercise after childbirth, gradual increase in activity, importance of listening to your body"
"After childbirth, how long does it take to recover and what symptoms should be watched for? What signs indicate a need for immediate medical attention or consultation with a healthcare provider?","After childbirth, its normal for your body to take time to recover, often taking several weeks to regain energy. If you experience signs like heavy bleeding, fever, severe abdominal pain, difficulty breathing, leg pain with swelling, severe headaches, or changes in vision, its important to seek immediate medical attention. Contact your doctor, midwife, or emergency services if you notice symptoms like hemorrhaging or signs of shock such as weakness, confusion, or paleness.",Postpartum Recovery,"Recovery after childbirth, signs of complications, when to seek medical help"
How can childbirth affect sexual activity and intimacy?,"After childbirth, many people experience a decrease in sexual desire due to factors such as fatigue, hormonal changes, the adjustment to parenthood, and the physical or emotional recovery from childbirth. Additionally, breastfeeding can cause vaginal dryness due to hormonal changes, which can be alleviated by using a water-based lubricant if needed. The timing of when to resume sexual activity varies for each couple. There are no set rules, and its important to listen to your body and your partners needs. Intimacy can take on a new form, and theres no need to rush; adapt to your new life and communicate openly with your partner.",Postpartum Sexuality,Sexual desire and intimacy after childbirth
How should you care for stitches after childbirth? What should you do if you notice signs of infection in your stitches?,"After childbirth, caring for stitches is essential for healing. If you have stitches in your perineum, don't worry; they won't tear during bowel movements. After showering or bathing, gently dry the stitches before dressing. For those who had a caesarean delivery, it's important to dry the stitches on your belly thoroughly with a clean towel. After seven days, you can remove any adhesive strips that have not naturally come off. If you notice signs of infection, such as redness or discharge, contact your healthcare provider.",Postpartum Stitches Care,Care for stitches after vaginal or caesarean delivery
"Is it normal to have trouble with urination after childbirth? How long does it take for the pelvic floor muscles to recover, and what can you do to help?","It is normal to experience urine leakage and a burning sensation while urinating in the days following childbirth. You can relieve the burning by spraying your vulva with warm water while urinating. If urine leakage continues for several weeks, mention it to your healthcare provider. The pelvic floor muscles, which support the bladder, uterus, and rectum, may be stretched during pregnancy and childbirth, and it can take several weeks or months for them to regain their tone. Doing Kegel exercises can help, but it's best to consult with your healthcare provider about the right time to start and how to do them properly. If you experience urine leakage, pain during sex, or other issues, talk to your provider for advice or a referral to perineal rehabilitation specialists.",Postpartum Urinary and Pelvic Floor Care,"Urine leakage, pelvic floor recovery, and perineum health after childbirth"
How does weight loss work after pregnancy? What is a reasonable expectation for postpartum weight loss? Should you go on a diet?,"After childbirth, some weight is lost immediately through the delivery of the baby, placenta, and amniotic fluid, followed by the uterus shrinking and decreased blood volume and swelling. Over the next several weeks, your body will gradually use up the fat reserves accumulated during pregnancy. While weight loss varies from woman to woman, a reasonable expectation is to lose 1 to 2 kg (2 to 4 lb.) per month with a balanced diet and an active lifestyle. Going on a weight-loss diet, especially while breastfeeding, is not recommended as it can affect milk production and your energy levels. Its important to be patient, as your body may not return to its exact pre-pregnancy shape",Postpartum Weight Loss,"Gradual weight loss after childbirth, importance of patience, balanced diet, and active lifestyle"
"Apply product to exposed skin, wash off excess.","While there is no scientific evidence that insect repellents pose a risk to the baby, it is important to apply the repellent only to exposed skin and to wash off any excess product.",Precautions for Insect Repellent Use during Pregnancy,Safety guidelines for applying insect repellents during pregnancy.
Avoiding risky activities and respecting personal limits.,"Dont worryexercise doesnt increase the risk of miscarriage or harm to your baby. Your prenatal care provider will tell you if your health situation prevents physical activities. However, activities like scuba diving, sports with risk of falls, physical contact, impacts, or injury, are not recommended. It's also best to avoid sit-ups, activities in hot or humid environments, or those at high altitudes (above 2,500 m). Listen to your body and respect your limits.",Precautions for Physical Activity,Safety guidelines for physical activities during pregnancy.
Can you explain what preeclampsia is?,"Preeclampsia is a serious medical condition that can lead to preterm delivery and death. Its cause is unknown, but some women are at an increased risk. Risk factors include first pregnancies, preeclampsia in a previous pregnancy, existing conditions such as high blood pressure, diabetes, kidney disease, and others, being 35 years of age or older, carrying two or more fetuses, and obesity.",Preeclampsia,Understanding preeclampsia
What are the details about preeclampsia?,"Preeclampsia is a serious medical condition that can lead to preterm delivery and death. Its cause is unknown, but some women are at an increased risk. Risk factors include first pregnancies, preeclampsia in a previous pregnancy, existing conditions such as high blood pressure, diabetes, kidney disease, and others, being 35 years of age or older, carrying two or more fetuses, and obesity.",Preeclampsia,Understanding preeclampsia
What does preeclampsia mean in pregnancy?,"Preeclampsia is a serious medical condition that can lead to preterm delivery and death. Its cause is unknown, but some women are at an increased risk. Risk factors include first pregnancies, preeclampsia in a previous pregnancy, existing conditions such as high blood pressure, diabetes, kidney disease, and others, being 35 years of age or older, carrying two or more fetuses, and obesity.",Preeclampsia,Understanding preeclampsia
What is preeclampsia?,"Preeclampsia is a serious medical condition that can lead to preterm delivery and death. Its cause is unknown, but some women are at an increased risk. Risk factors include first pregnancies, preeclampsia in a previous pregnancy, existing conditions such as high blood pressure, diabetes, kidney disease, and others, being 35 years of age or older, carrying two or more fetuses, and obesity.",Preeclampsia,Understanding preeclampsia
"Pregnant women often experience food aversions, leading them to avoid foods they once enjoyed. This can lead to concerns like, ""Why cant I eat what I used to?"" or ""How can I make sure Im still getting enough nutrients if I cant eat certain foods?""","Food aversions are common, especially during the first trimester of pregnancy, and they can cause you to stop eating certain foods, like meat or poultry. However, you can still maintain a balanced diet by substituting other nutritious options, such as legumes, eggs, or fish for protein. If you find that your aversions or cravings are frequent, troublesome, or make it difficult to eat, dont hesitate to talk to your prenatal care provider or a nutritionist for advice. These experts can help you find solutions to ensure you're meeting both your and your babys nutritional needs.",Pregnancy Aversions,The phenomenon of food aversions during pregnancy and how to handle them.
"Pregnant women often experience food aversions, leading them to avoid foods they once enjoyed. This can lead to concerns like, ""Why can’t I eat what I used to?"" or ""How can I make sure I’m still getting enough nutrients if I can’t eat certain foods?""","Food aversions are common, especially during the first trimester of pregnancy, and they can cause you to stop eating certain foods, like meat or poultry. However, you can still maintain a balanced diet by substituting other nutritious options, such as legumes, eggs, or fish for protein. If you find that your aversions or cravings are frequent, troublesome, or make it difficult to eat, don’t hesitate to talk to your prenatal care provider or a nutritionist for advice. These experts can help you find solutions to ensure you're meeting both your and your baby’s nutritional needs.",Pregnancy Aversions,The phenomenon of food aversions during pregnancy and how to handle them.
"Pregnant women often express surprise or concern over strong cravings for certain foods. Questions like, ""Why am I craving specific foods?"" or ""Are my cravings normal?"" are common.","Cravings during pregnancy are common and can range from unhealthy foods like chocolate or salty snacks to more nutritious options like fruit or dairy. These cravings are often driven by hormonal changes, and while they can be intense, they dont necessarily reflect a specific nutritional need. To help manage cravings, its beneficial to eat regularly and maintain a balanced diet. Eating well overall ensures that your body gets the nutrients it needs, even if you occasionally indulge in your cravings. The key is moderation and ensuring that cravings dont replace healthy meals.",Pregnancy Cravings,The experience of food cravings during pregnancy and how to manage them.
What are common discomforts during pregnancy? How can fatigue be relieved during pregnancy? What causes fatigue and how can it be managed? When should you seek help?,"Pregnancy brings about various physical changes that can cause discomforts, such as fatigue, which is common in the early stages and may return in the third trimester. The causes of fatigue include hormonal changes, poor sleep from issues like frequent urination, back pain, or leg cramps, along with factors like insufficient iron intake or dehydration. To manage fatigue, it's important to get enough sleep (810 hours), address issues that interfere with sleep quality, adapt your diet to account for nausea, and ensure you're hydrated. If these tips dont improve your symptoms, or if your condition worsens, seek advice from a health professional or contact Info-Santé (8-1-1) for guidance.",Pregnancy discomforts and fatigue,"Pregnancy changes, fatigue, tips for relief"
"How to manage pregnancy-related gum issues, and when to seek dental care","Pregnancy gingivitis, which affects up to 100% of pregnant women, typically begins in the second month and is caused by hormonal changes that make the gums more sensitive, leading to swelling and bleeding. To prevent worsening, brush your teeth at least twice a day and floss daily, as some gum bleeding is normal with flossing. The swelling and bleeding usually resolve about a month after childbirth. If the condition does not improve, consider seeing a dentist for further evaluation.",Pregnancy gingivitis,"Causes, prevention, when to see a dentist"
"What are the safe types of cheeses during pregnancy, and which ones should be avoided?","During pregnancy, cheeses that are used in cooked dishes and brought to a safe internal temperature, such as sauces, casseroles, or au gratin, are safe to consume. Hard cheeses like Parmesan and Romano, as well as firm cheeses made from pasteurized milk (such as cheddar, Gouda, and Swiss), cheese curds, cottage cheese, ricotta, cream cheese, and processed spreadable cheeses, are all considered safe. However, pregnant women should avoid soft cheeses like Brie, bocconcini, Camembert, and feta, semi-soft cheeses such as Saint-Paulin and Havarti, as well as blue cheeses, regardless of whether they are made from pasteurized or unpasteurized milk. Additionally, firm cheeses made from unpasteurized (raw) milk should be avoided.","Pregnancy, Cheese Safety",Safe cheeses and cheeses to avoid during pregnancy
"What are the safer choices for milk and dairy products during pregnancy, and which ones should be avoided?","During pregnancy, it is essential to consume only pasteurized milk and dairy products made from pasteurized milk to avoid the risk of foodborne illnesses. Unpasteurized (raw) milk and dairy products made from unpasteurized milk should be strictly avoided as they can carry harmful bacteria that may pose a risk to both the mother and the baby.","Pregnancy, Dairy, Milk Safety",Pasteurized versus unpasteurized dairy products
"What are the safer choices for eggs and egg-based products during pregnancy, and what should be avoided? How should eggs be cooked or used in recipes for safety?","Pregnant women should consume eggs that are well-cooked, with firm yolks and whites, such as those found in omelets, boiled eggs, or scrambled eggs. Pasteurized eggs and egg whites should be used for recipes that typically require raw eggs, such as homemade mayonnaise or vinaigrettes. Egg-based dishes like quiche should also be cooked to a safe internal temperature. On the other hand, raw or runny eggs, such as sunny side up, soft-boiled, or poached eggs, should be avoided. Additionally, recipes made with raw or undercooked eggs, such as unpasteurized mayonnaise, Caesar salad dressing, homemade eggnog, mousse, or raw cookie dough, should not be consumed during pregnancy. Homemade eggnog should be heated to 71°C (160°F) for safety.","Pregnancy, Eggs, Egg-based Products, Food Safety","Safe egg preparation, raw or undercooked eggs, pasteurized products"
"What are safer fish and seafood choices during pregnancy, and which ones should be avoided? How should fish be prepared to ensure safety?","Pregnant women should choose fish and seafood that have been cooked or reheated to a safe internal temperature to ensure safety. Safer options include fish and seafood that are properly cooked or reheated, as well as canned fish and seafood products that dont require refrigeration until opened. Smoked fish and seafood should be consumed only if they are sold refrigerated or frozen and properly cooked or reheated to a safe internal temperature. On the other hand, raw or undercooked fish and seafood, such as tartare, sushi, ceviche, or raw oysters, should be avoided. Smoked fish or seafood that is sold unrefrigerated and not reheated is also unsafe during pregnancy.","Pregnancy, Fish, Seafood, Food Safety","Safe seafood choices, raw fish, reheating"
"What are the safer choices for vegetables, fruits, and juices during pregnancy, and what should be avoided? How should fruits and vegetables be prepared for safety?","Pregnant women should consume pasteurized fruit juice or unpasteurized juice that has been brought to a boil and then cooled for safety. Fresh fruits and vegetables should be thoroughly washed before consumption to remove any potential contaminants. Cooked or canned sprouts are safe, but raw sprouts, such as alfalfa, clover, radish, mung bean, and bean sprouts, should be avoided due to the risk of foodborne illnesses. Unwashed fruits and vegetables should also be avoided as they may carry harmful bacteria.","Pregnancy, Fruits, Vegetables, Food Safety","Safe handling of fruits, vegetables, juice, and sprouts"
Why are pregnant women more vulnerable to certain infections? What infections pose a risk during pregnancy? How is toxoplasmosis transmitted?,"During pregnancy, a woman's immune system changes, making her more vulnerable to certain infections, such as listeriosis, which can have serious effects on both the mother and the fetus. Infections like listeriosis and toxoplasmosis can be more severe during pregnancy. Toxoplasmosis is transmitted by a parasite found in raw or undercooked meat, as well as in cat feces. More details can be found in the sections about cats and gardening.","Pregnancy, Infections, Toxoplasmosis, Listeriosis","Immune system changes, risks of infections, toxoplasmosis transmission"
"What are safer meat choices for pregnant women, and which ones should they avoid? How can meats be safely prepared?","Pregnant women should opt for meat, game, and poultry that have been cooked or reheated to a safe internal temperature to ensure safety. Safer choices include properly cooked homemade pâtés, meat spreads that are stored correctly, and refrigerated deli meats that are reheated until steaming hot. On the other hand, raw or undercooked meats like tartare or carpaccio, as well as pâtés and meat spreads that dont require refrigeration until opened, should be avoided. Additionally, refrigerated deli meats that are not reheated and smoked sausages (hot dogs) eaten straight from the package are also unsafe. Reheating these items to a safe internal temperature is crucial to prevent contamination.","Pregnancy, Meat, Poultry, Food Safety","Safe meat choices, foods to avoid, reheating, contamination"
What should I do if I'm taking medication and find out I'm pregnant?,"If you find out you're pregnant and are currently taking medication, it's important to consult a doctor or pharmacist right away. They can guide you on whether to continue, adjust, or stop your treatment. It's crucial not to stop your medication without professional advice, as this could lead to complications for both you and your baby. Additionally, if you become ill during pregnancy, many illnesses can still be treated safely. Always speak to your healthcare provider for the best course of action and to ensure that the treatment prescribed is appropriate for your pregnancy.","Pregnancy, Medication, Health consultation",Medication use during pregnancy
Should I continue my medications or natural health products during pregnancy?,"If you are pregnant or planning to become pregnant and are using prescription or over-the-counter medications or natural health products, its important to consult your healthcare provider. They can advise you on whether to continue, stop, or adjust your medications, as some may be unsafe for your baby. This is particularly crucial for medications used for conditions such as anxiety, epilepsy, hypertension, hypothyroidism, depression, asthma, or diabetes, which may require adjustments before or during pregnancy. Always seek guidance from a doctor or pharmacist to ensure the safety and well-being of both you and your baby.","Pregnancy, Medication, Natural health products, Health consultation",Medication use and health products during pregnancy
What care does a premature baby receive if born before 34 weeks? How is a premature baby supported in a neonatal intensive care unit?,"A premature baby born before 34 weeks is typically transferred to a neonatal intensive care unit (NICU), where they may receive several forms of care. This includes being placed in an incubator to maintain body temperature, receiving phototherapy if jaundiced, and being given an intravenous solution (IV) for hydration and nutrition. Additionally, the baby may require assistance with breathing and feeding until they are strong enough to manage these independently.","Premature baby care, neonatal intensive care","Incubator, phototherapy, intravenous solution, breathing assistance, feeding support"
What should you do if you experience regular contractions and increased vaginal discharge before 37 weeks? What does it indicate after 37 weeks?,"If you experience more than seven regular contractions in one day before 37 weeks, along with increased vaginal discharge, it may indicate premature labor. In this case, its important to contact your health professional or hospital for evaluation, as premature labor can sometimes be stopped if caught early. However, after 37 weeks, the same symptoms typically indicate the start of normal labor, as your baby is no longer considered premature.",Premature labor symptoms,Regular contractions and increased discharge before 37 weeks
Can you explain prenatal care?,"Prenatal care, also known as antenatal care, is the health care you receive while you are pregnant.",Prenatal Care Definition,Definition and explanation of prenatal care
Define prenatal care.,"Prenatal care, also known as antenatal care, is the health care you receive while you are pregnant.",Prenatal Care Definition,Definition and explanation of prenatal care
What does prenatal care involve?,"Prenatal care, also known as antenatal care, is the health care you receive while you are pregnant.",Prenatal Care Definition,Definition and explanation of prenatal care
What is prenatal care?,"Prenatal care, also known as antenatal care, is the health care you receive while you are pregnant.",Prenatal Care Definition,Definition and explanation of prenatal care
"What types of prenatal activities are available, and who can participate? How can you find these activities in your area?","Prenatal activities like yoga, aerobics, aquafitness, and other classes provide a fun way to stay active, meet other expectant parents, and gain useful information during pregnancy. These activities vary in terms of approach, start dates, duration, number of participants, and costs. Some activities are specifically for pregnant women, while others are open to couples. To find out what is available in your area, ask your health professional or contact your local CLSC.",Prenatal activities,"Types of activities, benefits, availability, and finding local classes"
"What do prenatal classes cover, and who should attend? How can you find prenatal classes in your area?","Prenatal classes cover topics such as pregnancy, labour, delivery, breastfeeding, and newborn care. These classes are typically held in group settings, and it is encouraged for fathers or partners to attend. They also provide a chance to connect with others going through similar experiences. To find prenatal classes in your area, ask your health professional or contact your local CLSC.",Prenatal classes,"Topics covered, group setting, partner involvement, finding local classes"
How can you prepare for your babys arrival at home? What can you do to organize your home and make it easier to adjust? What should you do if you need help? How can you manage the first days and weeks with your baby?,"To prepare for your baby's arrival, you can cook extra meals and freeze them, get the house ready by borrowing or buying baby essentials, and make a list of things you may need help with, like errands or cleaning. If help isnt offered, don't hesitate to ask for assistance in advance. Being flexible and open to support will help you adjust during your baby's first days and weeks at home.",Preparing for Babys Arrival at Home,"Tips for organizing the home, asking for help, and being flexible"
How can you prepare for your baby’s arrival at home? What can you do to organize your home and make it easier to adjust? What should you do if you need help? How can you manage the first days and weeks with your baby?,"To prepare for your baby's arrival, you can cook extra meals and freeze them, get the house ready by borrowing or buying baby essentials, and make a list of things you may need help with, like errands or cleaning. If help isn’t offered, don't hesitate to ask for assistance in advance. Being flexible and open to support will help you adjust during your baby's first days and weeks at home.",Preparing for Baby’s Arrival at Home,"Tips for organizing the home, asking for help, and being flexible"
"How do you prepare for a VBAC, and what types of support can help during labor? Can you use pain relief options during a VBAC?","Preparing for a VBAC involves the same steps as preparing for any vaginal birth, such as taking prenatal classes and learning about pain relief options. Having support during labor, whether from a friend, family member, or doula, can improve the experience by making the delivery smoother and reducing the likelihood of needing a C-section. You can also opt for pain relief options like an epidural during labor, if desired.",Preparing for a VBAC,"Preparing for a vaginal birth after C-section, support during labor, pain relief options"
Emphasizing early planning for birth and visiting facilities.,"As your due date approaches, it's important to check with your prenatal care provider about when to head to the hospital or birthing center. Many facilities allow you to contact them directly starting at 20 weeks for any questions. In the weeks leading up to your due date, begin preparing your hospital bag and arrange care for your other children, so you're not stressed when labor begins. You should also think about your birthing options, the services offered by the facility, and any specific rules or routines they have. Many hospitals and birthing centers provide virtual tours or allow in-person visits to familiarize you with the birthing room and equipment available. If you're unsure, ask your health professional or prenatal class instructor about visiting opportunities to ensure you're comfortable with your choice of location.",Preparing for childbirth,Guidance on preparing for birth and hospital or birthing center stay.
What are the reasons for having contractions before my due date?,Not all contractions mean youre in labor. You may have contractions on and off before true labor starts. These are called false labor pains or Braxton-Hicks contractions. They soften and thin the cervix to help your body get ready for labor and birth. You may feel them in the weeks right before your due date. Learning the differences between true labor contractions and false labor contractions can help you know when youre really in labor.,Preterm Labor Pains,Understanding preterm labor pains
What could be causing contractions before my due date?,Not all contractions mean youre in labor. You may have contractions on and off before true labor starts. These are called false labor pains or Braxton-Hicks contractions. They soften and thin the cervix to help your body get ready for labor and birth. You may feel them in the weeks right before your due date. Learning the differences between true labor contractions and false labor contractions can help you know when youre really in labor.,Preterm Labor Pains,Understanding preterm labor pains
Why am I experiencing labor pains early?,Not all contractions mean youre in labor. You may have contractions on and off before true labor starts. These are called false labor pains or Braxton-Hicks contractions. They soften and thin the cervix to help your body get ready for labor and birth. You may feel them in the weeks right before your due date. Learning the differences between true labor contractions and false labor contractions can help you know when youre really in labor.,Preterm Labor Pains,Understanding preterm labor pains
Why do I have labor pains before my due date?,Not all contractions mean youre in labor. You may have contractions on and off before true labor starts. These are called false labor pains or Braxton-Hicks contractions. They soften and thin the cervix to help your body get ready for labor and birth. You may feel them in the weeks right before your due date. Learning the differences between true labor contractions and false labor contractions can help you know when youre really in labor.,Preterm Labor Pains,Understanding preterm labor pains
Does excluding certain foods reduce the risk of allergies in newborns?,"Excluding foods from your diet during pregnancy does not reduce the risk of food allergies in your newborn. In fact, by eliminating certain foods, you may deprive yourself of essential nutrients needed for both your health and your baby's development. If you have concerns about allergies, it's best to discuss them with your health professional for proper guidance.","Preventing allergies, Pregnancy",Food allergies during pregnancy
How to prevent food-borne infections,"While its impossible to eliminate all germs from the environment, including those in food and water, most of the germs found in food are not harmful. Your digestive and immune systems work to defend against them. However, practicing good hygiene, such as washing your hands, cooking food to the right temperature, and cleaning surfaces regularly, can help protect you from food-borne infections during pregnancy.","Preventing food-borne infections, Hygiene, Pregnancy",Risk of food-borne infections during pregnancy
General food safety measures,"To prevent food-borne infections, it's important for everyone involved in food preparation to follow proper food safety practices. This includes choosing safe foods, storing them at the correct temperatures, handling them with clean hands, and cooking them to the right temperature. While these measures apply to everyone, pregnant women should also be aware of specific foods that pose a greater risk. Refer to the section ""Prevention tips for pregnant women"" on page 110 for more detailed guidance.","Prevention tips for the whole family, Food safety, Family hygiene","Preventing food-borne infections, Food safety for the family"
"When can you start using the progestin-only pill after childbirth, and are there any restrictions?","You can start using the progestin-only pill any time after giving birth, as there are no specific restrictions, assuming no contraindications.",Progestin-only pill,Timing for starting progestin-only pill
Pregnant women may ask about the importance of protein in their diet and the types of protein-rich foods to include regularly.,"Protein is vital during pregnancy for the development of your babys organs and muscles, and it helps maintain your energy levels throughout the day. Incorporate protein-rich foods into every meal and snack to support these needs. Opt for a variety of sources, including plant-based proteins like legumes, nuts, seeds, and soy products such as tofu. These options not only provide essential nutrients but also promote a balanced and sustainable diet.",Protein Foods During Pregnancy,The role of protein in supporting fetal development and maintaining maternal energy levels during pregnancy.
Administration and effects of pudendal nerve block,A pudendal nerve block is a pain relief method given just before the pushing stage of labor. It works by reducing pain in the perineum and vaginal area. The procedure involves injecting an anesthetic into the two pudendal nerves through the vagina using a long needle.,Pudendal Nerve Block for Pain Relief,Use of pudendal nerve block during labor
"What happens when your cervix is fully dilated? How does the urge to push feel, and what should you do if you feel it before complete dilation? Is it normal to have a bowel movement or experience a perineal tear during pushing? How does an epidural affect the sensation of the urge to push?","Once your cervix is fully dilated to 10 cm, the sensations change, and youll likely feel the urge to push. The contractions become forceful, focusing all your energy on pushing your baby out. If you feel the urge before full dilation, your care team will guide you on when to begin pushing to make it more effective. During pushing, a bowel movement is normal, and your perineum may tear if it doesnt stretch enough, but these tears typically heal well. If you have an epidural, the urge to push may be diminished initially, but you will regain awareness as your baby descends, allowing you to push more effectively.",Pushing Stage,"Cervix dilation, urge to push, bowel movement, perineal tear, epidural impact"
What kind of questions might your health professional ask during your first prenatal appointment? Why is it important to discuss tests and concerns at this stage?,"During your first prenatal appointment, your health professional will likely ask about the date of your last menstrual period, your health before and since pregnancy, previous pregnancies, family medical history, any gynecological issues, your lifestyle, religious beliefs, sources of stress, and your work environment. This is also the time to address any concerns or questions about tests, including genetic screening, which should ideally be discussed between 11 and 13 weeks of pregnancy.",Questions During First Prenatal Appointment,"Health history, family history, lifestyle, and tests"
"Reducing or quitting smoking benefits both the mother and baby, with various resources available for support.","It's never too late to quit smoking during pregnancy. Even if you quit later in your pregnancy, your baby will still benefit. Since smoking is often an addiction, reducing the number of cigarettes can be a first step toward quitting. Speak to your healthcare provider for guidance. Free services like the iQuitnow helpline (1-866-527-7383) and tobacco-free centers can offer support in your journey to quit.",Quitting Smoking During Pregnancy,"Support and benefits of quitting smoking, even later in pregnancy."
"When is fetal monitoring used, and why is it necessary?","Fetal monitoring is used during the last trimester, particularly if there are health concerns such as diabetes, high blood pressure, or issues with the baby, like reduced movement, being underweight, or having insufficient amniotic fluid. It helps ensure the baby is doing well in these situations.",Reasons for Fetal Monitoring,"Health problems, baby concerns, last trimester"
How should I plan my diet during pregnancy?,"During pregnancy, it is recommended to maintain a healthy and balanced diet. Avoid overeating and opt for multiple light meals throughout the day instead of large, infrequent meals.",Recommended Foods During Pregnancy,Advice on nutrition and dietary choices during pregnancy
What foods should I eat during pregnancy?,"During pregnancy, it is recommended to maintain a healthy and balanced diet. Avoid overeating and opt for multiple light meals throughout the day instead of large, infrequent meals.",Recommended Foods During Pregnancy,Advice on nutrition and dietary choices during pregnancy
What should I avoid eating during pregnancy?,"During pregnancy, it is recommended to maintain a healthy and balanced diet. Avoid overeating and opt for multiple light meals throughout the day instead of large, infrequent meals.",Recommended Foods During Pregnancy,Advice on nutrition and dietary choices during pregnancy
Which foods are recommended during pregnancy?,"During pregnancy, it is recommended to maintain a healthy and balanced diet. Avoid overeating and opt for multiple light meals throughout the day instead of large, infrequent meals.",Recommended Foods During Pregnancy,Advice on nutrition and dietary choices during pregnancy
How to tighten vagina after childbirth?,"Pelvic exercises, such as Kegel exercises, are known to help in recovering vaginal tightness and toning pelvic muscles after childbirth.",Recover Tight Vagina After Childbirth,Advice on methods to recover vaginal tightness after childbirth.
Ways to recover vaginal tightness after having a baby?,"Pelvic exercises, such as Kegel exercises, are known to help in recovering vaginal tightness and toning pelvic muscles after childbirth.",Recover Tight Vagina After Childbirth,Advice on methods to recover vaginal tightness after childbirth.
What can I do to regain vaginal tightness post-childbirth?,"Pelvic exercises, such as Kegel exercises, are known to help in recovering vaginal tightness and toning pelvic muscles after childbirth.",Recover Tight Vagina After Childbirth,Advice on methods to recover vaginal tightness after childbirth.
How should a mother recover after a caesarean? What should be done for pain relief and incision care? When can a mother resume activities after a caesarean?,"After a caesarean, it is important to gradually start walking, drinking, and eating to aid recovery. Moving around helps prevent complications. Pain from the incision and numbness in the surrounding area may occur, with pain relief prescribed by the doctor. The incision will heal over the following weeks, and health professionals will provide guidance on caring for the wound. Mothers are also given advice on newborn care, though babies born by caesarean generally require no special care. It will take a few weeks to resume activities such as driving, lifting, certain physical activities, or having sexual relations.",Recovering from a Caesarean,"Recovery process, pain relief, incision care, returning to activities"
Advice for handling multiple miscarriages after the first successful pregnancy?,"Experiencing multiple miscarriages after your first child is concerning. It could indicate a blood incompatibility issue with your baby. Visit a healthcare facility with your partner to check your blood group and rhesus factor. If your rhesus factor is negative, you may need anti-D injections. Additionally, sometimes an incompetent cervix prevents carrying the baby to term, necessitating cervical stitches to support a healthy pregnancy until delivery.",Recurrent Miscarriages,Guidance for dealing with recurrent miscarriages after the first child
How to manage recurrent miscarriages after having a first child?,"Experiencing multiple miscarriages after your first child is concerning. It could indicate a blood incompatibility issue with your baby. Visit a healthcare facility with your partner to check your blood group and rhesus factor. If your rhesus factor is negative, you may need anti-D injections. Additionally, sometimes an incompetent cervix prevents carrying the baby to term, necessitating cervical stitches to support a healthy pregnancy until delivery.",Recurrent Miscarriages,Guidance for dealing with recurrent miscarriages after the first child
Reasons for recurrent miscarriages and what to do next?,"Experiencing multiple miscarriages after your first child is concerning. It could indicate a blood incompatibility issue with your baby. Visit a healthcare facility with your partner to check your blood group and rhesus factor. If your rhesus factor is negative, you may need anti-D injections. Additionally, sometimes an incompetent cervix prevents carrying the baby to term, necessitating cervical stitches to support a healthy pregnancy until delivery.",Recurrent Miscarriages,Guidance for dealing with recurrent miscarriages after the first child
What should I do if I've had multiple miscarriages after my first child?,"Experiencing multiple miscarriages after your first child is concerning. It could indicate a blood incompatibility issue with your baby. Visit a healthcare facility with your partner to check your blood group and rhesus factor. If your rhesus factor is negative, you may need anti-D injections. Additionally, sometimes an incompetent cervix prevents carrying the baby to term, necessitating cervical stitches to support a healthy pregnancy until delivery.",Recurrent Miscarriages,Guidance for dealing with recurrent miscarriages after the first child
"What are the causes of miscarriage, and how does Rh negative blood impact the situation?","Miscarriage is a common occurrence, with about one in six pregnancies ending this way, especially in the first 12 weeks. Most miscarriages are caused by major genetic abnormalities, where the embryo doesn't develop properly, or the baby's heart stops beating. In such cases, the uterus stops growing and expels its contents. If a woman has Rh negative blood, she may need to receive immunoglobulin (WinRho®) following bleeding or miscarriage to prevent complications in future pregnancies. Your healthcare professional will assess whether this is necessary.","Rh negative blood, miscarriage",Rh negative blood and miscarriage risk
what is  Rhesus factor (Rh factor),"One of the characteristics of blood. You are either 
Rh positive or Rh negative.",Rhesus factor (Rh factor),Rhesus factor (Rh factor)  definition
Are X-ray rays harmful to my baby in the womb?,Exposure to high doses of X-ray radiation is not safe for the baby during pregnancy.,Risks of X-ray Exposure During Pregnancy,Addressing concerns about the potential risks of X-ray exposure to an unborn baby during pregnancy.
Can X-ray affect my baby's development if I'm pregnant?,Exposure to high doses of X-ray radiation is not safe for the baby during pregnancy.,Risks of X-ray Exposure During Pregnancy,Addressing concerns about the potential risks of X-ray exposure to an unborn baby during pregnancy.
Should I avoid X-rays during pregnancy?,Exposure to high doses of X-ray radiation is not safe for the baby during pregnancy.,Risks of X-ray Exposure During Pregnancy,Addressing concerns about the potential risks of X-ray exposure to an unborn baby during pregnancy.
What are the dangers of X-ray exposure to my unborn child?,Exposure to high doses of X-ray radiation is not safe for the baby during pregnancy.,Risks of X-ray Exposure During Pregnancy,Addressing concerns about the potential risks of X-ray exposure to an unborn baby during pregnancy.
What should pregnant women know about Rubella?,"Rubella (German measles) is rare in Québec due to widespread vaccination. However, if a pregnant woman contracts rubella, it can lead to serious complications for both the pregnancy and the fetus, including birth defects. If you suspect you've been exposed to someone with rubella, it's important to consult a doctor for evaluation and potential testing.","Rubella, Pregnancy, German Measles, Infection, Risk",Rubella during pregnancy
"Safe sex practices, condom use to prevent STIs, preventing complications during pregnancy.","It is essential to protect yourself from sexually transmitted infections (STIs) during pregnancy. If there is a risk of exposure, using a condom can help prevent the transmission of infections, thereby safeguarding both your health and the health of your baby.",STI Protection During Pregnancy,Importance of using condoms during sexual activity to prevent sexually transmitted infections (STIs) and protect both mother and baby.
Are there any risks to my baby from ultrasound during pregnancy?,"Ultrasound scans are considered very safe for your unborn baby, as they do not involve harmful rays.",Safety of Ultrasound During Pregnancy,ddressing concerns about the safety of ultrasound scans for unborn babies during pregnancy.
Are ultrasound rays harmful to my baby during a scan?,"Ultrasound scans are considered very safe for your unborn baby, as they do not involve harmful rays.",Safety of Ultrasound During Pregnancy,ddressing concerns about the safety of ultrasound scans for unborn babies during pregnancy.
Should I be worried about the ultrasound rays affecting my unborn child?,"Ultrasound scans are considered very safe for your unborn baby, as they do not involve harmful rays.",Safety of Ultrasound During Pregnancy,ddressing concerns about the safety of ultrasound scans for unborn babies during pregnancy.
Will the ultrasound scan affect my baby's health?,"Ultrasound scans are considered very safe for your unborn baby, as they do not involve harmful rays.",Safety of Ultrasound During Pregnancy,ddressing concerns about the safety of ultrasound scans for unborn babies during pregnancy.
"What are the screening tests for chromosomal anomalies in pregnancy? What steps are involved, and are they mandatory?","The Prenatal Screening Program of Québec offers screening tests for chromosomal anomalies, such as trisomy 21, 18, or 13, as part of prenatal care. These tests are not mandatory, and it is up to you to decide whether to participate. The process typically involves a biochemical test, possibly followed by an ultrasound. If the test results suggest a high probability of anomalies, a genomic (fetal DNA) test or a diagnostic test may be offered. Additionally, some women may be offered a genomic test right away if they meet certain criteria, such as being over 40, having a previous pregnancy with trisomy, or carrying twins. Most tests under the screening program are free for those who choose to participate. Before undergoing these tests, its important to consider the decisions you might face if the baby is diagnosed with a trisomy.","Screening Tests, Prenatal Screening Program","Trisomy screening, optional tests, decision-making"
"What should you do if you experience severe headaches, upper abdominal pain, or changes in vision during pregnancy? When should you see a health professional regarding blood pressure?","If you experience severe headaches, upper abdominal pain, sudden changes in vision, or a general feeling of being unwell during pregnancy, you should contact your health professional immediately. Additionally, if your blood pressure is higher than 140/90, it's important to consult a health professional for further evaluation.","Severe headaches, upper abdominal pain, or vision changes during pregnancy","Symptoms to watch for, when to seek medical help"
Can I engage in sexual activity while pregnant?,"Yes, it is generally safe to have sex during pregnancy, but it's advised to avoid it in the first trimester (first 12 weeks). During this time, the pregnancy is fragile, and the risk of infections and the potential for vigorous sex causing a miscarriage are concerns.",Sex During Pregnancy,Advice regarding sexual activity during pregnancy
Is it safe to have sex during pregnancy?,"Yes, it is generally safe to have sex during pregnancy, but it's advised to avoid it in the first trimester (first 12 weeks). During this time, the pregnancy is fragile, and the risk of infections and the potential for vigorous sex causing a miscarriage are concerns.",Sex During Pregnancy,Advice regarding sexual activity during pregnancy
Is sex recommended during pregnancy?,"Yes, it is generally safe to have sex during pregnancy, but it's advised to avoid it in the first trimester (first 12 weeks). During this time, the pregnancy is fragile, and the risk of infections and the potential for vigorous sex causing a miscarriage are concerns.",Sex During Pregnancy,Advice regarding sexual activity during pregnancy
Should I avoid sex during pregnancy?,"Yes, it is generally safe to have sex during pregnancy, but it's advised to avoid it in the first trimester (first 12 weeks). During this time, the pregnancy is fragile, and the risk of infections and the potential for vigorous sex causing a miscarriage are concerns.",Sex During Pregnancy,Advice regarding sexual activity during pregnancy
"Medical restrictions, prenatal care provider guidance, precautions to ensure safety during pregnancy.","In certain cases, your prenatal care provider may advise against sexual intercourse, particularly if there are complications like bleeding, abdominal pain, or concerns about premature labor. It's important to follow their guidance and take any necessary precautions for the safety of both you and your baby.",Sexual Activity During Pregnancy,"Medical advice against intercourse due to complications like bleeding, abdominal pain, placenta issues, or risk of premature labor."
How long should I wait after vaginal stitches before having intercourse?,It's generally advisable to wait 40 to 60 days for the stitched area to heal before resuming sexual intercourse.,Sexual Intercourse After Vaginal Stitch,Advice on when it's safe to resume sexual intercourse after receiving vaginal stitches post-delivery.
Is it safe to have sex after receiving vaginal stitches?,It's generally advisable to wait 40 to 60 days for the stitched area to heal before resuming sexual intercourse.,Sexual Intercourse After Vaginal Stitch,Advice on when it's safe to resume sexual intercourse after receiving vaginal stitches post-delivery.
When can I have sex after vaginal stitches post-delivery?,It's generally advisable to wait 40 to 60 days for the stitched area to heal before resuming sexual intercourse.,Sexual Intercourse After Vaginal Stitch,Advice on when it's safe to resume sexual intercourse after receiving vaginal stitches post-delivery.
"Fluctuations in sexual desire, physical and emotional changes affecting intimacy, exploring new forms of closeness.","Pregnancy can lead to changes in sexual desire and intimacy. Couples may experience varying levels of sexual satisfaction due to physical discomfort, emotional shifts, or personal boundaries. It's important to communicate openly, adapt to each other's needs, and explore new ways of intimacy to maintain a healthy relationship.",Sexuality During Pregnancy,"Changes in sexual desire, intimacy, discomfort, personal limits, and evolving perceptions as parents."
what is a Sexually transmitted infection (STI),"Infection caused by a bacteria or virus transmitted 
through sexual contact.",Sexually transmitted infection (STI),Sexually transmitted infection (STI) defintion
How does pregnancy contribute to sharp stomach pains?,"Round ligament pain is one of the most common discomforts during pregnancy. The round ligaments are connective tissue cords that support the uterus on each side, connecting it to the groin and pubic region. As the uterus expands during pregnancy, these ligaments can stretch and spasm, causing sharp pains when you move.",Sharp Pains in the Stomach During Pregnancy,Understanding round ligament pain during pregnancy
What are the reasons for experiencing sharp pains in the abdomen while pregnant?,"Round ligament pain is one of the most common discomforts during pregnancy. The round ligaments are connective tissue cords that support the uterus on each side, connecting it to the groin and pubic region. As the uterus expands during pregnancy, these ligaments can stretch and spasm, causing sharp pains when you move.",Sharp Pains in the Stomach During Pregnancy,Understanding round ligament pain during pregnancy
What could be causing sharp stomach pains during pregnancy?,"Round ligament pain is one of the most common discomforts during pregnancy. The round ligaments are connective tissue cords that support the uterus on each side, connecting it to the groin and pubic region. As the uterus expands during pregnancy, these ligaments can stretch and spasm, causing sharp pains when you move.",Sharp Pains in the Stomach During Pregnancy,Understanding round ligament pain during pregnancy
Why do I have sharp pains in the stomach?,"Round ligament pain is one of the most common discomforts during pregnancy. The round ligaments are connective tissue cords that support the uterus on each side, connecting it to the groin and pubic region. As the uterus expands during pregnancy, these ligaments can stretch and spasm, causing sharp pains when you move.",Sharp Pains in the Stomach During Pregnancy,Understanding round ligament pain during pregnancy
How can I tell if I'm entering labor?,"Signs that labor might be starting include contractions or tightening of the abdomen, a ""show"" where the mucus plug from your cervix comes away, backache, an urge to go to the toilet caused by pressure from the baby's head on your bowel, and your waters breaking. The early, latent stage of labor can take some time to progress fully.",Signs of Labor,Identifying the onset of labor
How do I know that I am in labor?,"Signs that labor might be starting include contractions or tightening of the abdomen, a ""show"" where the mucus plug from your cervix comes away, backache, an urge to go to the toilet caused by pressure from the baby's head on your bowel, and your waters breaking. The early, latent stage of labor can take some time to progress fully.",Signs of Labor,Identifying the onset of labor
What are the indicators of labor beginning?,"Signs that labor might be starting include contractions or tightening of the abdomen, a ""show"" where the mucus plug from your cervix comes away, backache, an urge to go to the toilet caused by pressure from the baby's head on your bowel, and your waters breaking. The early, latent stage of labor can take some time to progress fully.",Signs of Labor,Identifying the onset of labor
What are the signs that labor is starting?,"Signs that labor might be starting include contractions or tightening of the abdomen, a ""show"" where the mucus plug from your cervix comes away, backache, an urge to go to the toilet caused by pressure from the baby's head on your bowel, and your waters breaking. The early, latent stage of labor can take some time to progress fully.",Signs of Labor,Identifying the onset of labor
How does skin-to-skin contact benefit a newborn? What is the best way to perform skin-to-skin contact? How does skin-to-skin contact help with breastfeeding?,"Skin-to-skin contact with your newborn in the early hours, days, and weeks helps soothe and comfort the baby while promoting emotional bonding. To practice it, simply place your baby on your chest with just a diaper on and cover her with a blanket. This type of contact not only strengthens the bond between mother and baby but also makes breastfeeding easier.",Skin-to-skin contact with newborn,"Emotional bonding, soothing, breastfeeding assistance"
"How much sleep do babies need between 6 and 12 months? Why might a baby start waking up at night, and how can you reassure them?","Babies between 6 and 12 months typically sleep 8 to 10 hours at night, totaling around 15 hours of sleep per day. During this period, it is common for babies to start waking up at night due to separation anxiety. When this happens, you can reassure your baby with your voice and touch, which often helps them feel better. It's normal for babies to have wakeful periods, and they can gradually learn to fall asleep on their own.","Sleep After 6 Months, Separation Anxiety, Baby Sleep Patterns","Night waking, separation anxiety, reassuring baby"
"Why do 1- to 2-year-olds cry at bedtime? How long does separation anxiety last, and how can you handle it? How does a consistent bedtime routine help?","Many 1- to 2-year-olds cry at bedtime due to separation anxiety, a normal phase that can last until around 18 months or longer. Their fears make it difficult for them to be apart from you at night. Maintaining a consistent bedtime routine with gentle firmness can help reassure your child, providing comfort and security as they navigate this challenging time.","Sleep Problems, Separation Anxiety, Bedtime Routine","Crying at bedtime, separation anxiety, reassurance strategies"
How should you ensure your baby sleeps safely while away from home? What are some alternatives to a crib when traveling? Is it safe to let your baby sleep in a car seat or carrier?,"When away from home, always ensure your baby sleeps in a safe place. Never put your baby to bed alone in an adult bed or use pillows. If you don't have a crib, a blanket on the floor can be a temporary safe bed for babies under 6 months. A mattress on the floor or a playpen are other options, but avoid adding extra mattresses or padding to a playpen. A car seat or baby carrier is not a safe place for sleeping, especially if you are lying down while wearing the carrier. For walks, place your baby on her back in a stroller with a flat or almost flat backrest, ensuring she is properly strapped in. Baby carriers are also an option for walks but are not suitable for sleeping.","Sleeping Away from Home, Travel Safety","Safe sleep practices, temporary sleeping arrangements, stroller, car seat"
How long do babies typically sleep through the night? What can you do to help your baby distinguish between day and night?,"Babies sleep patterns vary, but ""sleeping through the night"" generally refers to five or six hours of sleep between 11 p.m. and 8 a.m. About 70% of 3-month-olds sleep for five hours at night, increasing to 90% by 10 months. To help your baby distinguish between day and night, follow her natural sleep rhythm and keep nighttime feedings calm and quiet by dimming the lights and avoiding conversation.","Sleeping Through the Night, Baby Sleep, Sleep Patterns","Sleep duration, baby sleep rhythm, nighttime feeding"
Should you sleep with your baby? What are the risks of sleeping with your baby on certain surfaces or when you're impaired? How can you safely share your bed with your baby?,"Its not recommended to sleep with your baby, especially on couches or furniture like upholstered chairs, or if youve been drinking, taking medication that makes you drowsy, or are extremely tired. In these situations, its safer for your baby to sleep in her crib in your room. To safely share your bed, always place your baby on her back, use a firm mattress, remove soft bedding, and ensure there is enough space between the mattress and wall to prevent the baby from getting stuck. Never let your baby sleep alone in an adult bed.","Sleeping with Baby, Safety","Sharing a bed, accidents, safe sleep practices"
"Smoking increases risk for complications such as preterm birth, stillbirth, and sudden infant death syndrome (SIDS).","Smoking during pregnancy significantly harms fetal development and increases risks such as placental abruption, premature birth, low birth weight, stillbirth, and sudden infant death syndrome (SIDS). To reduce these risks, it's important to avoid second-hand smoke. Pregnant women should encourage friends and family who smoke to do so outdoors to prevent exposure.",Smoking Risks During Pregnancy,Negative effects of smoking on fetal development and pregnancy.
"How can you soothe a crying baby? What are the different techniques that can help calm a baby? If nothing works after trying various methods, what should you do?","To soothe a crying baby, ensure her needs are met and check for any concerning signs. You can try calming techniques such as turning down the lights, playing soft music, massaging or touching her, offering your breast for comfort, rocking her, going for a stroller or car ride, giving her a bath, or placing her face down on your forearm in a soothing position. If these methods don't work after several days or if you have concerns, consult a health professional for reassurance and other suggestions. Medications and natural products for ""colic"" are generally not recommended.",Soothing techniques for crying baby,"Baby's needs, soothing methods, professional consultation"
Pregnant individuals looking for non-dairy options or protein-rich plant-based alternatives for their diet.,"Fortified soy beverages are excellent non-dairy alternatives that provide calcium, vitamin D, and protein levels comparable to milk. For the best health benefits, choose plain or unsweetened versions. Other plant-based beverages, like almond, hemp, or rice, typically lack sufficient protein and may not be as nutritionally beneficial. Soy-based products, such as tofu and edamame, are versatile additions to your meals, offering a rich source of protein. You can incorporate tofu into various recipes as a substitute for meat or poultry, ensuring variety and nutritional balance in your diet.",Soy Products and Pregnancy Nutrition,The nutritional benefits of fortified soy beverages and soy-based products during pregnancy.
How should women with gestational diabetes manage their diet during pregnancy?,"Women with gestational diabetes should follow a balanced diet that includes vegetables, fruits, whole grains, and protein-rich foods, just like other pregnant women. It is important not to eliminate any of these food groups, as they provide essential nutrients for both mother and baby. However, sugar-rich products, such as juices, soft drinks, cakes, ice cream, and added sugars in foods like coffee or milk, should be avoided or consumed in small quantities. To stabilize blood sugar levels, it's crucial to eat regularly and include high-fiber and protein foods in your meals. A nutritionist or prenatal care provider can offer personalized advice.",Special Needs,"Special dietary considerations during pregnancy, including gestational diabetes."
what is  Spina bifida,Birth defect of the spinal column,Spina bifida,Spina bifida  definition
What are the three main stages of labor? What happens during each stage of childbirth? How long does each stage last?,"Childbirth is divided into three main stages. The first stage involves the thinning and opening of the cervix, known as dilation. The second stage is the descent and birth of the baby. The third stage is the delivery of the placenta. The length of each stage varies from one delivery to another, making it unpredictable.",Stages of Labor,"Childbirth, labor stages, cervix dilation, baby birth, placenta delivery"
At what point should I start my antenatal visits?,It is highly recommended to start your antenatal visits as soon as you know you're pregnant.,Starting Antenatal Care,Guidance on when to initiate antenatal care during pregnancy
Is there a specific time I should start antenatal care?,It is highly recommended to start your antenatal visits as soon as you know you're pregnant.,Starting Antenatal Care,Guidance on when to initiate antenatal care during pregnancy
When do I need to begin attending antenatal appointments?,It is highly recommended to start your antenatal visits as soon as you know you're pregnant.,Starting Antenatal Care,Guidance on when to initiate antenatal care during pregnancy
When should I begin antenatal care?,It is highly recommended to start your antenatal visits as soon as you know you're pregnant.,Starting Antenatal Care,Guidance on when to initiate antenatal care during pregnancy
What happens in the first few days after birth in terms of milk production? How does colostrum help during this early period?,"After childbirth, your body begins producing milk, and the first type of milk is called colostrum. Colostrum is thick, yellowish, and packed with the nutrients your newborn needs. Although you might feel like you're not producing much milk, the small amounts of colostrum are perfectly suited to your baby's needs in the first few days. It's normal for your baby to nurse frequently during this time, as she adjusts to feeding outside the womb. This early breastfeeding period is crucial for establishing milk production and bonding with your baby. Your breasts have naturally prepared for this process throughout pregnancy, and they will provide the milk your baby needs.",Starting milk production - Colostrum,"The early stages of breastfeeding, the role of colostrum, and the initiation of milk production post-birth."
How keeping the baby close and recognizing hunger signs enhances breastfeeding.,"Keeping your baby close to you both day and night helps strengthen the bond between you and your baby. Being physically near your baby allows you to better understand and recognize the early signs of hunger. This proximity makes it easier to offer the breast when needed, as your baby will likely be calmer and more receptive. Responding quickly to these hunger cues also helps build trust and reassures your baby, fostering a stronger emotional connection.",Staying close to baby and being attentive to hunger signs,The importance of proximity and awareness of hunger cues for breastfeeding.
"When might labour be stimulated, and what method is used? How does oxytocin help in this process?","Labour may be stimulated if the cervix is not dilating and contractions are either too weak or too far apart. Oxytocin, a hormone, is intravenously administered to increase the frequency and strength of contractions. Once it takes effect, oxytocin is usually given continuously until the baby is born.",Stimulating Labour,"Oxytocin, cervix dilation, strengthening contractions"
What temperature should the fridge and freezer be set at for safe food storage? How long can foods be kept at room temperature? Where should raw meat be stored in the fridge? How should perishable foods be stored after opening? What should you do with leftovers?,"To ensure safe food storage, your fridge should be set at 4°C (40°F) or colder, and the freezer should be at -18°C (0°F) or colder. Foods that need to be kept cold or hot should not be left at room temperature for more than two hours; in hot weather, the maximum time is one hour. Raw meat, poultry, and fish should be stored on the bottom shelves of the fridge to avoid cross-contamination. After opening perishable foods, use the Thermoguide to determine how long you can store them safely. Leftovers should be refrigerated immediately and used within four days or frozen right away.","Storage, Preservation, Food Safety","Proper fridge and freezer temperatures, handling perishable foods, storing raw meat"
"Why do newborns have the reflex to suck, and what is the role of pacifiers? Should a baby use a pacifier constantly, and how can it affect their teeth? When should you encourage your child to stop using a pacifier, and how can it affect their speech?","Newborns naturally have the reflex to suck, with breastfeeding being the most satisfying option. While not all babies need a pacifier, some may use one for comfort, but it shouldn't be in their mouth all the time. If your baby sucks her thumb or fingers, consider offering a pacifier, as it's easier to control. Prolonged use of a pacifier can affect your child's teeth and pronunciation, so it's best to help them gradually stop around the age of 2 or 3, before adult teeth come in. Avoid using pacifiers to calm your baby too quickly, as it may mask her needs.","Sucking reflex, pacifier use","Sucking reflex, pacifier, thumb-sucking, dental concerns"
What are the risk factors for Sudden Infant Death Syndrome (SIDS)? What recommendations help reduce the risk of SIDS?,"The main risk factors for Sudden Infant Death Syndrome (SIDS) include exposure to maternal tobacco use or secondhand smoke, sleeping on the stomach, and blankets or bedding that could cover a babys face. To reduce the risk of SIDS, ensure your baby sleeps safely, avoid smoking during pregnancy and around the baby, and always put your baby to sleep on her back. Babies who are breastfed and properly vaccinated have a lower risk of SIDS. Additionally, make sure your baby is dressed appropriately for sleep, neither too warm nor too cold. Using a baby monitor does not replace these essential safety precautions.","Sudden Infant Death Syndrome (SIDS), Infant Sleep Safety","SIDS risk factors, safe sleep recommendations, breastfeeding, smoking"
what is Sudden infant death syndrome,"The unexplainable sudden death of an apparently 
healthy newborn under the age of one.",Sudden infant death syndrome,Sudden infant death syndrome definition
Use sunscreen with SPF 30 or higher to prevent hyperpigmentation and pregnancy mask.,"It is recommended to use sunscreen when going out in the sun during pregnancy, as sun exposure can increase the risk of hyperpigmentation and pregnancy mask. Choose a sunscreen with a sun protection factor (SPF) of at least 30 that protects against both UVA and UVB rays. Pay special attention to protecting your face.",Sunscreen during Pregnancy,Importance of using sunscreen to protect against sun-related skin changes during pregnancy.
Do I need supplements during pregnancy?,"Yes, supplements are important during pregnancy, especially prenatal vitamins. These can help prevent birth defects, support healthy growth for your baby, and may alleviate symptoms like morning sickness.",Supplements During Pregnancy,"Importance of supplements, especially prenatal vitamins, during pregnancy"
Should I take prenatal vitamins during pregnancy?,"Yes, supplements are important during pregnancy, especially prenatal vitamins. These can help prevent birth defects, support healthy growth for your baby, and may alleviate symptoms like morning sickness.",Supplements During Pregnancy,"Importance of supplements, especially prenatal vitamins, during pregnancy"
What supplements should I take during pregnancy?,"Yes, supplements are important during pregnancy, especially prenatal vitamins. These can help prevent birth defects, support healthy growth for your baby, and may alleviate symptoms like morning sickness.",Supplements During Pregnancy,"Importance of supplements, especially prenatal vitamins, during pregnancy"
Why are supplements important during pregnancy?,"Yes, supplements are important during pregnancy, especially prenatal vitamins. These can help prevent birth defects, support healthy growth for your baby, and may alleviate symptoms like morning sickness.",Supplements During Pregnancy,"Importance of supplements, especially prenatal vitamins, during pregnancy"
"Why is it important to have someone with you during childbirth, and how can a partner support during labor?","Having someone you trust with you during childbirth, such as the babys father, your partner, a family member, friend, or doula, provides emotional reassurance, encouragement, and support, helping you feel more comfortable and confident. Partners, while they may feel powerless, play a crucial role by staying present, maintaining a positive and caring attitude, and offering constant encouragement during this intense and emotional experience. Their support can make a significant difference in helping you cope with labor challenges.",Support During Childbirth,"Importance of having a trusted companion, partners role in labor"
Stressing the importance of family and friends' support during the breastfeeding journey.,"Whether breastfeeding is a familiar practice in your family or you're the first to do so, its important to communicate your plans and intentions clearly. Let your family and friends know how they can best support you in your breastfeeding journey. Their understanding and support can make a significant difference. Dont hesitate to ask for help with practical tasks like preparing meals, running errands, or caring for the baby, as this will allow you to focus more on breastfeeding and adjusting to your new routine.",Support from family and friends,Encouraging open communication with family and friends regarding breastfeeding plans.
"Why is creating a supportive environment important during childbirth, and how can it be achieved?","Creating a supportive environment during childbirth is vital as it helps women feel calm, safe, and confident, promoting the secretion of hormones essential for labor. This can be achieved by dimming the lights, reducing ambient noise, lowering monitor volumes, and encouraging people to whisper, ensuring a tranquil and reassuring atmosphere.",Supportive Birthing Environment,"Importance of calmness, safety, and confidence during childbirth"
What are the reasons for swollen feet in pregnancy?,"It's normal to experience some swelling in pregnancy, especially in your legs, ankles, feet, and fingers. This swelling tends to worsen towards the end of the day and as your pregnancy progresses.",Swollen Feet During Pregnancy,Causes and implications of swollen feet
What could be causing swelling in my feet?,"It's normal to experience some swelling in pregnancy, especially in your legs, ankles, feet, and fingers. This swelling tends to worsen towards the end of the day and as your pregnancy progresses.",Swollen Feet During Pregnancy,Causes and implications of swollen feet
Why are my feet swollen during pregnancy?,"It's normal to experience some swelling in pregnancy, especially in your legs, ankles, feet, and fingers. This swelling tends to worsen towards the end of the day and as your pregnancy progresses.",Swollen Feet During Pregnancy,Causes and implications of swollen feet
Why do I have swollen feet?,"It's normal to experience some swelling in pregnancy, especially in your legs, ankles, feet, and fingers. This swelling tends to worsen towards the end of the day and as your pregnancy progresses.",Swollen Feet During Pregnancy,Causes and implications of swollen feet
"Why do newborns sometimes have swollen breasts, and how should you handle this?","Both boy and girl babies may experience swollen breasts, which could even produce a small amount of milk. This condition is temporary and typically resolves on its own within a few days. It is important not to attempt to release the milk, as the issue will clear up naturally.",Swollen breasts in newborns,"Baby, breast swelling, milk production"
"Ultraviolet rays, body temperature, potential harm to the baby.","Even though ultraviolet rays cannot reach the fetus, tanning salons are not recommended for pregnant women. The extreme heat you are exposed to during tanning sessions can significantly increase body temperature and harm your baby. Many tanning salons require pregnant customers to provide written authorization from a health professional.",Tanning Salons,Risks of tanning salons during pregnancy.
How many TT injections should I receive during pregnancy?,"You should receive a total of 5 TT injections during your pregnancy. TT1 is administered at your first antenatal visit, TT2 one month after TT1, TT3 six months after TT2, TT4 one year after TT3, and TT5 one year after TT4.",Tetanus Toxoid (TT) Injections During Pregnancy,Information about the schedule and number of TT injections during pregnancy
How often should I receive TT injections during pregnancy?,"You should receive a total of 5 TT injections during your pregnancy. TT1 is administered at your first antenatal visit, TT2 one month after TT1, TT3 six months after TT2, TT4 one year after TT3, and TT5 one year after TT4.",Tetanus Toxoid (TT) Injections During Pregnancy,Information about the schedule and number of TT injections during pregnancy
What is the schedule for TT injections during pregnancy?,"You should receive a total of 5 TT injections during your pregnancy. TT1 is administered at your first antenatal visit, TT2 one month after TT1, TT3 six months after TT2, TT4 one year after TT3, and TT5 one year after TT4.",Tetanus Toxoid (TT) Injections During Pregnancy,Information about the schedule and number of TT injections during pregnancy
When should I get TT injections during my pregnancy?,"You should receive a total of 5 TT injections during your pregnancy. TT1 is administered at your first antenatal visit, TT2 one month after TT1, TT3 six months after TT2, TT4 one year after TT3, and TT5 one year after TT4.",Tetanus Toxoid (TT) Injections During Pregnancy,Information about the schedule and number of TT injections during pregnancy
Are TT injections necessary for every pregnancy?,"If you received all five doses during your previous pregnancy, you do not need additional injections for subsequent pregnancies. However, if the gap between pregnancies is more than 2 years, a booster dose is recommended.",Tetanus Toxoid (TT) Injections in Subsequent Pregn,Information about the need for TT injections in subsequent pregnancies after receiving the full course in a previous pregnancy
Do I need TT shots for each pregnancy?,"If you received all five doses during your previous pregnancy, you do not need additional injections for subsequent pregnancies. However, if the gap between pregnancies is more than 2 years, a booster dose is recommended.",Tetanus Toxoid (TT) Injections in Subsequent Pregn,Information about the need for TT injections in subsequent pregnancies after receiving the full course in a previous pregnancy
Do I need to get TT injections for every pregnancy?,"If you received all five doses during your previous pregnancy, you do not need additional injections for subsequent pregnancies. However, if the gap between pregnancies is more than 2 years, a booster dose is recommended.",Tetanus Toxoid (TT) Injections in Subsequent Pregn,Information about the need for TT injections in subsequent pregnancies after receiving the full course in a previous pregnancy
Should I receive TT injections in subsequent pregnancies?,"If you received all five doses during your previous pregnancy, you do not need additional injections for subsequent pregnancies. However, if the gap between pregnancies is more than 2 years, a booster dose is recommended.",Tetanus Toxoid (TT) Injections in Subsequent Pregn,Information about the need for TT injections in subsequent pregnancies after receiving the full course in a previous pregnancy
How does breast milk change to meet the babys needs?,"Breast milk changes in composition throughout the breastfeeding period to meet the evolving needs of the baby. It contains proteins, sugars, and fats, including omega-3 fatty acids, which support brain and eye development. Additionally, it provides essential vitamins and minerals needed for growth, although vitamin D is not present in sufficient amounts (refer to Vitamin D section). Breast milk also contains enzymes that aid digestion and antibodies that help protect against infections, strengthening the babys immune system. Over 200 components have been identified in breast milk, and factors such as the mothers diet can influence its composition and taste.",The composition of breast milk,The makeup and nutritional content of breast milk.
How does breast milk change to meet the baby’s needs?,"Breast milk changes in composition throughout the breastfeeding period to meet the evolving needs of the baby. It contains proteins, sugars, and fats, including omega-3 fatty acids, which support brain and eye development. Additionally, it provides essential vitamins and minerals needed for growth, although vitamin D is not present in sufficient amounts (refer to Vitamin D section). Breast milk also contains enzymes that aid digestion and antibodies that help protect against infections, strengthening the baby’s immune system. Over 200 components have been identified in breast milk, and factors such as the mother’s diet can influence its composition and taste.",The composition of breast milk,The makeup and nutritional content of breast milk.
Encouraging active involvement from partners and family in breastfeeding and infant care.,"Pregnancy is an ideal time for open discussions about breastfeeding with your partner, family, and friends, and to explore breastfeeding resources and community support. Partners play an essential role in the breastfeeding process by offering emotional and physical support. At the beginning, the partner can assist with tasks like helping the mother get the baby latched, providing comfort and encouragement, and managing practical needs like snacks or drinks. Partners can also shield the mother from negative influences and seek out additional support if needed. By working together as a team, partners can help establish a smooth breastfeeding routine, bond with the baby, and ease into parenting roles, making the experience more manageable for the breastfeeding mother.",The importance of a support network,Emphasizing the role of partners and support systems in breastfeeding.
At what point should I begin antenatal care?,You should start your prenatal care as soon as possible once you know you're pregnant.,Timing of Prenatal Care,Advice on when to initiate prenatal care
Should I start antenatal care as soon as I find out I'm pregnant?,You should start your prenatal care as soon as possible once you know you're pregnant.,Timing of Prenatal Care,Advice on when to initiate prenatal care
When is the best time to go for prenatal appointments?,You should start your prenatal care as soon as possible once you know you're pregnant.,Timing of Prenatal Care,Advice on when to initiate prenatal care
When should I start prenatal care?,You should start your prenatal care as soon as possible once you know you're pregnant.,Timing of Prenatal Care,Advice on when to initiate prenatal care
Supportive actions to maintain a healthy pregnancy.,"Its important to explain to your partner, family, and friends that you need to avoid alcohol during pregnancy, as their support will be crucial. You can also use your pregnancy as an opportunity to try out non-alcoholic beverages, such as sparkling water with fruit or cucumber slices, homemade iced tea, or virgin (alcohol-free) versions of your favorite cocktails (mocktails). Most bars and restaurants offer mocktail options, so dont hesitate to ask your server. For more information on the risks of alcohol use during pregnancy and additional resources, visit the FASD  Alcohol-Free Pregnancy website at fasd-alcoholfreepregnancy.ca.",Tips for Avoiding Alcohol During Pregnancy,Strategies for avoiding alcohol consumption during pregnancy.
Pregnant women may seek advice on how to incorporate more vegetables and fruits into their diet while considering affordability and health benefits.,"If youre not accustomed to eating vegetables and fruits at every meal, start by adding small amounts of your favorites, then explore new varieties and cooking methods. Frozen or canned options can be cost-effective, particularly in winteropt for those with lower salt and sugar content. While juices might seem convenient, they often lack fiber and can be high in salt and sugar, making whole or minimally processed veggies and fruits a better choice for a healthier pregnancy diet.",Tips for Eating Vegetables and Fruits During Pregnancy,Guidance on gradually increasing vegetable and fruit intake and selecting healthier options.
No safe level of cigarette use; advised to quit smoking during pregnancy.,"Pregnancy is an ideal time to quit smoking. Smoking, including exposure to second-hand smoke, harms the fetus, mother, and baby, with no safe level of tobacco use. Prenatal care providers will ask about smoking habits to provide relevant care, support quitting, and address concerns. Smoking affects fetal development and can complicate pregnancy and the postpartum period.",Tobacco and Electronic Cigarettes During Pregnancy,Risks of smoking and electronic cigarettes during pregnancy.
How much sleep does a 1- to 2-year-old child need? How do napping patterns change during this stage? How should you handle your child's mood after waking up?,"A 1- to 2-year-old child typically sleeps between 8 to 12 hours at night. Before 18 months, children usually need two naps a day, one in the morning and one in the afternoon. After 18 months to 2 years, they may transition to just one nap. If your child wakes up in a bad mood, it's important to be patient and give them time to adjust before resuming activities. Remember, each child's sleep needs vary and decrease as they grow.","Toddler Sleep, Napping, Sleep Duration","Sleep patterns, nap transitions, individual sleep needs"
"Questions like ""How should I wear a seat belt while pregnant?"" or ""Is it safe to use a seat belt during pregnancy?"" commonly arise for expectant mothers concerned about travel safety.","Wearing a seat belt during pregnancy is essential for the safety of both the mother and the baby. Ensure the lap belt is positioned low across the hips and below the belly, while the shoulder strap should run across the chest and beside the belly, avoiding placement behind the back or under the arm. A properly worn seat belt provides effective protection in case of an accident and minimizes the risk of harm to the baby. Always ensure the seat belt fits snugly and comfortably.",Travel Safety During Pregnancy,Importance of seat belt usage and proper positioning during pregnancy for safety.
How long should you wait to try for pregnancy again after a miscarriage? Is it necessary to consult a health professional if you've had multiple miscarriages? Should you continue taking folic acid?,"It is recommended to wait until you have had at least one normal menstrual cycle before trying to conceive again after a miscarriage. If you have had multiple miscarriages, it may be helpful to consult with a health professional. You should also continue taking your folic acid supplement.",Trying to conceive after miscarriage,Wait for one normal menstrual cycle after miscarriage before trying again; consult a health professional after multiple miscarriages.
How should women with multiple pregnancies manage their diet and nutritional needs?,"Women carrying multiple babies need to consume slightly more food than those carrying a single child. This can be achieved by adding extra snacks or light meals to their usual diet. Your healthcare provider may also suggest special vitamin and mineral supplements to support the increased nutritional demands. Due to discomforts like morning sickness, pressure on the stomach, slower digestion, and physical discomfort, appetite may be reduced. In such cases, choosing nutrient-dense foods or drinking nutritious beverages, such as smoothies, fortified soy drinks, and milk, can be beneficial.",Twin or Multiple Pregnancies,Dietary needs and challenges for women carrying multiple babies.
"What are the different types of discharge during pregnancy, and how can you identify them? How do you estimate whether you're losing amniotic fluid?","During pregnancy, vaginal discharge becomes heavier and runnier, particularly in the final months. It can dampen underwear or soak a panty liner. Urine leakage is more common after physical exertion, coughing, or sneezing, and stops once the bladder is emptied. Amniotic fluid, which is clear and odorless, may leak continuously when the baby moves or the mother changes position. To check for amniotic fluid leakage, wear a sanitary pad, check after 30 minutes, and if the pad is soaked, it indicates that your waters may have broken.",Types of discharge during pregnancy,"Identifying vaginal discharge, urine, and amniotic fluid"
what is  Ultrasound,"An examination using an ultrasound device that can 
see the embryo or fetus in the mother’s womb.",Ultrasound,Ultrasound  definition
At what stage of pregnancy should I get my first ultrasound?,It's recommended to have your first ultrasound scan within the first 3 months of pregnancy.,Ultrasound During Pregnancy,Discussing the timing and importance of the first ultrasound scan during pregnancy.
What is the best time to have the initial ultrasound?,It's recommended to have your first ultrasound scan within the first 3 months of pregnancy.,Ultrasound During Pregnancy,Discussing the timing and importance of the first ultrasound scan during pregnancy.
When do doctors recommend having the first ultrasound?,It's recommended to have your first ultrasound scan within the first 3 months of pregnancy.,Ultrasound During Pregnancy,Discussing the timing and importance of the first ultrasound scan during pregnancy.
When should I schedule my first ultrasound scan?,It's recommended to have your first ultrasound scan within the first 3 months of pregnancy.,Ultrasound During Pregnancy,Discussing the timing and importance of the first ultrasound scan during pregnancy.
What is an ultrasound used for during pregnancy? What information can it provide and can it reveal the baby's sex?,"An ultrasound during pregnancy is used to determine how far along you are, confirm your due date, and check that your baby is growing appropriately. It allows your health professional to examine your babys organs, limbs, and confirm how many babies are present. It also helps determine the location of the placenta. Although its often possible to identify the babys sex, there is a slight risk of error. If you wish to keep the sex a surprise, be sure to inform the technician and doctor to prevent any misunderstandings.",Ultrasound Examination,"Baby development, placenta, ultrasound purpose, baby sex"
"What is the purpose of the ultrasound between weeks 11 and 13, and what does nuchal translucency measurement indicate?","The ultrasound offered between weeks 11 and 13 is used to measure the nuchal translucency, which is the space between the skin of the neck and the spine of the fetus. A higher-than-normal measurement may suggest a higher risk of trisomy 21, other chromosomal abnormalities, or fetal malformations. This test may come with a fee and is often conducted alongside the biochemical test.","Ultrasound, Nuchal Translucency, Trisomy Screening","Ultrasound test, nuchal translucency, chromosomal abnormalities"
What should parents do when things dont go as planned during childbirth? How should they handle a baby with health problems or a premature baby?,"When things dont go as planned during childbirth, parents may have to face unexpected challenges such as health problems, birth defects, or premature birth. In these cases, the baby may require hospitalization for special care. Parents need to adjust to this new reality and the role they may not have anticipated. Babies born prematurely (before 37 weeks) require special care, and the parents should be prepared to support their baby through any necessary medical treatments or interventions.","Unexpected birth complications, premature baby","Health problems, hospitalization, premature birth, adjusting to new reality"
What should parents do when things don’t go as planned during childbirth? How should they handle a baby with health problems or a premature baby?,"When things don’t go as planned during childbirth, parents may have to face unexpected challenges such as health problems, birth defects, or premature birth. In these cases, the baby may require hospitalization for special care. Parents need to adjust to this new reality and the role they may not have anticipated. Babies born prematurely (before 37 weeks) require special care, and the parents should be prepared to support their baby through any necessary medical treatments or interventions.","Unexpected birth complications, premature baby","Health problems, hospitalization, premature birth, adjusting to new reality"
What symptoms indicate a urinary tract infection (UTI)? What are the signs of a UTI?,"A urinary tract infection (UTI) is characterized by pain in the lower abdomen and sometimes the back, frequent urination in small amounts, and a false urge to urinate with a sense of urgency. Other signs include leaking urine, a burning sensation when urinating, a persistent urge to urinate even after emptying the bladder, and sometimes blood in the urine. These symptoms suggest an infection in the urinary system.",Urinary tract infection,Symptoms and signs of a urinary tract infection (UTI)
"Short-term effect, frequent reapplication, exposure.","The use of citronella oil or lavender oilbased products during pregnancy is not recommended. These oils have short-term effects, requiring frequent reapplication, which can lead to increased exposure.",Use of Citronella and Lavender Oil,Risks associated with using citronella and lavender oil-based products during pregnancy.
"How can water be used to manage childbirth pain, and why is it effective?","Water can help manage childbirth pain through baths or showers, which are often available in hospitals and birthing centers. Many women find the warmth and buoyancy of water soothing, as it helps reduce pain and promotes relaxation during labor.",Using Water for Pain Relief,Baths and showers as pain management options during childbirth
"What causes uterine contractions after childbirth, and how do they vary in different pregnancies? What should you do if the pain becomes difficult to manage?","After childbirth, uterine contractions can occur, especially while breastfeeding. These contractions may be more intense if it is not your first pregnancy. If the pain becomes uncomfortable or difficult to manage, its important to contact your health professional for advice or relief.",Uterine Contractions,"Contractions during breastfeeding, increased intensity in subsequent pregnancies"
"What are uterine contractions, and how can you tell if they are a sign of labor? What is the duration and pattern of contraction pain?","Uterine contractions are characterized by painful hardening of the uterus. The first contractions may feel similar to menstrual cramps. The pain typically lasts at least 20 seconds, and as labor begins, the contractions will come and go at regular intervals. This pattern of pain is a key sign that labor is starting.",Uterine contractions,Symptoms and characteristics of uterine contractions
Why is the flu vaccine recommended during pregnancy?,"The flu vaccine is recommended for pregnant women who are 13 weeks or more into their pregnancy, as they are at a higher risk of flu complications, which could lead to hospitalization. Additionally, pregnant women may transmit the flu to their baby. If you have a chronic health condition, it is advised to get the flu vaccine as soon as possible, regardless of your stage of pregnancy.","Vaccines, Flu, Pregnancy",Flu vaccine recommendation during pregnancy
Why is the pertussis vaccine recommended during pregnancy?,"The pertussis (whooping cough) vaccine is recommended for pregnant women to protect both the mother and the baby, as pertussis can be serious for young babies. The vaccine is usually given between 26 and 32 weeks of pregnancy and helps protect your baby during the first few months of life. The vaccine must be repeated for each pregnancy. Depending on your condition, other vaccines may also be recommended during pregnancy or after delivery.","Vaccines, Pertussis, Pregnancy",Pertussis vaccine recommendation during pregnancy
Can women who have had a C-section give birth vaginally in the future? What are the benefits and risks of attempting a VBAC?,"Yes, many women who have had a C-section are able to give birth vaginally in subsequent pregnancies, with around three in four successfully having a vaginal birth after caesarean (VBAC). The benefits of VBAC include no risks from surgery, immediate bonding with the baby, greater mobility, and a shorter recovery time. However, VBAC carries a very low risk of uterine rupture, which, though rare, can have serious consequences and may require an emergency C-section. A planned C-section also carries its own risks.",Vaginal Birth After Caesarean (VBAC),"Advantages, risks, and possibility of VBAC after a previous C-section"
Can I have a vaginal delivery after a C-section?,It is possible depending on the reason for your previous C-section.,Vaginal Delivery After C-section (VBAC),Considering the possibility of having a vaginal delivery after a previous C-section.
Can I opt for a natural birth after having a C-section?,It is possible depending on the reason for your previous C-section.,Vaginal Delivery After C-section (VBAC),Considering the possibility of having a vaginal delivery after a previous C-section.
Is it safe to try for a vaginal birth after a C-section?,It is possible depending on the reason for your previous C-section.,Vaginal Delivery After C-section (VBAC),Considering the possibility of having a vaginal delivery after a previous C-section.
What factors determine if I can have a vaginal birth after a C-section?,It is possible depending on the reason for your previous C-section.,Vaginal Delivery After C-section (VBAC),Considering the possibility of having a vaginal delivery after a previous C-section.
Why are vaginal swabs recommended during pregnancy? What do they screen for and how are the results treated?,"Vaginal swabs during pregnancy are recommended to screen for sexually transmitted infections (STIs) like chlamydia and gonorrhoea, as these can go undetected and affect both the mother and baby. The screening is confidential, and if you suspect exposure to an STI after your initial test, you can request a repeat screening. At around 36 weeks, a vaginal and anal swab is also used to test for Group B Streptococcus, a bacteria that, if untreated, can harm the baby during labor. If the bacteria is detected, you will be treated with antibiotics during labor.",Vaginal Swabs and STI Screening,"STIs, Group B Streptococcus, screening, antibiotics"
"Is vaginal bleeding after 14 weeks of pregnancy normal? What could cause bleeding in the second or third trimester, and when should you see a health professional?","Vaginal bleeding after the first trimester is not normal and should be evaluated by a health professional immediately. This bleeding could be due to issues like placenta problems, a miscarriage, or the onset of labor. While not all cases of bleeding indicate a risk to the pregnancy, it is essential to be assessed to ensure everything is progressing normally. Light bleeding after a gynecological exam is common due to the fragility of the cervix during pregnancy and does not require immediate evaluation.",Vaginal bleeding after 14 weeks of pregnancy,"Causes, consultation, and evaluation"
What causes vaginal bleeding before 14 weeks of pregnancy? When should you consult a health professional for bleeding during the first trimester? What are the signs of heavy bleeding or other complications that require immediate attention?,"Vaginal bleeding in the early stages of pregnancy is common and often occurs due to changes such as embryo implantation. Light bleeding in these cases is usually harmless and does not affect the pregnancy. However, if you experience bleeding during the first trimester, it's important to consult a health professional to assess the situation, especially for women with Rh-negative blood who may require immunoglobulin treatment. If the bleeding is heavy (soaking two regular pads or one maxi-pad per hour for two or three hours), or if accompanied by weakness, dizziness, or severe abdominal pain, go directly to the emergency room.",Vaginal bleeding in early pregnancy,"Bleeding causes, consultation, emergency situations"
"What causes varicose veins and swelling during pregnancy, and how can they be alleviated? When should you consult a doctor?","Varicose veins and swelling during pregnancy are caused by increased blood volume, pressure from the uterus, and restricted circulation, leading to fluid retention in the legs. Varicose veins are common in the legs, vulva, vagina, and anus. To relieve swelling, elevate your legs, sleep on your left side, get regular exercise, avoid prolonged sitting or standing, and wear compression socks. If swelling occurs in one leg only, is accompanied by severe pain, or spreads to other areas, seek medical advice promptly.",Varicose veins and swelling,"Causes, relief strategies, when to seek medical advice"
"The question of how to ensure proper intake of vegetables and fruits often arises during pregnancy, with concerns about how to incorporate them into daily meals.","Vegetables and fruits, especially colorful ones, are an essential and flavorful addition to your meals during pregnancy. Its recommended to include them in every meal and snack. They can be enjoyed fresh, frozen, canned, dried, or in sauces and compotes. These food items can easily be steamed, stir-fried, or roasted, and they can be added to soups, cooked dishes, smoothies, or even desserts, providing a wide range of nutrients and flavors to benefit both you and your baby.",Vegetables and Fruits During Pregnancy,The importance and versatility of vegetables and fruits in a pregnancy diet.
what is  Vernix caseosa,A whitish substance coating the skin of a newborn baby.,Vernix caseosa,Vernix caseosa definition
Why is it necessary to take vitamin and mineral supplements during pregnancy? What should a prenatal multivitamin contain?,"During pregnancy, the body's need for certain nutrients, such as iron and folic acid, significantly increases. While food is the best source of nutrients, it can be difficult to meet the required intake for these nutrients through diet alone. Therefore, it is recommended to take a prenatal multivitamin that includes 0.4 mg of folic acid and 16 to 20 mg of iron. It is suggested to begin taking the multivitamin two to three months before pregnancy and continue throughout pregnancy and postpartum. Some womens needs may vary, so consulting a healthcare professional for personalized recommendations is essential.",Vitamin and Mineral Supplements,"Increased nutrient requirements during pregnancy, the importance of prenatal supplements."
How does walking help during labor?,Walking eases the intensity of labor and supports steady progress.,Walking During Labor,Discussing the benefits of walking during the labor process.
Is walking recommended during labor?,Walking eases the intensity of labor and supports steady progress.,Walking During Labor,Discussing the benefits of walking during the labor process.
What role does walking play in labor?,Walking eases the intensity of labor and supports steady progress.,Walking During Labor,Discussing the benefits of walking during the labor process.
Why is walking beneficial during labor?,Walking eases the intensity of labor and supports steady progress.,Walking During Labor,Discussing the benefits of walking during the labor process.
Can I use salt water to wash my C-section incision?,It is not advisable to wash your C-section wound with salt water.,Washing C-Section Wound,Clarification on whether washing a C-section wound with salt water is recommended.
Is it okay to clean my C-section wound with salt water?,It is not advisable to wash your C-section wound with salt water.,Washing C-Section Wound,Clarification on whether washing a C-section wound with salt water is recommended.
Should I wash my C-section scar with salt water?,It is not advisable to wash your C-section wound with salt water.,Washing C-Section Wound,Clarification on whether washing a C-section wound with salt water is recommended.
How to promote successful breastfeeding right after birth.,"To make breastfeeding easier, it is beneficial to practice skin-to-skin contact with your newborn during the first hours after birth. This contact helps regulate the babys body temperature, calms them, and triggers the breastfeeding reflex, making it easier to initiate breastfeeding. The first feeding during this time can create a memory that helps the baby recall how to nurse in future sessions. If the baby is not ready to nurse immediately, expressing milk manually or using a spoon to offer a few drops can help start milk production and encourage the baby to begin breastfeeding.",Ways to make breastfeeding easier,Tips for initiating breastfeeding and improving the experience.
what is  Weaning,Gradual phasing out of breastfeeding.,Weaning,Weaning definition
"What should the partner bring to the hospital or birthing centre? What are the essential items for the baby, such as clothing, diapers, and a car seat?","The partner should pack comfortable clothes, shoes, and pyjamas, as well as a pillow, toiletries, and reading material. If they wish to join in the whirlpool during labour, a bathing suit is useful. Don't forget food, drinks, and a camera. For the baby, pack diapers (if not provided by the hospital), pyjamas, undershirts, bodysuits, a blanket, and a hat. Also, prepare a going-home outfit suitable for the season and an infant car seat, which is required for leaving the hospital by car.",What to bring for the partner and baby,Items to pack for the partner and baby during the hospital stay
"What are the essential items to bring to the hospital or birthing centre for the mother? Do I need health insurance proof, hospital cards, and pregnancy documents? Should I pack comfortable clothes, toiletries, and personal items like snacks and medication?","When preparing for your hospital or birthing centre stay, ensure you bring essential documents like your health insurance card, hospital card, pregnancy notebook, and birth plan. Pack comfortable clothes for both labour and post-delivery, along with toiletries, snacks, and any medications you're taking. Dont forget items for personal comfort during labour such as massage oil, extra pillows, and a hot water bottle. Other helpful items include your vaccination record, nursing bras, a going-home outfit, maxi pads, reading material, and a watch.",What to bring to the hospital or birthing centre,Items to pack for the mothers hospital stay
When should you head to the hospital or birthing center during labor? What are the signs that indicate it's time to go?,"You should go to the hospital or birthing center immediately if any of the following occurs-if it's your first delivery and you have regular contractions every five minutes or less for an hour, or if youve had previous deliveries and experience regular contractions every five minutes or less. If you live more than 30 minutes away, head to the hospital when contractions occur every ten minutes. Also, go if your water breaks, youre losing blood, or you no longer feel your baby move. Towards the end of your pregnancy, its important to consult with your doctor or midwife about when is the right time to go, considering factors like your health, previous deliveries, and how far you live from the hospital.",When to Go to the Hospital,"Contractions, water breaking, blood loss, lack of movement"
How does milk production change after childbirth?,"Between the second and fifth day after childbirth, milk production increases rapidly, and the milk becomes clearer in color. This process is referred to as your milk ""coming in"" and is triggered by hormonal changes. This happens for all women, regardless of whether they breastfeed or not. This increase in milk supply ensures that your baby receives the nutrients they need as they adjust to feeding outside the womb. For more information, refer to the section on milk production changes.","When your breast milk ""comes in""",The process of milk coming in after childbirth.
Pregnant women may inquire about incorporating whole grain foods into their diet and the variety of options available to maintain a nutritious and energy-rich diet.,"Whole grain foods are essential during pregnancy as they provide a primary source of energy. These include whole grain bread, pasta, oatmeal, and brown rice, along with less common options like quinoa, millet, wild rice, and spelt. Rich in carbohydrates, fiber, vitamins, and minerals, these foods are recommended with every meal to support maternal health and fetal development. Experimenting with different types of whole grains can add variety and nutritional richness to your pregnancy diet.",Whole Grain Foods During Pregnancy,Importance of whole grain foods as a primary energy source and their nutritional benefits during pregnancy.
What to do if you need an x-ray during pregnancy?,"If you require an x-ray during pregnancy, always inform your doctor or dentist that you are pregnant. They will assess whether the benefits of the x-ray outweigh any potential risks for you and your baby. Be sure to also inform the medical technician, so they can take necessary safety measures, such as having you wear a lead apron. Additionally, at your first prenatal appointment, mention any x-rays you may have had before you knew you were pregnant.","X-rays, Pregnancy","Safety precautions, potential risks of x-rays during pregnancy"
"Questions like ""Is it safe for pregnant women to travel to Zika-affected areas?"" or ""What precautions should I take regarding Zika during pregnancy?"" arise frequently among travelers and expectant mothers.","Pregnant women are advised to postpone travel to areas affected by the Zika virus due to the severe risks it poses to the baby, including birth defects like microcephaly. The virus is transmitted through mosquito bites and between sexual partners via bodily fluids. If travel is unavoidable, take precautions like using condoms or abstaining from sexual contact to minimize transmission risk. For the latest recommendations and updates, consult your health professional and visit quebec.ca/en/health/health-issues/a-z/zikavirus/ and canada.ca/en/public-health/services/diseases/zika-virus.html.",Zika Virus and Pregnancy,Guidelines and precautions for pregnant women regarding the risks associated with Zika virus exposure during travel.
What is the function of amniotic fluid?,Amniotic fluid plays a crucial role in your baby's growth and development. It helps by:,amniotic_fluid,The role of amniotic fluid during pregnancy.
What happens to the amniotic sac during labor?,"The amniotic fluid is contained within the amniotic sac, which is made up of two layers. Just before or during labor, the sac will break, causing the amniotic fluid to leak out. This event is commonly referred to as ""breaking the water.""",amniotic_sac,Description of the amniotic sac and its role during labor.
What does the bladder do?,The bladder is an organ that holds the urine produced by the kidneys.,bladder_function,The role of the bladder in urine storage.
What does the bladder do in males?,"The bladder holds the urine produced by the kidneys in males, storing it until it is ready to be expelled from the body.",bladder_male_function,The role of the bladder in male anatomy.
What does the cervix do during menstruation and labor?,"The cervix allows blood to flow during menstruation when it's almost closed, and during labor, it dilates to allow the baby to pass through.",cervix_function,The role of the cervix in menstruation and childbirth.
How is the due date calculated?,"To estimate your due date, count 280 days, or 40 complete weeks, from the first day of your last period. The expected due date is an approximate date.",due_date_estimation,How to estimate a pregnancy due date.
What is the function of the Fallopian tubes?,"The Fallopian tubes connect the uterus and ovaries, transporting eggs and playing a crucial role in fertilization.",fallopian_tube,The role of the Fallopian tubes in egg transport and fertilization.
How does fertilization occur?,"Fertilization occurs when a sperm and an egg meet. The sperm must cross the egg's outer layer, and once they fuse, they form a single cell.",fertilization_process,The process of fertilization when sperm and egg meet.
What are the stages of fetal development?,"Your baby constantly grows through several stages before being ready to live outside the uterus. These stages, or key moments, are based on the number of weeks from the last menstrual period and may differ from one woman to the next.",fetal_development_stages,The stages of fetal development during pregnancy.
What happens during the first trimester?,"In the first trimester, from conception to 14 weeks, the embryo undergoes significant development. At 5 weeks, the heart starts to beat. By 7 weeks, the head is larger than the rest of the body, arms and fingers begin to form, and eyes become visible. By 10 weeks, the embryo looks more human, with distinguishable facial features and forming toes and fingers. At this stage, the embryo is now a fetus, with all body parts in place but still growing and developing.",first_trimester,The development of the fetus in the first trimester.
What happens between 10 and 14 weeks of pregnancy?,"Between 10 and 14 weeks, the fetus grows larger, and skeletal bones begin to form. By 14 weeks, the fetus measures around 8.5 cm. While the genitals are not fully formed, they are developed enough to determine the sex of the baby. An ultrasound between 16 and 18 weeks can typically confirm the baby's sex.",first_trimester_ending,Development of the fetus between 10 and 14 weeks.
What hair changes might occur during pregnancy?,"During pregnancy, many women experience changes in hair growth. Some may notice increased body hair and a thicker, fuller head of hair. However, a few months after giving birth, it is common to experience more hair loss than usual as the body returns to its pre-pregnancy hormonal balance.","hair, pregnancy",Changes in hair growth during pregnancy.
"How do pregnancy-related changes affect the heart, blood vessels, and lungs?","During pregnancy, your heart rate may increase by up to 10 beats per minute, and your heart shifts slightly within your rib cage to accommodate the growing baby and expanding uterus. The volume of your blood increases to meet the fetus's needs. Pregnancy can also affect your breathing, causing mild shortness of breath, which usually starts gradually and remains mild. This is due to the physical changes happening in your body to support the pregnancy.","heart_blood_vessels_lungs, pregnancy",Changes in the cardiovascular and respiratory system during pregnancy.
"What causes hyperpigmentation during pregnancy, and how does it affect the skin?","Hyperpigmentation is a common condition during pregnancy where the skin darkens in certain areas. This can manifest as a dark line between the belly button and pubis, as well as darkening of the perineum, anus, neck, armpits, areolae, or around the belly button. The ""pregnancy mask"" or melasma results in brown patches on the face due to hyperpigmentation. Sun exposure can aggravate these conditions, so it's important to use sunscreen. These skin changes generally clear up after childbirth and usually disappear within a year.","hyperpigmentation, pregnancy",Hyperpigmentation and pregnancy mask during pregnancy.
What happens after fertilization?,"After fertilization, the egg develops and descends toward the uterus to form an embryo. It implants itself in the endometrium (the lining of the uterus) about seven days after ovulation.",implantation_process,The development of a fertilized egg and implantation in the uterus.
Can I have more than three ultrasound scans during my pregnancy?,"Typically, you'll have three ultrasound scans during your pregnancy: one in the first trimester, one in the second trimester, and one in the third trimester.",installation,Providing information about the number of ultrasound scans recommended during pregnancy.
How often should I get ultrasound scans during pregnancy?,"Typically, you'll have three ultrasound scans during your pregnancy: one in the first trimester, one in the second trimester, and one in the third trimester.",installation,Providing information about the number of ultrasound scans recommended during pregnancy.
Is it necessary to have multiple ultrasound scans during pregnancy?,"Typically, you'll have three ultrasound scans during your pregnancy: one in the first trimester, one in the second trimester, and one in the third trimester.",installation,Providing information about the number of ultrasound scans recommended during pregnancy.
When are ultrasound scans usually performed during pregnancy?,"Typically, you'll have three ultrasound scans during your pregnancy: one in the first trimester, one in the second trimester, and one in the third trimester.",installation,Providing information about the number of ultrasound scans recommended during pregnancy.
"What is menstruation, and when does it occur in a womans life?","Menstruation is part of the menstrual cycle, beginning at puberty around age 12 and ending with menopause around age 51.",menstrual cycle,Understanding the timeline of menstruation in a woman's life.
"What is menstruation, and when does it occur in a woman’s life?","Menstruation is part of the menstrual cycle, beginning at puberty around age 12 and ending with menopause around age 51.",menstrual cycle,Understanding the timeline of menstruation in a woman's life.
How can you determine the length of your menstrual cycle?,"Count the days from the start of one period to the day before the next period starts. Cycles typically last 2135 days, with 2830 days being the average.",menstrual cycle length,Calculating the duration of a menstrual cycle.
What happens during a menstrual cycle?,"The brain and pituitary gland release hormones that stimulate ovulation, preparing the body for possible fertilization.",menstrual_cycle_process,Hormonal and physiological changes during the menstrual cycle.
What happens during a miscarriage?,"In about one out of every six pregnancies, the embryo may not develop, or the baby's heart may stop beating early on. The uterus will then stop growing and expel its contents, ending the pregnancy in a miscarriage.",miscarriage,The occurrence of miscarriage in early pregnancy.
What do the ovaries do?,"The ovaries produce eggs and secrete female hormones, playing a key role in reproduction.",ovary_function,The role of ovaries in egg production and hormone secretion.
"What is the ovulation or fertile period, and how does it affect fertilization chances?","The ovulation or fertile period is when a woman is most likely to ovulate. If intercourse occurs during this time, theres a one in four chance of fertilization at age 20, and one in twenty at age 40. An egg must be fertilized within 12 hours, or it is discharged, and menstruation begins.",ovulation_period,Understanding the fertile period and chances of fertilization.
"What is ovulation, and what happens during this process?","Ovulation is when an ovary releases an egg, which is drawn into the fallopian tube. If it meets sperm, fertilization may occur. Women are born with about 400,000 eggs, which deplete by menopause.",ovulation_process,The release of eggs and its role in reproduction.
How can you estimate when ovulation will occur?,"To estimate ovulation, count 14 days backwards from the end of your menstrual cycle. Women with regular 28-day cycles usually ovulate on the 14th day, but it is harder to predict for those with irregular cycles.",ovulation_timing,Estimating ovulation based on the menstrual cycle.
What is the function of the pelvis bone during pregnancy?,"The pelvis bone supports the organs in the mothers abdomen, providing structural stability during pregnancy.",pelvis_bone,The role of the pelvis bone in supporting abdominal organs.
What are the physical changes that occur during pregnancy?,Pregnancy involves rapid physical changes in the body. Most of these changes are temporary and will gradually subside after the baby is born.,"physical_changes, pregnancy",Physical changes during pregnancy.
What is the role of the placenta and umbilical cord during pregnancy?,"The placenta starts growing as soon as the fertilized egg embeds itself in the uterus and is connected to the baby by the umbilical cord. The placenta and umbilical cord supply oxygen and nutrients to the fetus, while also helping to remove waste from the babys body. Additionally, the placenta secretes hormones needed to maintain the pregnancy and supports fetal growth. However, it doesn't filter all substances, and harmful substances such as alcohol and certain drugs can pass through to the fetus.","placenta, umbilical_cord",Function and importance of the placenta and umbilical cord during pregnancy.
"What changes does pregnancy bring, and how does it affect parents?","Pregnancy brings physical and emotional changes, preparing you for a new life. For parents, it is an exciting journey filled with both promise and natural concerns.",pregnancy experience,The emotional and physical journey of pregnancy.
What other skin changes can occur during pregnancy?,"During pregnancy, some women may experience additional skin changes, such as acne, which usually clears up after birth. Hormonal changes can also lead to the development of acrochordons, or skin tagssmall, benign growths typically found in skin folds like the neck and armpits. Another common occurrence is the formation of angiomas, which are small red patches on the skin caused by blood vessels. Angiomas typically develop between the second and fifth months of pregnancy but usually fade within three months after giving birth.","pregnancy skin changes, acne, skin tags, angiomas",Other skin changes during pregnancy.
How much weight should you gain during pregnancy?,"Weight gain during pregnancy is gradual and varies for each woman. During the first trimester, the gain is typically between 500g to 2kg (1 to 4.5 lbs), while the second and third trimesters see more substantial growth, with women typically gaining 225 to 500g (1/2 to 1 lb) per week. However, this can differ depending on factors like pre-pregnancy weight and whether the woman is carrying multiple babies. Regular monitoring by a prenatal care provider is crucial, so there's no need to weigh yourself at home unless advised. If you have concerns about your weight gain, it's important to discuss them with your care provider.","pregnancy weight, prenatal care, weight gain, multiple pregnancy",Monitoring weight gain during pregnancy
How does pregnancy affect bladder and kidney function?,"During pregnancy, both bladder and kidney function undergo changes. The kidneys increase in volume and filter more liquid, which can lead to a more frequent or urgent need to urinate. As the pregnancy progresses and the uterus expands, it places more pressure on the bladder, intensifying this urge. Additionally, many pregnant women experience increased urination at night. During the day, the body tends to retain water, which is redistributed to the kidneys when lying down, prompting more frequent nighttime trips to the bathroom.","pregnancy, bladder, kidneys, frequent urination",Changes in bladder and kidney function during pregnancy.
What changes occur in the breasts during pregnancy?,"During pregnancy, your breasts undergo several changes as they prepare for breastfeeding. Sensitivity and an increase in size are common, and blue veins may become more visible. The nipples and areolas also grow slightly and may darken, with bumps forming on the areolas. These bumps are glands that produce oil to keep the skin moisturized. Around 16 weeks, your breasts begin producing colostrum, the first milk for your baby, and some women may experience colostrum leakage, which is completely normal.","pregnancy, breasts, colostrum, breastfeeding, hormonal changes",Changes in the breasts during pregnancy in preparation for breastfeeding.
Why do women accumulate fat reserves during pregnancy?,"During pregnancy, women accumulate fat reserves, primarily in the tummy, back, and thighs. These reserves store energy and are essential for supporting the pregnancy and ensuring that breastfeeding goes smoothly after childbirth. This fat storage helps provide the necessary nutrients and energy for both the growing baby and the mother's body during this time.","pregnancy, fat reserves, energy storage, breastfeeding",Fat reserves during pregnancy
Why is weight gain during pregnancy important?,"Weight gain during pregnancy is essential for the health of both the mother and the baby, as it supports the growth and development of the fetus. However, its not just about gaining weight; maintaining a healthy diet and engaging in regular physical activity are also crucial factors. A balanced diet ensures that both you and your baby receive the necessary nutrients, while physical activity helps maintain overall health and well-being throughout the pregnancy.","pregnancy, healthy weight gain, diet, physical activity",Importance of healthy weight gain and lifestyle during pregnancy
How do ligaments and joints change during pregnancy?,"During pregnancy, hormonal changes cause the ligaments supporting your joints to gradually loosen, particularly in the pelvic area. This can result in pain, especially during physical activity, and in some cases, even while resting. This is a common discomfort that many women experience as their body prepares for childbirth.","pregnancy, ligaments, joints, hormonal changes",Effects of pregnancy on ligaments and joints
What digestive changes occur during pregnancy?,"During pregnancy, hormonal changes often slow down digestion, which can lead to discomfort. The slowing of digestion is commonly associated with heartburn, caused by the relaxation of the valve between the stomach and esophagus, allowing stomach acid to rise. Constipation also becomes a common issue as the digestive system works more slowly, and the growing uterus puts pressure on the intestines. These changes can result in discomfort, but they are common and typically subside after the pregnancy.","pregnancy, stomach, intestines, digestion, heartburn, constipation",How pregnancy affects digestion and causes heartburn and constipation.
How does pregnancy affect the uterus and posture?,"Before pregnancy, your uterus is about the size of a small pear. As pregnancy progresses, it expands to accommodate the growing fetus and changes in shape and position within the abdomen. The increasing weight of the uterus shifts your center of gravity forward, which can lead to changes in posture. This is why some women notice that they walk differently during pregnancy compared to before.","pregnancy, uterus, posture changes, body adjustments",Changes in the uterus during pregnancy and their impact on posture.
What changes occur in vaginal discharge during pregnancy?,"During pregnancy, women often experience increased vaginal discharge due to hormonal changes. The discharge is typically whitish in color, slick, and odorless. This is a normal occurrence and usually not a cause for concern unless it changes in color, odor, or consistency.","pregnancy, vaginal discharge, hormonal changes",Increased vaginal discharge during pregnancy
Why do women gain weight during pregnancy?,"Weight gain during pregnancy is a natural process as the body changes to support the growing baby. The weight gain includes the weight of the baby, the uterus, the placenta, and the amniotic fluid. Additionally, the body stores fat reserves for energy, and there is an increase in blood volume and extravascular fluids. All these factors contribute to the overall weight gain necessary for the health of both the mother and the baby during pregnancy.","pregnancy, weight gain, baby growth, maternal changes",Reasons for weight gain during pregnancy
How is the length of a pregnancy determined?,The length of a pregnancy is calculated from the first day of a womans last menstrual period because its virtually impossible to know the exact moment of fertilization.,pregnancy_length_calculation,How the length of pregnancy is calculated.
When should a woman take a pregnancy test?,"Most women take a pregnancy test when they realize their period is late. If the test is positive, it means that fertilization has occurred.",pregnancy_test,The role of a pregnancy test in confirming fertilization.
How is pregnancy divided?,"Pregnancy lasts a maximum of 42 weeks and is divided into three trimesters, each lasting 14 weeks. Each trimester corresponds to specific stages in the development of the fetus.",pregnancy_trimesters,The division of pregnancy into trimesters.
Why do health professionals refer to pregnancy in weeks?,"Health professionals refer to pregnancy in terms of weeks because it is more accurate than using calendar months. For example, when they say you are ""20 weeks pregnant,"" it means 20 full weeks have passed since the first day of your last menstrual period.",pregnancy_weeks,How pregnancy duration is measured in weeks.
What happens between 15 and 28 weeks of pregnancy?,"During the second trimester (15-28 weeks), your baby undergoes significant growth and development. At 16 weeks, the head is still large, but the trunk, arms, and legs begin to lengthen. By 20 weeks, you can feel the baby's movements. The baby is coated in vernix caseosa, a protective cream. At 22 weeks, the baby measures around 19 cm, and hair growth begins along with lanugo, a fine fuzz. Between 23-27 weeks, the baby gains weight, and at 24 weeks, they can hear low-frequency sounds. Around 26 weeks, eyebrows and eyelashes become visible, and by 28 weeks, the baby's eyes begin to open and become sensitive to light by 32 weeks.",second_trimester,Development of the fetus from 15 to 28 weeks.
What happens when a man ejaculates?,"During ejaculation, sperm from the seminal vesicles mix with fluids from the prostate and other glands of the male reproductive organs, forming semen.",semen_composition,The mixture of sperm and fluids during ejaculation.
How does pregnancy affect the skin?,"Pregnancy can cause various skin changes due to hormonal fluctuations. These may include changes in skin tone, the appearance of stretch marks, or increased oiliness or dryness of the skin and scalp. While these changes can be noticeable, they are usually temporary and should diminish or disappear after the baby is born.","skin, pregnancy",Skin changes during pregnancy.
"Where are sperm produced, and how long does it take for them to be ready for fertilization?","Sperm are produced in the testicles, where they undergo several stages. It takes about two and a half months for sperm to mature before they are stored in the seminal vesicles, ready for fertilization.",sperm_development,The process of sperm production and maturation.
"How many sperm are in semen, and how long can they live?",A single ejaculation contains between 20 million and 200 million sperm cells. Sperm can live 72 to 120 hours in a womans genital tract but only a few seconds outside it.,sperm_lifetime,The quantity of sperm in semen and their lifespan.
"When do men produce sperm, and how long does it last?","Men produce sperm starting at puberty, and sperm production continues throughout their lives until death.",sperm_production,The continuous process of sperm production in men.
"Where do stretch marks appear during pregnancy, and how can they be managed?","Stretch marks often develop during the second half of pregnancy, primarily on the tummy, breasts, thighs, armpits, lower back, buttocks, and arms. They occur when the deeper layer of skin stretches as the body changes. Initially, stretch marks may appear pinkish or purple, but they gradually fade over time. While there is no proven method to prevent or treat stretch marks effectively, massaging moisturizing cream into the skin may help reduce their appearance. However, the ingredients in the cream seem to have minimal impact on the marks themselves.","stretch marks, pregnancy",Stretch marks during pregnancy and their treatment.
When is a baby considered full-term?,Your baby is considered at term as of 37 weeks and could be born anytime between 37 and 42 weeks after your last menstrual period. Most babies are born between 39 and 41 weeks.,term_pregnancy,When a pregnancy is considered full-term.
What happens during the third trimester of pregnancy?,"In the third trimester (29 weeks to birth), your baby continues to grow and prepare for birth. At 30 weeks, the baby measures around 28 cm. By 36 weeks, the baby's skin becomes pinkish, and the fine downy hair (lanugo) begins to disappear, though it might remain until after birth. The baby also increases in size due to fat reserves. Between 37 and 41 weeks, the baby is fully developed and ready for delivery.",third_trimester,Development of the fetus from 29 weeks to birth.
How accurate is an ultrasound in determining the due date?,"An ultrasound performed before 20 weeks of pregnancy will give you a good idea of the due date, accurate to within 7 to 10 days.",ultrasound_due_date,The role of ultrasound in determining the due date.
What is the function of the uterus during pregnancy?,"The uterus is a muscular organ that grows as pregnancy progresses, providing a place for the embryo to develop.",uterus_function,The role of the uterus in pregnancy and embryo development.
What is the function of the vagina?,"The vagina is an 8 cm long passageway between the uterus and the vulva, and it is flexible and elastic, allowing it to stretch during intercourse and childbirth.",vagina_function,The structure and flexibility of the vagina.
